par_1,par_2,par_3,fluxo,score_total,score_medio,tipo_ciclo
PAR_012,PAR_075,PAR_117,PAR_012 → PAR_075 → PAR_117 → PAR_012,2.359,0.786,3_pares
PAR_003,PAR_012,PAR_075,PAR_003 → PAR_012 → PAR_075 → PAR_003,2.313,0.771,3_pares
PAR_003,PAR_012,PAR_094,PAR_003 → PAR_012 → PAR_094 → PAR_003,2.306,0.769,3_pares
PAR_069,PAR_075,PAR_117,PAR_069 → PAR_075 → PAR_117 → PAR_069,2.3,0.767,3_pares
PAR_037,PAR_075,PAR_117,PAR_037 → PAR_075 → PAR_117 → PAR_037,2.297,0.766,3_pares
PAR_003,PAR_075,PAR_055,PAR_003 → PAR_075 → PAR_055 → PAR_003,2.297,0.766,3_pares
PAR_037,PAR_070,PAR_093,PAR_037 → PAR_070 → PAR_093 → PAR_037,2.293,0.764,3_pares
PAR_037,PAR_057,PAR_075,PAR_037 → PAR_057 → PAR_075 → PAR_037,2.291,0.764,3_pares
PAR_055,PAR_069,PAR_075,PAR_055 → PAR_069 → PAR_075 → PAR_055,2.291,0.764,3_pares
PAR_070,PAR_093,PAR_075,PAR_070 → PAR_093 → PAR_075 → PAR_070,2.291,0.764,3_pares
PAR_012,PAR_037,PAR_117,PAR_012 → PAR_037 → PAR_117 → PAR_012,2.288,0.763,3_pares
PAR_052,PAR_080,PAR_075,PAR_052 → PAR_080 → PAR_075 → PAR_052,2.288,0.763,3_pares
PAR_037,PAR_075,PAR_055,PAR_037 → PAR_075 → PAR_055 → PAR_037,2.288,0.763,3_pares
PAR_005,PAR_037,PAR_075,PAR_005 → PAR_037 → PAR_075 → PAR_005,2.284,0.761,3_pares
PAR_015,PAR_055,PAR_090,PAR_015 → PAR_055 → PAR_090 → PAR_015,2.283,0.761,3_pares
PAR_037,PAR_075,PAR_069,PAR_037 → PAR_075 → PAR_069 → PAR_037,2.282,0.761,3_pares
PAR_003,PAR_015,PAR_055,PAR_003 → PAR_015 → PAR_055 → PAR_003,2.281,0.76,3_pares
PAR_012,PAR_037,PAR_057,PAR_012 → PAR_037 → PAR_057 → PAR_012,2.281,0.76,3_pares
PAR_003,PAR_012,PAR_021,PAR_003 → PAR_012 → PAR_021 → PAR_003,2.28,0.76,3_pares
PAR_003,PAR_012,PAR_069,PAR_003 → PAR_012 → PAR_069 → PAR_003,2.28,0.76,3_pares
PAR_012,PAR_075,PAR_014,PAR_012 → PAR_075 → PAR_014 → PAR_012,2.279,0.76,3_pares
PAR_012,PAR_075,PAR_057,PAR_012 → PAR_075 → PAR_057 → PAR_012,2.279,0.76,3_pares
PAR_012,PAR_075,PAR_070,PAR_012 → PAR_075 → PAR_070 → PAR_012,2.278,0.759,3_pares
PAR_003,PAR_037,PAR_012,PAR_003 → PAR_037 → PAR_012 → PAR_003,2.278,0.759,3_pares
PAR_003,PAR_037,PAR_036,PAR_003 → PAR_037 → PAR_036 → PAR_003,2.278,0.759,3_pares
PAR_046,PAR_069,PAR_075,PAR_046 → PAR_069 → PAR_075 → PAR_046,2.275,0.758,3_pares
PAR_003,PAR_092,PAR_028,PAR_003 → PAR_092 → PAR_028 → PAR_003,2.274,0.758,3_pares
PAR_012,PAR_094,PAR_057,PAR_012 → PAR_094 → PAR_057 → PAR_012,2.272,0.757,3_pares
PAR_003,PAR_012,PAR_061,PAR_003 → PAR_012 → PAR_061 → PAR_003,2.272,0.757,3_pares
PAR_015,PAR_055,PAR_037,PAR_015 → PAR_055 → PAR_037 → PAR_015,2.272,0.757,3_pares
PAR_012,PAR_069,PAR_037,PAR_012 → PAR_069 → PAR_037 → PAR_012,2.271,0.757,3_pares
PAR_003,PAR_075,PAR_117,PAR_003 → PAR_075 → PAR_117 → PAR_003,2.27,0.757,3_pares
PAR_012,PAR_069,PAR_075,PAR_012 → PAR_069 → PAR_075 → PAR_012,2.269,0.756,3_pares
PAR_014,PAR_037,PAR_070,PAR_014 → PAR_037 → PAR_070 → PAR_014,2.268,0.756,3_pares
PAR_012,PAR_037,PAR_075,PAR_012 → PAR_037 → PAR_075 → PAR_012,2.267,0.756,3_pares
PAR_014,PAR_075,PAR_070,PAR_014 → PAR_075 → PAR_070 → PAR_014,2.266,0.755,3_pares
PAR_012,PAR_109,PAR_046,PAR_012 → PAR_109 → PAR_046 → PAR_012,2.266,0.755,3_pares
PAR_046,PAR_080,PAR_075,PAR_046 → PAR_080 → PAR_075 → PAR_046,2.265,0.755,3_pares
PAR_003,PAR_037,PAR_057,PAR_003 → PAR_037 → PAR_057 → PAR_003,2.265,0.755,3_pares
PAR_012,PAR_061,PAR_037,PAR_012 → PAR_061 → PAR_037 → PAR_012,2.263,0.754,3_pares
PAR_005,PAR_037,PAR_070,PAR_005 → PAR_037 → PAR_070 → PAR_005,2.26,0.753,3_pares
PAR_012,PAR_094,PAR_037,PAR_012 → PAR_094 → PAR_037 → PAR_012,2.26,0.753,3_pares
PAR_012,PAR_075,PAR_046,PAR_012 → PAR_075 → PAR_046 → PAR_012,2.26,0.753,3_pares
PAR_003,PAR_012,PAR_015,PAR_003 → PAR_012 → PAR_015 → PAR_003,2.26,0.753,3_pares
PAR_012,PAR_094,PAR_073,PAR_012 → PAR_094 → PAR_073 → PAR_012,2.26,0.753,3_pares
PAR_037,PAR_057,PAR_069,PAR_037 → PAR_057 → PAR_069 → PAR_037,2.259,0.753,3_pares
PAR_012,PAR_075,PAR_080,PAR_012 → PAR_075 → PAR_080 → PAR_012,2.259,0.753,3_pares
PAR_057,PAR_069,PAR_075,PAR_057 → PAR_069 → PAR_075 → PAR_057,2.257,0.752,3_pares
PAR_003,PAR_094,PAR_057,PAR_003 → PAR_094 → PAR_057 → PAR_003,2.256,0.752,3_pares
PAR_061,PAR_075,PAR_117,PAR_061 → PAR_075 → PAR_117 → PAR_061,2.256,0.752,3_pares
PAR_069,PAR_075,PAR_070,PAR_069 → PAR_075 → PAR_070 → PAR_069,2.256,0.752,3_pares
PAR_012,PAR_109,PAR_117,PAR_012 → PAR_109 → PAR_117 → PAR_012,2.255,0.752,3_pares
PAR_014,PAR_037,PAR_075,PAR_014 → PAR_037 → PAR_075 → PAR_014,2.255,0.752,3_pares
PAR_069,PAR_075,PAR_090,PAR_069 → PAR_075 → PAR_090 → PAR_069,2.255,0.752,3_pares
PAR_046,PAR_117,PAR_075,PAR_046 → PAR_117 → PAR_075 → PAR_046,2.255,0.752,3_pares
PAR_003,PAR_069,PAR_075,PAR_003 → PAR_069 → PAR_075 → PAR_003,2.254,0.751,3_pares
PAR_003,PAR_094,PAR_055,PAR_003 → PAR_094 → PAR_055 → PAR_003,2.254,0.751,3_pares
PAR_075,PAR_117,PAR_094,PAR_075 → PAR_117 → PAR_094 → PAR_075,2.253,0.751,3_pares
PAR_012,PAR_075,PAR_028,PAR_012 → PAR_075 → PAR_028 → PAR_012,2.253,0.751,3_pares
PAR_037,PAR_075,PAR_070,PAR_037 → PAR_075 → PAR_070 → PAR_037,2.253,0.751,3_pares
PAR_003,PAR_037,PAR_075,PAR_003 → PAR_037 → PAR_075 → PAR_003,2.252,0.751,3_pares
PAR_012,PAR_109,PAR_052,PAR_012 → PAR_109 → PAR_052 → PAR_012,2.252,0.751,3_pares
PAR_003,PAR_012,PAR_090,PAR_003 → PAR_012 → PAR_090 → PAR_003,2.252,0.751,3_pares
PAR_055,PAR_069,PAR_061,PAR_055 → PAR_069 → PAR_061 → PAR_055,2.25,0.75,3_pares
PAR_057,PAR_075,PAR_061,PAR_057 → PAR_075 → PAR_061 → PAR_057,2.25,0.75,3_pares
PAR_046,PAR_057,PAR_075,PAR_046 → PAR_057 → PAR_075 → PAR_046,2.249,0.75,3_pares
PAR_012,PAR_109,PAR_014,PAR_012 → PAR_109 → PAR_014 → PAR_012,2.248,0.749,3_pares
PAR_012,PAR_109,PAR_057,PAR_012 → PAR_109 → PAR_057 → PAR_012,2.248,0.749,3_pares
PAR_070,PAR_093,PAR_094,PAR_070 → PAR_093 → PAR_094 → PAR_070,2.247,0.749,3_pares
PAR_012,PAR_021,PAR_057,PAR_012 → PAR_021 → PAR_057 → PAR_012,2.247,0.749,3_pares
PAR_012,PAR_109,PAR_070,PAR_012 → PAR_109 → PAR_070 → PAR_012,2.247,0.749,3_pares
PAR_003,PAR_037,PAR_080,PAR_003 → PAR_037 → PAR_080 → PAR_003,2.246,0.749,3_pares
PAR_055,PAR_061,PAR_075,PAR_055 → PAR_061 → PAR_075 → PAR_055,2.246,0.749,3_pares
PAR_012,PAR_075,PAR_052,PAR_012 → PAR_075 → PAR_052 → PAR_012,2.246,0.749,3_pares
PAR_015,PAR_055,PAR_070,PAR_015 → PAR_055 → PAR_070 → PAR_015,2.246,0.749,3_pares
PAR_070,PAR_080,PAR_075,PAR_070 → PAR_080 → PAR_075 → PAR_070,2.246,0.749,3_pares
PAR_070,PAR_094,PAR_073,PAR_070 → PAR_094 → PAR_073 → PAR_070,2.246,0.749,3_pares
PAR_003,PAR_092,PAR_080,PAR_003 → PAR_092 → PAR_080 → PAR_003,2.245,0.748,3_pares
PAR_037,PAR_075,PAR_093,PAR_037 → PAR_075 → PAR_093 → PAR_037,2.244,0.748,3_pares
PAR_003,PAR_094,PAR_073,PAR_003 → PAR_094 → PAR_073 → PAR_003,2.244,0.748,3_pares
PAR_012,PAR_037,PAR_014,PAR_012 → PAR_037 → PAR_014 → PAR_012,2.244,0.748,3_pares
PAR_003,PAR_075,PAR_080,PAR_003 → PAR_075 → PAR_080 → PAR_003,2.244,0.748,3_pares
PAR_012,PAR_094,PAR_117,PAR_012 → PAR_094 → PAR_117 → PAR_012,2.243,0.748,3_pares
PAR_012,PAR_037,PAR_070,PAR_012 → PAR_037 → PAR_070 → PAR_012,2.243,0.748,3_pares
PAR_003,PAR_051,PAR_055,PAR_003 → PAR_051 → PAR_055 → PAR_003,2.243,0.748,3_pares
PAR_005,PAR_012,PAR_109,PAR_005 → PAR_012 → PAR_109 → PAR_005,2.242,0.747,3_pares
PAR_003,PAR_037,PAR_018,PAR_003 → PAR_037 → PAR_018 → PAR_003,2.241,0.747,3_pares
PAR_012,PAR_075,PAR_090,PAR_012 → PAR_075 → PAR_090 → PAR_012,2.241,0.747,3_pares
PAR_061,PAR_069,PAR_075,PAR_061 → PAR_069 → PAR_075 → PAR_061,2.24,0.747,3_pares
PAR_028,PAR_075,PAR_070,PAR_028 → PAR_075 → PAR_070 → PAR_028,2.24,0.747,3_pares
PAR_012,PAR_061,PAR_057,PAR_012 → PAR_061 → PAR_057 → PAR_012,2.239,0.746,3_pares
PAR_012,PAR_061,PAR_014,PAR_012 → PAR_061 → PAR_014 → PAR_012,2.239,0.746,3_pares
PAR_003,PAR_075,PAR_018,PAR_003 → PAR_075 → PAR_018 → PAR_003,2.239,0.746,3_pares
PAR_021,PAR_092,PAR_080,PAR_021 → PAR_092 → PAR_080 → PAR_021,2.239,0.746,3_pares
PAR_003,PAR_075,PAR_036,PAR_003 → PAR_075 → PAR_036 → PAR_003,2.239,0.746,3_pares
PAR_003,PAR_094,PAR_080,PAR_003 → PAR_094 → PAR_080 → PAR_003,2.238,0.746,3_pares
PAR_003,PAR_012,PAR_034,PAR_003 → PAR_012 → PAR_034 → PAR_003,2.238,0.746,3_pares
PAR_015,PAR_055,PAR_069,PAR_015 → PAR_055 → PAR_069 → PAR_015,2.238,0.746,3_pares
PAR_012,PAR_015,PAR_028,PAR_012 → PAR_015 → PAR_028 → PAR_012,2.237,0.746,3_pares
PAR_003,PAR_075,PAR_028,PAR_003 → PAR_075 → PAR_028 → PAR_003,2.237,0.746,3_pares
PAR_046,PAR_061,PAR_109,PAR_046 → PAR_061 → PAR_109 → PAR_046,2.237,0.746,3_pares
PAR_037,PAR_075,PAR_061,PAR_037 → PAR_075 → PAR_061 → PAR_037,2.237,0.746,3_pares
PAR_069,PAR_075,PAR_080,PAR_069 → PAR_075 → PAR_080 → PAR_069,2.237,0.746,3_pares
PAR_037,PAR_075,PAR_046,PAR_037 → PAR_075 → PAR_046 → PAR_037,2.236,0.745,3_pares
PAR_003,PAR_070,PAR_055,PAR_003 → PAR_070 → PAR_055 → PAR_003,2.236,0.745,3_pares
PAR_037,PAR_103,PAR_057,PAR_037 → PAR_103 → PAR_057 → PAR_037,2.236,0.745,3_pares
PAR_012,PAR_109,PAR_073,PAR_012 → PAR_109 → PAR_073 → PAR_012,2.236,0.745,3_pares
PAR_012,PAR_094,PAR_014,PAR_012 → PAR_094 → PAR_014 → PAR_012,2.236,0.745,3_pares
PAR_005,PAR_012,PAR_075,PAR_005 → PAR_012 → PAR_075 → PAR_005,2.236,0.745,3_pares
PAR_003,PAR_037,PAR_117,PAR_003 → PAR_037 → PAR_117 → PAR_003,2.236,0.745,3_pares
PAR_037,PAR_120,PAR_094,PAR_037 → PAR_120 → PAR_094 → PAR_037,2.235,0.745,3_pares
PAR_037,PAR_075,PAR_080,PAR_037 → PAR_075 → PAR_080 → PAR_037,2.235,0.745,3_pares
PAR_012,PAR_075,PAR_109,PAR_012 → PAR_075 → PAR_109 → PAR_012,2.235,0.745,3_pares
PAR_075,PAR_117,PAR_090,PAR_075 → PAR_117 → PAR_090 → PAR_075,2.235,0.745,3_pares
PAR_012,PAR_021,PAR_037,PAR_012 → PAR_021 → PAR_037 → PAR_012,2.235,0.745,3_pares
PAR_057,PAR_075,PAR_103,PAR_057 → PAR_075 → PAR_103 → PAR_057,2.235,0.745,3_pares
PAR_052,PAR_057,PAR_075,PAR_052 → PAR_057 → PAR_075 → PAR_052,2.235,0.745,3_pares
PAR_012,PAR_094,PAR_070,PAR_012 → PAR_094 → PAR_070 → PAR_012,2.234,0.745,3_pares
PAR_003,PAR_094,PAR_036,PAR_003 → PAR_094 → PAR_036 → PAR_003,2.233,0.744,3_pares
PAR_051,PAR_055,PAR_075,PAR_051 → PAR_055 → PAR_075 → PAR_051,2.233,0.744,3_pares
PAR_075,PAR_120,PAR_094,PAR_075 → PAR_120 → PAR_094 → PAR_075,2.233,0.744,3_pares
PAR_012,PAR_037,PAR_073,PAR_012 → PAR_037 → PAR_073 → PAR_012,2.232,0.744,3_pares
PAR_012,PAR_061,PAR_109,PAR_012 → PAR_061 → PAR_109 → PAR_012,2.231,0.744,3_pares
PAR_046,PAR_061,PAR_075,PAR_046 → PAR_061 → PAR_075 → PAR_046,2.231,0.744,3_pares
PAR_061,PAR_094,PAR_073,PAR_061 → PAR_094 → PAR_073 → PAR_061,2.23,0.743,3_pares
PAR_021,PAR_055,PAR_070,PAR_021 → PAR_055 → PAR_070 → PAR_021,2.23,0.743,3_pares
PAR_012,PAR_109,PAR_101,PAR_012 → PAR_109 → PAR_101 → PAR_012,2.23,0.743,3_pares
PAR_003,PAR_094,PAR_028,PAR_003 → PAR_094 → PAR_028 → PAR_003,2.23,0.743,3_pares
PAR_037,PAR_057,PAR_090,PAR_037 → PAR_057 → PAR_090 → PAR_037,2.23,0.743,3_pares
PAR_037,PAR_057,PAR_070,PAR_037 → PAR_057 → PAR_070 → PAR_037,2.23,0.743,3_pares
PAR_015,PAR_055,PAR_061,PAR_015 → PAR_055 → PAR_061 → PAR_015,2.23,0.743,3_pares
PAR_028,PAR_037,PAR_075,PAR_028 → PAR_037 → PAR_075 → PAR_028,2.229,0.743,3_pares
PAR_012,PAR_061,PAR_069,PAR_012 → PAR_061 → PAR_069 → PAR_012,2.229,0.743,3_pares
PAR_037,PAR_117,PAR_069,PAR_037 → PAR_117 → PAR_069 → PAR_037,2.229,0.743,3_pares
PAR_012,PAR_075,PAR_064,PAR_012 → PAR_075 → PAR_064 → PAR_012,2.229,0.743,3_pares
PAR_003,PAR_021,PAR_055,PAR_003 → PAR_021 → PAR_055 → PAR_003,2.228,0.743,3_pares
PAR_012,PAR_109,PAR_080,PAR_012 → PAR_109 → PAR_080 → PAR_012,2.228,0.743,3_pares
PAR_037,PAR_070,PAR_055,PAR_037 → PAR_070 → PAR_055 → PAR_037,2.227,0.742,3_pares
PAR_037,PAR_039,PAR_094,PAR_037 → PAR_039 → PAR_094 → PAR_037,2.227,0.742,3_pares
PAR_012,PAR_061,PAR_073,PAR_012 → PAR_061 → PAR_073 → PAR_012,2.226,0.742,3_pares
PAR_003,PAR_075,PAR_057,PAR_003 → PAR_075 → PAR_057 → PAR_003,2.226,0.742,3_pares
PAR_055,PAR_090,PAR_075,PAR_055 → PAR_090 → PAR_075 → PAR_055,2.226,0.742,3_pares
PAR_055,PAR_075,PAR_070,PAR_055 → PAR_075 → PAR_070 → PAR_055,2.226,0.742,3_pares
PAR_014,PAR_061,PAR_070,PAR_014 → PAR_061 → PAR_070 → PAR_014,2.226,0.742,3_pares
PAR_012,PAR_061,PAR_075,PAR_012 → PAR_061 → PAR_075 → PAR_012,2.225,0.742,3_pares
PAR_012,PAR_094,PAR_069,PAR_012 → PAR_094 → PAR_069 → PAR_012,2.225,0.742,3_pares
PAR_046,PAR_117,PAR_109,PAR_046 → PAR_117 → PAR_109 → PAR_046,2.225,0.742,3_pares
PAR_069,PAR_075,PAR_103,PAR_069 → PAR_075 → PAR_103 → PAR_069,2.225,0.742,3_pares
PAR_045,PAR_080,PAR_075,PAR_045 → PAR_080 → PAR_075 → PAR_045,2.224,0.741,3_pares
PAR_003,PAR_092,PAR_055,PAR_003 → PAR_092 → PAR_055 → PAR_003,2.224,0.741,3_pares
PAR_012,PAR_037,PAR_080,PAR_012 → PAR_037 → PAR_080 → PAR_012,2.224,0.741,3_pares
PAR_052,PAR_069,PAR_075,PAR_052 → PAR_069 → PAR_075 → PAR_052,2.224,0.741,3_pares
PAR_012,PAR_075,PAR_101,PAR_012 → PAR_075 → PAR_101 → PAR_012,2.224,0.741,3_pares
PAR_028,PAR_061,PAR_092,PAR_028 → PAR_061 → PAR_092 → PAR_028,2.223,0.741,3_pares
PAR_018,PAR_080,PAR_075,PAR_018 → PAR_080 → PAR_075 → PAR_018,2.223,0.741,3_pares
PAR_021,PAR_037,PAR_057,PAR_021 → PAR_037 → PAR_057 → PAR_021,2.223,0.741,3_pares
PAR_026,PAR_055,PAR_061,PAR_026 → PAR_055 → PAR_061 → PAR_026,2.223,0.741,3_pares
PAR_028,PAR_075,PAR_046,PAR_028 → PAR_075 → PAR_046 → PAR_028,2.222,0.741,3_pares
PAR_012,PAR_094,PAR_075,PAR_012 → PAR_094 → PAR_075 → PAR_012,2.222,0.741,3_pares
PAR_057,PAR_070,PAR_094,PAR_057 → PAR_070 → PAR_094 → PAR_057,2.222,0.741,3_pares
PAR_012,PAR_109,PAR_028,PAR_012 → PAR_109 → PAR_028 → PAR_012,2.222,0.741,3_pares
PAR_034,PAR_075,PAR_117,PAR_034 → PAR_075 → PAR_117 → PAR_034,2.222,0.741,3_pares
PAR_057,PAR_090,PAR_094,PAR_057 → PAR_090 → PAR_094 → PAR_057,2.222,0.741,3_pares
PAR_021,PAR_070,PAR_093,PAR_021 → PAR_070 → PAR_093 → PAR_021,2.222,0.741,3_pares
PAR_037,PAR_075,PAR_052,PAR_037 → PAR_075 → PAR_052 → PAR_037,2.222,0.741,3_pares
PAR_003,PAR_015,PAR_028,PAR_003 → PAR_015 → PAR_028 → PAR_003,2.221,0.74,3_pares
PAR_029,PAR_075,PAR_055,PAR_029 → PAR_075 → PAR_055 → PAR_029,2.221,0.74,3_pares
PAR_021,PAR_057,PAR_075,PAR_021 → PAR_057 → PAR_075 → PAR_021,2.221,0.74,3_pares
PAR_037,PAR_117,PAR_061,PAR_037 → PAR_117 → PAR_061 → PAR_037,2.221,0.74,3_pares
PAR_037,PAR_070,PAR_069,PAR_037 → PAR_070 → PAR_069 → PAR_037,2.221,0.74,3_pares
PAR_037,PAR_090,PAR_069,PAR_037 → PAR_090 → PAR_069 → PAR_037,2.221,0.74,3_pares
PAR_069,PAR_070,PAR_093,PAR_069 → PAR_070 → PAR_093 → PAR_069,2.221,0.74,3_pares
PAR_014,PAR_069,PAR_075,PAR_014 → PAR_069 → PAR_075 → PAR_014,2.221,0.74,3_pares
PAR_028,PAR_094,PAR_092,PAR_028 → PAR_094 → PAR_092 → PAR_028,2.22,0.74,3_pares
PAR_003,PAR_090,PAR_094,PAR_003 → PAR_090 → PAR_094 → PAR_003,2.22,0.74,3_pares
PAR_003,PAR_070,PAR_080,PAR_003 → PAR_070 → PAR_080 → PAR_003,2.22,0.74,3_pares
PAR_012,PAR_061,PAR_080,PAR_012 → PAR_061 → PAR_080 → PAR_012,2.219,0.74,3_pares
PAR_003,PAR_070,PAR_094,PAR_003 → PAR_070 → PAR_094 → PAR_003,2.219,0.74,3_pares
PAR_055,PAR_070,PAR_094,PAR_055 → PAR_070 → PAR_094 → PAR_055,2.219,0.74,3_pares
PAR_012,PAR_061,PAR_094,PAR_012 → PAR_061 → PAR_094 → PAR_012,2.218,0.739,3_pares
PAR_003,PAR_021,PAR_092,PAR_003 → PAR_021 → PAR_092 → PAR_003,2.218,0.739,3_pares
PAR_037,PAR_117,PAR_094,PAR_037 → PAR_117 → PAR_094 → PAR_037,2.218,0.739,3_pares
PAR_028,PAR_075,PAR_045,PAR_028 → PAR_075 → PAR_045 → PAR_028,2.218,0.739,3_pares
PAR_021,PAR_092,PAR_055,PAR_021 → PAR_092 → PAR_055 → PAR_021,2.218,0.739,3_pares
PAR_037,PAR_070,PAR_096,PAR_037 → PAR_070 → PAR_096 → PAR_037,2.217,0.739,3_pares
PAR_005,PAR_037,PAR_109,PAR_005 → PAR_037 → PAR_109 → PAR_005,2.217,0.739,3_pares
PAR_057,PAR_069,PAR_061,PAR_057 → PAR_069 → PAR_061 → PAR_057,2.217,0.739,3_pares
PAR_012,PAR_021,PAR_117,PAR_012 → PAR_021 → PAR_117 → PAR_012,2.217,0.739,3_pares
PAR_018,PAR_028,PAR_075,PAR_018 → PAR_028 → PAR_075 → PAR_018,2.217,0.739,3_pares
PAR_037,PAR_073,PAR_070,PAR_037 → PAR_073 → PAR_070 → PAR_037,2.217,0.739,3_pares
PAR_012,PAR_094,PAR_080,PAR_012 → PAR_094 → PAR_080 → PAR_012,2.216,0.739,3_pares
PAR_051,PAR_080,PAR_075,PAR_051 → PAR_080 → PAR_075 → PAR_051,2.216,0.739,3_pares
PAR_003,PAR_037,PAR_073,PAR_003 → PAR_037 → PAR_073 → PAR_003,2.216,0.739,3_pares
PAR_037,PAR_075,PAR_090,PAR_037 → PAR_075 → PAR_090 → PAR_037,2.216,0.739,3_pares
PAR_003,PAR_012,PAR_114,PAR_003 → PAR_012 → PAR_114 → PAR_003,2.215,0.738,3_pares
PAR_075,PAR_103,PAR_080,PAR_075 → PAR_103 → PAR_080 → PAR_075,2.215,0.738,3_pares
PAR_061,PAR_090,PAR_069,PAR_061 → PAR_090 → PAR_069 → PAR_061,2.215,0.738,3_pares
PAR_003,PAR_070,PAR_036,PAR_003 → PAR_070 → PAR_036 → PAR_003,2.215,0.738,3_pares
PAR_003,PAR_070,PAR_012,PAR_003 → PAR_070 → PAR_012 → PAR_003,2.215,0.738,3_pares
PAR_003,PAR_070,PAR_018,PAR_003 → PAR_070 → PAR_018 → PAR_003,2.215,0.738,3_pares
PAR_061,PAR_070,PAR_093,PAR_061 → PAR_070 → PAR_093 → PAR_061,2.214,0.738,3_pares
PAR_005,PAR_069,PAR_075,PAR_005 → PAR_069 → PAR_075 → PAR_005,2.214,0.738,3_pares
PAR_037,PAR_046,PAR_057,PAR_037 → PAR_046 → PAR_057 → PAR_037,2.214,0.738,3_pares
PAR_014,PAR_061,PAR_037,PAR_014 → PAR_061 → PAR_037 → PAR_014,2.214,0.738,3_pares
PAR_001,PAR_003,PAR_070,PAR_001 → PAR_003 → PAR_070 → PAR_001,2.213,0.738,3_pares
PAR_037,PAR_070,PAR_061,PAR_037 → PAR_070 → PAR_061 → PAR_037,2.213,0.738,3_pares
PAR_014,PAR_061,PAR_075,PAR_014 → PAR_061 → PAR_075 → PAR_014,2.213,0.738,3_pares
PAR_003,PAR_069,PAR_061,PAR_003 → PAR_069 → PAR_061 → PAR_003,2.213,0.738,3_pares
PAR_015,PAR_028,PAR_037,PAR_015 → PAR_028 → PAR_037 → PAR_015,2.213,0.738,3_pares
PAR_003,PAR_070,PAR_028,PAR_003 → PAR_070 → PAR_028 → PAR_003,2.213,0.738,3_pares
PAR_061,PAR_075,PAR_070,PAR_061 → PAR_075 → PAR_070 → PAR_061,2.212,0.737,3_pares
PAR_061,PAR_073,PAR_070,PAR_061 → PAR_073 → PAR_070 → PAR_061,2.212,0.737,3_pares
PAR_012,PAR_061,PAR_028,PAR_012 → PAR_061 → PAR_028 → PAR_012,2.212,0.737,3_pares
PAR_014,PAR_094,PAR_037,PAR_014 → PAR_094 → PAR_037 → PAR_014,2.211,0.737,3_pares
PAR_014,PAR_075,PAR_046,PAR_014 → PAR_075 → PAR_046 → PAR_014,2.211,0.737,3_pares
PAR_052,PAR_080,PAR_061,PAR_052 → PAR_080 → PAR_061 → PAR_052,2.211,0.737,3_pares
PAR_037,PAR_070,PAR_080,PAR_037 → PAR_070 → PAR_080 → PAR_037,2.211,0.737,3_pares
PAR_012,PAR_109,PAR_090,PAR_012 → PAR_109 → PAR_090 → PAR_012,2.211,0.737,3_pares
PAR_080,PAR_090,PAR_092,PAR_080 → PAR_090 → PAR_092 → PAR_080,2.21,0.737,3_pares
PAR_028,PAR_075,PAR_051,PAR_028 → PAR_075 → PAR_051 → PAR_028,2.21,0.737,3_pares
PAR_012,PAR_075,PAR_103,PAR_012 → PAR_075 → PAR_103 → PAR_012,2.21,0.737,3_pares
PAR_012,PAR_021,PAR_014,PAR_012 → PAR_021 → PAR_014 → PAR_012,2.21,0.737,3_pares
PAR_003,PAR_094,PAR_069,PAR_003 → PAR_094 → PAR_069 → PAR_003,2.21,0.737,3_pares
PAR_014,PAR_094,PAR_075,PAR_014 → PAR_094 → PAR_075 → PAR_014,2.21,0.737,3_pares
PAR_073,PAR_090,PAR_094,PAR_073 → PAR_090 → PAR_094 → PAR_073,2.21,0.737,3_pares
PAR_026,PAR_080,PAR_075,PAR_026 → PAR_080 → PAR_075 → PAR_026,2.21,0.737,3_pares
PAR_003,PAR_090,PAR_015,PAR_003 → PAR_090 → PAR_015 → PAR_003,2.21,0.737,3_pares
PAR_037,PAR_070,PAR_094,PAR_037 → PAR_070 → PAR_094 → PAR_037,2.21,0.737,3_pares
PAR_037,PAR_073,PAR_069,PAR_037 → PAR_073 → PAR_069 → PAR_037,2.21,0.737,3_pares
PAR_069,PAR_075,PAR_093,PAR_069 → PAR_075 → PAR_093 → PAR_069,2.209,0.736,3_pares
PAR_012,PAR_021,PAR_070,PAR_012 → PAR_021 → PAR_070 → PAR_012,2.209,0.736,3_pares
PAR_070,PAR_094,PAR_075,PAR_070 → PAR_094 → PAR_075 → PAR_070,2.209,0.736,3_pares
PAR_012,PAR_094,PAR_028,PAR_012 → PAR_094 → PAR_028 → PAR_012,2.209,0.736,3_pares
PAR_012,PAR_069,PAR_090,PAR_012 → PAR_069 → PAR_090 → PAR_012,2.209,0.736,3_pares
PAR_028,PAR_075,PAR_103,PAR_028 → PAR_075 → PAR_103 → PAR_028,2.209,0.736,3_pares
PAR_003,PAR_075,PAR_061,PAR_003 → PAR_075 → PAR_061 → PAR_003,2.209,0.736,3_pares
PAR_003,PAR_109,PAR_012,PAR_003 → PAR_109 → PAR_012 → PAR_003,2.209,0.736,3_pares
PAR_012,PAR_015,PAR_101,PAR_012 → PAR_015 → PAR_101 → PAR_012,2.208,0.736,3_pares
PAR_046,PAR_069,PAR_109,PAR_046 → PAR_069 → PAR_109 → PAR_046,2.208,0.736,3_pares
PAR_051,PAR_055,PAR_070,PAR_051 → PAR_055 → PAR_070 → PAR_051,2.208,0.736,3_pares
PAR_003,PAR_037,PAR_039,PAR_003 → PAR_037 → PAR_039 → PAR_003,2.208,0.736,3_pares
PAR_003,PAR_075,PAR_046,PAR_003 → PAR_075 → PAR_046 → PAR_003,2.208,0.736,3_pares
PAR_046,PAR_055,PAR_075,PAR_046 → PAR_055 → PAR_075 → PAR_046,2.208,0.736,3_pares
PAR_012,PAR_069,PAR_070,PAR_012 → PAR_069 → PAR_070 → PAR_012,2.208,0.736,3_pares
PAR_012,PAR_037,PAR_090,PAR_012 → PAR_037 → PAR_090 → PAR_012,2.207,0.736,3_pares
PAR_003,PAR_094,PAR_075,PAR_003 → PAR_094 → PAR_075 → PAR_003,2.207,0.736,3_pares
PAR_005,PAR_037,PAR_046,PAR_005 → PAR_037 → PAR_046 → PAR_005,2.207,0.736,3_pares
PAR_026,PAR_080,PAR_061,PAR_026 → PAR_080 → PAR_061 → PAR_026,2.207,0.736,3_pares
PAR_069,PAR_075,PAR_120,PAR_069 → PAR_075 → PAR_120 → PAR_069,2.207,0.736,3_pares
PAR_014,PAR_061,PAR_094,PAR_014 → PAR_061 → PAR_094 → PAR_014,2.207,0.736,3_pares
PAR_012,PAR_015,PAR_080,PAR_012 → PAR_015 → PAR_080 → PAR_012,2.206,0.735,3_pares
PAR_061,PAR_094,PAR_070,PAR_061 → PAR_094 → PAR_070 → PAR_061,2.205,0.735,3_pares
PAR_037,PAR_075,PAR_120,PAR_037 → PAR_075 → PAR_120 → PAR_037,2.205,0.735,3_pares
PAR_037,PAR_073,PAR_075,PAR_037 → PAR_073 → PAR_075 → PAR_037,2.205,0.735,3_pares
PAR_028,PAR_037,PAR_070,PAR_028 → PAR_037 → PAR_070 → PAR_028,2.205,0.735,3_pares
PAR_037,PAR_075,PAR_099,PAR_037 → PAR_075 → PAR_099 → PAR_037,2.205,0.735,3_pares
PAR_037,PAR_075,PAR_064,PAR_037 → PAR_075 → PAR_064 → PAR_037,2.205,0.735,3_pares
PAR_012,PAR_034,PAR_014,PAR_012 → PAR_034 → PAR_014 → PAR_012,2.205,0.735,3_pares
PAR_037,PAR_046,PAR_069,PAR_037 → PAR_046 → PAR_069 → PAR_037,2.204,0.735,3_pares
PAR_055,PAR_070,PAR_058,PAR_055 → PAR_070 → PAR_058 → PAR_055,2.204,0.735,3_pares
PAR_061,PAR_073,PAR_069,PAR_061 → PAR_073 → PAR_069 → PAR_061,2.204,0.735,3_pares
PAR_026,PAR_028,PAR_075,PAR_026 → PAR_028 → PAR_075 → PAR_026,2.204,0.735,3_pares
PAR_052,PAR_117,PAR_075,PAR_052 → PAR_117 → PAR_075 → PAR_052,2.204,0.735,3_pares
PAR_001,PAR_003,PAR_037,PAR_001 → PAR_003 → PAR_037 → PAR_001,2.203,0.734,3_pares
PAR_037,PAR_068,PAR_070,PAR_037 → PAR_068 → PAR_070 → PAR_037,2.203,0.734,3_pares
PAR_055,PAR_061,PAR_094,PAR_055 → PAR_061 → PAR_094 → PAR_055,2.203,0.734,3_pares
PAR_012,PAR_021,PAR_109,PAR_012 → PAR_021 → PAR_109 → PAR_012,2.203,0.734,3_pares
PAR_007,PAR_012,PAR_061,PAR_007 → PAR_012 → PAR_061 → PAR_007,2.203,0.734,3_pares
PAR_069,PAR_075,PAR_101,PAR_069 → PAR_075 → PAR_101 → PAR_069,2.202,0.734,3_pares
PAR_026,PAR_055,PAR_070,PAR_026 → PAR_055 → PAR_070 → PAR_026,2.202,0.734,3_pares
PAR_012,PAR_069,PAR_109,PAR_012 → PAR_069 → PAR_109 → PAR_012,2.202,0.734,3_pares
PAR_037,PAR_039,PAR_069,PAR_037 → PAR_039 → PAR_069 → PAR_037,2.202,0.734,3_pares
PAR_037,PAR_080,PAR_069,PAR_037 → PAR_080 → PAR_069 → PAR_037,2.202,0.734,3_pares
PAR_001,PAR_003,PAR_075,PAR_001 → PAR_003 → PAR_075 → PAR_001,2.201,0.734,3_pares
PAR_003,PAR_034,PAR_018,PAR_003 → PAR_034 → PAR_018 → PAR_003,2.201,0.734,3_pares
PAR_012,PAR_029,PAR_037,PAR_012 → PAR_029 → PAR_037 → PAR_012,2.201,0.734,3_pares
PAR_037,PAR_073,PAR_061,PAR_037 → PAR_073 → PAR_061 → PAR_037,2.201,0.734,3_pares
PAR_026,PAR_028,PAR_061,PAR_026 → PAR_028 → PAR_061 → PAR_026,2.201,0.734,3_pares
PAR_012,PAR_061,PAR_090,PAR_012 → PAR_061 → PAR_090 → PAR_012,2.201,0.734,3_pares
PAR_012,PAR_061,PAR_070,PAR_012 → PAR_061 → PAR_070 → PAR_012,2.201,0.734,3_pares
PAR_037,PAR_117,PAR_090,PAR_037 → PAR_117 → PAR_090 → PAR_037,2.2,0.733,3_pares
PAR_046,PAR_093,PAR_075,PAR_046 → PAR_093 → PAR_075 → PAR_046,2.2,0.733,3_pares
PAR_024,PAR_069,PAR_075,PAR_024 → PAR_069 → PAR_075 → PAR_024,2.2,0.733,3_pares
PAR_037,PAR_117,PAR_070,PAR_037 → PAR_117 → PAR_070 → PAR_037,2.2,0.733,3_pares
PAR_012,PAR_037,PAR_109,PAR_012 → PAR_037 → PAR_109 → PAR_012,2.2,0.733,3_pares
PAR_061,PAR_073,PAR_075,PAR_061 → PAR_073 → PAR_075 → PAR_061,2.2,0.733,3_pares
PAR_012,PAR_021,PAR_069,PAR_012 → PAR_021 → PAR_069 → PAR_012,2.2,0.733,3_pares
PAR_003,PAR_037,PAR_015,PAR_003 → PAR_037 → PAR_015 → PAR_003,2.199,0.733,3_pares
PAR_046,PAR_069,PAR_061,PAR_046 → PAR_069 → PAR_061 → PAR_046,2.199,0.733,3_pares
PAR_003,PAR_094,PAR_039,PAR_003 → PAR_094 → PAR_039 → PAR_003,2.199,0.733,3_pares
PAR_046,PAR_073,PAR_075,PAR_046 → PAR_073 → PAR_075 → PAR_046,2.199,0.733,3_pares
PAR_061,PAR_068,PAR_070,PAR_061 → PAR_068 → PAR_070 → PAR_061,2.199,0.733,3_pares
PAR_003,PAR_094,PAR_024,PAR_003 → PAR_094 → PAR_024 → PAR_003,2.199,0.733,3_pares
PAR_037,PAR_073,PAR_094,PAR_037 → PAR_073 → PAR_094 → PAR_037,2.198,0.733,3_pares
PAR_012,PAR_021,PAR_073,PAR_012 → PAR_021 → PAR_073 → PAR_012,2.198,0.733,3_pares
PAR_012,PAR_090,PAR_094,PAR_012 → PAR_090 → PAR_094 → PAR_012,2.198,0.733,3_pares
PAR_014,PAR_069,PAR_070,PAR_014 → PAR_069 → PAR_070 → PAR_014,2.197,0.732,3_pares
PAR_037,PAR_051,PAR_055,PAR_037 → PAR_051 → PAR_055 → PAR_037,2.197,0.732,3_pares
PAR_061,PAR_080,PAR_069,PAR_061 → PAR_080 → PAR_069 → PAR_061,2.197,0.732,3_pares
PAR_024,PAR_037,PAR_075,PAR_024 → PAR_037 → PAR_075 → PAR_024,2.197,0.732,3_pares
PAR_021,PAR_057,PAR_070,PAR_021 → PAR_057 → PAR_070 → PAR_021,2.197,0.732,3_pares
PAR_037,PAR_046,PAR_061,PAR_037 → PAR_046 → PAR_061 → PAR_037,2.196,0.732,3_pares
PAR_012,PAR_021,PAR_075,PAR_012 → PAR_021 → PAR_075 → PAR_012,2.196,0.732,3_pares
PAR_028,PAR_061,PAR_065,PAR_028 → PAR_061 → PAR_065 → PAR_028,2.196,0.732,3_pares
PAR_061,PAR_094,PAR_069,PAR_061 → PAR_094 → PAR_069 → PAR_061,2.196,0.732,3_pares
PAR_005,PAR_012,PAR_061,PAR_005 → PAR_012 → PAR_061 → PAR_005,2.196,0.732,3_pares
PAR_015,PAR_101,PAR_090,PAR_015 → PAR_101 → PAR_090 → PAR_015,2.195,0.732,3_pares
PAR_055,PAR_070,PAR_109,PAR_055 → PAR_070 → PAR_109 → PAR_055,2.195,0.732,3_pares
PAR_026,PAR_103,PAR_061,PAR_026 → PAR_103 → PAR_061 → PAR_026,2.195,0.732,3_pares
PAR_037,PAR_068,PAR_069,PAR_037 → PAR_068 → PAR_069 → PAR_037,2.195,0.732,3_pares
PAR_037,PAR_070,PAR_058,PAR_037 → PAR_070 → PAR_058 → PAR_037,2.195,0.732,3_pares
PAR_003,PAR_021,PAR_057,PAR_003 → PAR_021 → PAR_057 → PAR_003,2.194,0.731,3_pares
PAR_007,PAR_057,PAR_034,PAR_007 → PAR_057 → PAR_034 → PAR_007,2.194,0.731,3_pares
PAR_037,PAR_080,PAR_061,PAR_037 → PAR_080 → PAR_061 → PAR_037,2.194,0.731,3_pares
PAR_001,PAR_003,PAR_094,PAR_001 → PAR_003 → PAR_094 → PAR_001,2.194,0.731,3_pares
PAR_037,PAR_046,PAR_080,PAR_037 → PAR_046 → PAR_080 → PAR_037,2.194,0.731,3_pares
PAR_069,PAR_070,PAR_090,PAR_069 → PAR_070 → PAR_090 → PAR_069,2.194,0.731,3_pares
PAR_003,PAR_075,PAR_052,PAR_003 → PAR_075 → PAR_052 → PAR_003,2.194,0.731,3_pares
PAR_070,PAR_093,PAR_090,PAR_070 → PAR_093 → PAR_090 → PAR_070,2.194,0.731,3_pares
PAR_052,PAR_055,PAR_075,PAR_052 → PAR_055 → PAR_075 → PAR_052,2.194,0.731,3_pares
PAR_012,PAR_021,PAR_061,PAR_012 → PAR_021 → PAR_061 → PAR_012,2.193,0.731,3_pares
PAR_055,PAR_069,PAR_070,PAR_055 → PAR_069 → PAR_070 → PAR_055,2.193,0.731,3_pares
PAR_012,PAR_075,PAR_097,PAR_012 → PAR_075 → PAR_097 → PAR_012,2.193,0.731,3_pares
PAR_003,PAR_109,PAR_055,PAR_003 → PAR_109 → PAR_055 → PAR_003,2.193,0.731,3_pares
PAR_003,PAR_037,PAR_026,PAR_003 → PAR_037 → PAR_026 → PAR_003,2.193,0.731,3_pares
PAR_003,PAR_069,PAR_090,PAR_003 → PAR_069 → PAR_090 → PAR_003,2.193,0.731,3_pares
PAR_003,PAR_070,PAR_021,PAR_003 → PAR_070 → PAR_021 → PAR_003,2.193,0.731,3_pares
PAR_061,PAR_075,PAR_080,PAR_061 → PAR_075 → PAR_080 → PAR_061,2.193,0.731,3_pares
PAR_068,PAR_069,PAR_075,PAR_068 → PAR_069 → PAR_075 → PAR_068,2.193,0.731,3_pares
PAR_061,PAR_092,PAR_080,PAR_061 → PAR_092 → PAR_080 → PAR_061,2.193,0.731,3_pares
PAR_061,PAR_094,PAR_075,PAR_061 → PAR_094 → PAR_075 → PAR_061,2.193,0.731,3_pares
PAR_003,PAR_070,PAR_069,PAR_003 → PAR_070 → PAR_069 → PAR_003,2.193,0.731,3_pares
PAR_005,PAR_037,PAR_103,PAR_005 → PAR_037 → PAR_103 → PAR_005,2.193,0.731,3_pares
PAR_037,PAR_070,PAR_085,PAR_037 → PAR_070 → PAR_085 → PAR_037,2.193,0.731,3_pares
PAR_015,PAR_080,PAR_090,PAR_015 → PAR_080 → PAR_090 → PAR_015,2.193,0.731,3_pares
PAR_037,PAR_070,PAR_090,PAR_037 → PAR_070 → PAR_090 → PAR_037,2.192,0.731,3_pares
PAR_012,PAR_075,PAR_099,PAR_012 → PAR_075 → PAR_099 → PAR_012,2.192,0.731,3_pares
PAR_005,PAR_070,PAR_109,PAR_005 → PAR_070 → PAR_109 → PAR_005,2.192,0.731,3_pares
PAR_057,PAR_090,PAR_075,PAR_057 → PAR_090 → PAR_075 → PAR_057,2.192,0.731,3_pares
PAR_012,PAR_021,PAR_046,PAR_012 → PAR_021 → PAR_046 → PAR_012,2.192,0.731,3_pares
PAR_012,PAR_034,PAR_037,PAR_012 → PAR_034 → PAR_037 → PAR_012,2.192,0.731,3_pares
PAR_026,PAR_055,PAR_037,PAR_026 → PAR_055 → PAR_037 → PAR_026,2.192,0.731,3_pares
PAR_003,PAR_037,PAR_085,PAR_003 → PAR_037 → PAR_085 → PAR_003,2.191,0.73,3_pares
PAR_037,PAR_070,PAR_110,PAR_037 → PAR_070 → PAR_110 → PAR_037,2.191,0.73,3_pares
PAR_070,PAR_090,PAR_075,PAR_070 → PAR_090 → PAR_075 → PAR_070,2.191,0.73,3_pares
PAR_003,PAR_015,PAR_080,PAR_003 → PAR_015 → PAR_080 → PAR_003,2.191,0.73,3_pares
PAR_003,PAR_037,PAR_090,PAR_003 → PAR_037 → PAR_090 → PAR_003,2.191,0.73,3_pares
PAR_003,PAR_094,PAR_117,PAR_003 → PAR_094 → PAR_117 → PAR_003,2.191,0.73,3_pares
PAR_003,PAR_090,PAR_092,PAR_003 → PAR_090 → PAR_092 → PAR_003,2.19,0.73,3_pares
PAR_003,PAR_075,PAR_026,PAR_003 → PAR_075 → PAR_026 → PAR_003,2.19,0.73,3_pares
PAR_012,PAR_021,PAR_080,PAR_012 → PAR_021 → PAR_080 → PAR_012,2.19,0.73,3_pares
PAR_026,PAR_055,PAR_075,PAR_026 → PAR_055 → PAR_075 → PAR_026,2.19,0.73,3_pares
PAR_061,PAR_068,PAR_069,PAR_061 → PAR_068 → PAR_069 → PAR_061,2.19,0.73,3_pares
PAR_037,PAR_068,PAR_075,PAR_037 → PAR_068 → PAR_075 → PAR_037,2.19,0.73,3_pares
PAR_005,PAR_021,PAR_070,PAR_005 → PAR_021 → PAR_070 → PAR_005,2.19,0.73,3_pares
PAR_037,PAR_103,PAR_069,PAR_037 → PAR_103 → PAR_069 → PAR_037,2.19,0.73,3_pares
PAR_021,PAR_075,PAR_117,PAR_021 → PAR_075 → PAR_117 → PAR_021,2.19,0.73,3_pares
PAR_003,PAR_051,PAR_080,PAR_003 → PAR_051 → PAR_080 → PAR_003,2.19,0.73,3_pares
PAR_052,PAR_080,PAR_070,PAR_052 → PAR_080 → PAR_070 → PAR_052,2.19,0.73,3_pares
PAR_037,PAR_045,PAR_080,PAR_037 → PAR_045 → PAR_080 → PAR_037,2.189,0.73,3_pares
PAR_055,PAR_090,PAR_092,PAR_055 → PAR_090 → PAR_092 → PAR_055,2.189,0.73,3_pares
PAR_046,PAR_080,PAR_061,PAR_046 → PAR_080 → PAR_061 → PAR_046,2.189,0.73,3_pares
PAR_057,PAR_070,PAR_061,PAR_057 → PAR_070 → PAR_061 → PAR_057,2.189,0.73,3_pares
PAR_037,PAR_103,PAR_093,PAR_037 → PAR_103 → PAR_093 → PAR_037,2.189,0.73,3_pares
PAR_012,PAR_037,PAR_046,PAR_012 → PAR_037 → PAR_046 → PAR_012,2.189,0.73,3_pares
PAR_028,PAR_034,PAR_092,PAR_028 → PAR_034 → PAR_092 → PAR_028,2.189,0.73,3_pares
PAR_012,PAR_037,PAR_101,PAR_012 → PAR_037 → PAR_101 → PAR_012,2.189,0.73,3_pares
PAR_012,PAR_037,PAR_053,PAR_012 → PAR_037 → PAR_053 → PAR_012,2.188,0.729,3_pares
PAR_021,PAR_057,PAR_069,PAR_021 → PAR_057 → PAR_069 → PAR_021,2.188,0.729,3_pares
PAR_003,PAR_075,PAR_090,PAR_003 → PAR_075 → PAR_090 → PAR_003,2.188,0.729,3_pares
PAR_029,PAR_037,PAR_057,PAR_029 → PAR_037 → PAR_057 → PAR_029,2.188,0.729,3_pares
PAR_046,PAR_061,PAR_094,PAR_046 → PAR_061 → PAR_094 → PAR_046,2.188,0.729,3_pares
PAR_018,PAR_080,PAR_037,PAR_018 → PAR_080 → PAR_037 → PAR_018,2.188,0.729,3_pares
PAR_029,PAR_037,PAR_070,PAR_029 → PAR_037 → PAR_070 → PAR_029,2.187,0.729,3_pares
PAR_037,PAR_109,PAR_057,PAR_037 → PAR_109 → PAR_057 → PAR_037,2.187,0.729,3_pares
PAR_034,PAR_037,PAR_117,PAR_034 → PAR_037 → PAR_117 → PAR_034,2.187,0.729,3_pares
PAR_028,PAR_061,PAR_075,PAR_028 → PAR_061 → PAR_075 → PAR_028,2.187,0.729,3_pares
PAR_037,PAR_068,PAR_061,PAR_037 → PAR_068 → PAR_061 → PAR_037,2.187,0.729,3_pares
PAR_058,PAR_094,PAR_070,PAR_058 → PAR_094 → PAR_070 → PAR_058,2.187,0.729,3_pares
PAR_075,PAR_103,PAR_093,PAR_075 → PAR_103 → PAR_093 → PAR_075,2.187,0.729,3_pares
PAR_061,PAR_094,PAR_080,PAR_061 → PAR_094 → PAR_080 → PAR_061,2.187,0.729,3_pares
PAR_003,PAR_111,PAR_055,PAR_003 → PAR_111 → PAR_055 → PAR_003,2.187,0.729,3_pares
PAR_070,PAR_093,PAR_109,PAR_070 → PAR_093 → PAR_109 → PAR_070,2.187,0.729,3_pares
PAR_052,PAR_061,PAR_109,PAR_052 → PAR_061 → PAR_109 → PAR_052,2.186,0.729,3_pares
PAR_029,PAR_075,PAR_070,PAR_029 → PAR_075 → PAR_070 → PAR_029,2.186,0.729,3_pares
PAR_037,PAR_075,PAR_103,PAR_037 → PAR_075 → PAR_103 → PAR_037,2.186,0.729,3_pares
PAR_070,PAR_109,PAR_073,PAR_070 → PAR_109 → PAR_073 → PAR_070,2.186,0.729,3_pares
PAR_057,PAR_075,PAR_109,PAR_057 → PAR_075 → PAR_109 → PAR_057,2.186,0.729,3_pares
PAR_005,PAR_075,PAR_070,PAR_005 → PAR_075 → PAR_070 → PAR_005,2.186,0.729,3_pares
PAR_061,PAR_068,PAR_075,PAR_061 → PAR_068 → PAR_075 → PAR_061,2.186,0.729,3_pares
PAR_014,PAR_069,PAR_037,PAR_014 → PAR_069 → PAR_037 → PAR_014,2.186,0.729,3_pares
PAR_052,PAR_093,PAR_075,PAR_052 → PAR_093 → PAR_075 → PAR_052,2.186,0.729,3_pares
PAR_070,PAR_109,PAR_075,PAR_070 → PAR_109 → PAR_075 → PAR_070,2.185,0.728,3_pares
PAR_012,PAR_094,PAR_064,PAR_012 → PAR_094 → PAR_064 → PAR_012,2.185,0.728,3_pares
PAR_003,PAR_070,PAR_061,PAR_003 → PAR_070 → PAR_061 → PAR_003,2.185,0.728,3_pares
PAR_069,PAR_075,PAR_102,PAR_069 → PAR_075 → PAR_102 → PAR_069,2.185,0.728,3_pares
PAR_021,PAR_055,PAR_069,PAR_021 → PAR_055 → PAR_069 → PAR_021,2.185,0.728,3_pares
PAR_055,PAR_061,PAR_070,PAR_055 → PAR_061 → PAR_070 → PAR_055,2.185,0.728,3_pares
PAR_021,PAR_037,PAR_070,PAR_021 → PAR_037 → PAR_070 → PAR_021,2.185,0.728,3_pares
PAR_012,PAR_061,PAR_046,PAR_012 → PAR_061 → PAR_046 → PAR_012,2.184,0.728,3_pares
PAR_003,PAR_094,PAR_026,PAR_003 → PAR_094 → PAR_026 → PAR_003,2.184,0.728,3_pares
PAR_021,PAR_073,PAR_070,PAR_021 → PAR_073 → PAR_070 → PAR_021,2.184,0.728,3_pares
PAR_039,PAR_094,PAR_046,PAR_039 → PAR_094 → PAR_046 → PAR_039,2.184,0.728,3_pares
PAR_005,PAR_021,PAR_109,PAR_005 → PAR_021 → PAR_109 → PAR_005,2.184,0.728,3_pares
PAR_028,PAR_094,PAR_075,PAR_028 → PAR_094 → PAR_075 → PAR_028,2.184,0.728,3_pares
PAR_012,PAR_021,PAR_028,PAR_012 → PAR_021 → PAR_028 → PAR_012,2.184,0.728,3_pares
PAR_070,PAR_090,PAR_094,PAR_070 → PAR_090 → PAR_094 → PAR_070,2.184,0.728,3_pares
PAR_055,PAR_090,PAR_094,PAR_055 → PAR_090 → PAR_094 → PAR_055,2.183,0.728,3_pares
PAR_021,PAR_075,PAR_070,PAR_021 → PAR_075 → PAR_070 → PAR_021,2.183,0.728,3_pares
PAR_037,PAR_046,PAR_117,PAR_037 → PAR_046 → PAR_117 → PAR_037,2.183,0.728,3_pares
PAR_028,PAR_037,PAR_045,PAR_028 → PAR_037 → PAR_045 → PAR_028,2.183,0.728,3_pares
PAR_003,PAR_075,PAR_005,PAR_003 → PAR_075 → PAR_005 → PAR_003,2.183,0.728,3_pares
PAR_018,PAR_080,PAR_061,PAR_018 → PAR_080 → PAR_061 → PAR_018,2.183,0.728,3_pares
PAR_003,PAR_051,PAR_028,PAR_003 → PAR_051 → PAR_028 → PAR_003,2.183,0.728,3_pares
PAR_055,PAR_061,PAR_065,PAR_055 → PAR_061 → PAR_065 → PAR_055,2.182,0.727,3_pares
PAR_005,PAR_070,PAR_061,PAR_005 → PAR_070 → PAR_061 → PAR_005,2.182,0.727,3_pares
PAR_012,PAR_061,PAR_053,PAR_012 → PAR_061 → PAR_053 → PAR_012,2.182,0.727,3_pares
PAR_014,PAR_061,PAR_109,PAR_014 → PAR_061 → PAR_109 → PAR_014,2.182,0.727,3_pares
PAR_015,PAR_080,PAR_037,PAR_015 → PAR_080 → PAR_037 → PAR_015,2.182,0.727,3_pares
PAR_021,PAR_055,PAR_037,PAR_021 → PAR_055 → PAR_037 → PAR_021,2.182,0.727,3_pares
PAR_003,PAR_094,PAR_085,PAR_003 → PAR_094 → PAR_085 → PAR_003,2.182,0.727,3_pares
PAR_018,PAR_028,PAR_037,PAR_018 → PAR_028 → PAR_037 → PAR_018,2.182,0.727,3_pares
PAR_003,PAR_037,PAR_021,PAR_003 → PAR_037 → PAR_021 → PAR_003,2.182,0.727,3_pares
PAR_061,PAR_102,PAR_069,PAR_061 → PAR_102 → PAR_069 → PAR_061,2.181,0.727,3_pares
PAR_057,PAR_075,PAR_099,PAR_057 → PAR_075 → PAR_099 → PAR_057,2.181,0.727,3_pares
PAR_021,PAR_061,PAR_057,PAR_021 → PAR_061 → PAR_057 → PAR_021,2.181,0.727,3_pares
PAR_021,PAR_055,PAR_075,PAR_021 → PAR_055 → PAR_075 → PAR_021,2.181,0.727,3_pares
PAR_037,PAR_070,PAR_120,PAR_037 → PAR_070 → PAR_120 → PAR_037,2.181,0.727,3_pares
PAR_003,PAR_070,PAR_039,PAR_003 → PAR_070 → PAR_039 → PAR_003,2.181,0.727,3_pares
PAR_037,PAR_073,PAR_090,PAR_037 → PAR_073 → PAR_090 → PAR_037,2.181,0.727,3_pares
PAR_012,PAR_090,PAR_070,PAR_012 → PAR_090 → PAR_070 → PAR_012,2.181,0.727,3_pares
PAR_014,PAR_069,PAR_061,PAR_014 → PAR_069 → PAR_061 → PAR_014,2.181,0.727,3_pares
PAR_021,PAR_046,PAR_057,PAR_021 → PAR_046 → PAR_057 → PAR_021,2.181,0.727,3_pares
PAR_037,PAR_070,PAR_064,PAR_037 → PAR_070 → PAR_064 → PAR_037,2.181,0.727,3_pares
PAR_057,PAR_092,PAR_099,PAR_057 → PAR_092 → PAR_099 → PAR_057,2.181,0.727,3_pares
PAR_057,PAR_075,PAR_064,PAR_057 → PAR_075 → PAR_064 → PAR_057,2.181,0.727,3_pares
PAR_028,PAR_061,PAR_094,PAR_028 → PAR_061 → PAR_094 → PAR_028,2.18,0.727,3_pares
PAR_037,PAR_103,PAR_080,PAR_037 → PAR_103 → PAR_080 → PAR_037,2.18,0.727,3_pares
PAR_003,PAR_037,PAR_096,PAR_003 → PAR_037 → PAR_096 → PAR_003,2.18,0.727,3_pares
PAR_046,PAR_070,PAR_109,PAR_046 → PAR_070 → PAR_109 → PAR_046,2.18,0.727,3_pares
PAR_064,PAR_075,PAR_070,PAR_064 → PAR_075 → PAR_070 → PAR_064,2.18,0.727,3_pares
PAR_012,PAR_094,PAR_046,PAR_012 → PAR_094 → PAR_046 → PAR_012,2.18,0.727,3_pares
PAR_012,PAR_094,PAR_101,PAR_012 → PAR_094 → PAR_101 → PAR_012,2.18,0.727,3_pares
PAR_034,PAR_037,PAR_057,PAR_034 → PAR_037 → PAR_057 → PAR_034,2.18,0.727,3_pares
PAR_014,PAR_075,PAR_099,PAR_014 → PAR_075 → PAR_099 → PAR_014,2.18,0.727,3_pares
PAR_052,PAR_061,PAR_075,PAR_052 → PAR_061 → PAR_075 → PAR_052,2.18,0.727,3_pares
PAR_003,PAR_037,PAR_120,PAR_003 → PAR_037 → PAR_120 → PAR_003,2.18,0.727,3_pares
PAR_046,PAR_117,PAR_061,PAR_046 → PAR_117 → PAR_061 → PAR_046,2.179,0.726,3_pares
PAR_014,PAR_075,PAR_034,PAR_014 → PAR_075 → PAR_034 → PAR_014,2.179,0.726,3_pares
PAR_070,PAR_096,PAR_075,PAR_070 → PAR_096 → PAR_075 → PAR_070,2.179,0.726,3_pares
PAR_070,PAR_120,PAR_075,PAR_070 → PAR_120 → PAR_075 → PAR_070,2.179,0.726,3_pares
PAR_061,PAR_069,PAR_070,PAR_061 → PAR_069 → PAR_070 → PAR_061,2.179,0.726,3_pares
PAR_034,PAR_057,PAR_075,PAR_034 → PAR_057 → PAR_075 → PAR_034,2.179,0.726,3_pares
PAR_034,PAR_070,PAR_093,PAR_034 → PAR_070 → PAR_093 → PAR_034,2.179,0.726,3_pares
PAR_055,PAR_061,PAR_109,PAR_055 → PAR_061 → PAR_109 → PAR_055,2.178,0.726,3_pares
PAR_007,PAR_073,PAR_061,PAR_007 → PAR_073 → PAR_061 → PAR_007,2.178,0.726,3_pares
PAR_003,PAR_109,PAR_046,PAR_003 → PAR_109 → PAR_046 → PAR_003,2.178,0.726,3_pares
PAR_005,PAR_037,PAR_021,PAR_005 → PAR_037 → PAR_021 → PAR_005,2.178,0.726,3_pares
PAR_046,PAR_055,PAR_109,PAR_046 → PAR_055 → PAR_109 → PAR_046,2.178,0.726,3_pares
PAR_007,PAR_075,PAR_061,PAR_007 → PAR_075 → PAR_061 → PAR_007,2.177,0.726,3_pares
PAR_021,PAR_061,PAR_055,PAR_021 → PAR_061 → PAR_055 → PAR_021,2.177,0.726,3_pares
PAR_052,PAR_094,PAR_075,PAR_052 → PAR_094 → PAR_075 → PAR_052,2.177,0.726,3_pares
PAR_003,PAR_109,PAR_080,PAR_003 → PAR_109 → PAR_080 → PAR_003,2.177,0.726,3_pares
PAR_014,PAR_037,PAR_046,PAR_014 → PAR_037 → PAR_046 → PAR_014,2.177,0.726,3_pares
PAR_061,PAR_094,PAR_117,PAR_061 → PAR_094 → PAR_117 → PAR_061,2.177,0.726,3_pares
PAR_018,PAR_028,PAR_061,PAR_018 → PAR_028 → PAR_061 → PAR_018,2.177,0.726,3_pares
PAR_003,PAR_075,PAR_120,PAR_003 → PAR_075 → PAR_120 → PAR_003,2.177,0.726,3_pares
PAR_005,PAR_021,PAR_075,PAR_005 → PAR_021 → PAR_075 → PAR_005,2.177,0.726,3_pares
PAR_069,PAR_075,PAR_109,PAR_069 → PAR_075 → PAR_109 → PAR_069,2.176,0.725,3_pares
PAR_002,PAR_012,PAR_075,PAR_002 → PAR_012 → PAR_075 → PAR_002,2.176,0.725,3_pares
PAR_069,PAR_090,PAR_094,PAR_069 → PAR_090 → PAR_094 → PAR_069,2.176,0.725,3_pares
PAR_069,PAR_070,PAR_080,PAR_069 → PAR_070 → PAR_080 → PAR_069,2.176,0.725,3_pares
PAR_014,PAR_061,PAR_099,PAR_014 → PAR_061 → PAR_099 → PAR_014,2.176,0.725,3_pares
PAR_034,PAR_075,PAR_055,PAR_034 → PAR_075 → PAR_055 → PAR_034,2.176,0.725,3_pares
PAR_026,PAR_080,PAR_037,PAR_026 → PAR_080 → PAR_037 → PAR_026,2.176,0.725,3_pares
PAR_012,PAR_037,PAR_103,PAR_012 → PAR_037 → PAR_103 → PAR_012,2.175,0.725,3_pares
PAR_012,PAR_034,PAR_117,PAR_012 → PAR_034 → PAR_117 → PAR_012,2.175,0.725,3_pares
PAR_069,PAR_070,PAR_094,PAR_069 → PAR_070 → PAR_094 → PAR_069,2.175,0.725,3_pares
PAR_003,PAR_021,PAR_080,PAR_003 → PAR_021 → PAR_080 → PAR_003,2.175,0.725,3_pares
PAR_046,PAR_117,PAR_094,PAR_046 → PAR_117 → PAR_094 → PAR_046,2.175,0.725,3_pares
PAR_039,PAR_069,PAR_070,PAR_039 → PAR_069 → PAR_070 → PAR_039,2.175,0.725,3_pares
PAR_061,PAR_090,PAR_075,PAR_061 → PAR_090 → PAR_075 → PAR_061,2.175,0.725,3_pares
PAR_037,PAR_053,PAR_057,PAR_037 → PAR_053 → PAR_057 → PAR_037,2.175,0.725,3_pares
PAR_003,PAR_094,PAR_021,PAR_003 → PAR_094 → PAR_021 → PAR_003,2.174,0.725,3_pares
PAR_037,PAR_090,PAR_094,PAR_037 → PAR_090 → PAR_094 → PAR_037,2.174,0.725,3_pares
PAR_052,PAR_117,PAR_109,PAR_052 → PAR_117 → PAR_109 → PAR_052,2.174,0.725,3_pares
PAR_037,PAR_093,PAR_069,PAR_037 → PAR_093 → PAR_069 → PAR_037,2.174,0.725,3_pares
PAR_037,PAR_080,PAR_090,PAR_037 → PAR_080 → PAR_090 → PAR_037,2.174,0.725,3_pares
PAR_029,PAR_037,PAR_075,PAR_029 → PAR_037 → PAR_075 → PAR_029,2.174,0.725,3_pares
PAR_021,PAR_069,PAR_075,PAR_021 → PAR_069 → PAR_075 → PAR_021,2.174,0.725,3_pares
PAR_005,PAR_021,PAR_061,PAR_005 → PAR_021 → PAR_061 → PAR_005,2.174,0.725,3_pares
PAR_005,PAR_021,PAR_046,PAR_005 → PAR_021 → PAR_046 → PAR_005,2.174,0.725,3_pares
PAR_046,PAR_090,PAR_075,PAR_046 → PAR_090 → PAR_075 → PAR_046,2.174,0.725,3_pares
PAR_005,PAR_069,PAR_061,PAR_005 → PAR_069 → PAR_061 → PAR_005,2.174,0.725,3_pares
PAR_070,PAR_101,PAR_075,PAR_070 → PAR_101 → PAR_075 → PAR_070,2.174,0.725,3_pares
PAR_003,PAR_037,PAR_046,PAR_003 → PAR_037 → PAR_046 → PAR_003,2.174,0.725,3_pares
PAR_003,PAR_037,PAR_101,PAR_003 → PAR_037 → PAR_101 → PAR_003,2.174,0.725,3_pares
PAR_003,PAR_012,PAR_029,PAR_003 → PAR_012 → PAR_029 → PAR_003,2.174,0.725,3_pares
PAR_028,PAR_037,PAR_103,PAR_028 → PAR_037 → PAR_103 → PAR_028,2.174,0.725,3_pares
PAR_014,PAR_094,PAR_034,PAR_014 → PAR_094 → PAR_034 → PAR_014,2.173,0.724,3_pares
PAR_003,PAR_065,PAR_028,PAR_003 → PAR_065 → PAR_028 → PAR_003,2.173,0.724,3_pares
PAR_037,PAR_120,PAR_069,PAR_037 → PAR_120 → PAR_069 → PAR_037,2.173,0.724,3_pares
PAR_014,PAR_094,PAR_099,PAR_014 → PAR_094 → PAR_099 → PAR_014,2.173,0.724,3_pares
PAR_075,PAR_080,PAR_090,PAR_075 → PAR_080 → PAR_090 → PAR_075,2.173,0.724,3_pares
PAR_012,PAR_021,PAR_090,PAR_012 → PAR_021 → PAR_090 → PAR_012,2.173,0.724,3_pares
PAR_037,PAR_096,PAR_069,PAR_037 → PAR_096 → PAR_069 → PAR_037,2.173,0.724,3_pares
PAR_037,PAR_046,PAR_055,PAR_037 → PAR_046 → PAR_055 → PAR_037,2.173,0.724,3_pares
PAR_037,PAR_039,PAR_070,PAR_037 → PAR_039 → PAR_070 → PAR_037,2.173,0.724,3_pares
PAR_037,PAR_039,PAR_090,PAR_037 → PAR_039 → PAR_090 → PAR_037,2.173,0.724,3_pares
PAR_014,PAR_061,PAR_046,PAR_014 → PAR_061 → PAR_046 → PAR_014,2.172,0.724,3_pares
PAR_075,PAR_090,PAR_094,PAR_075 → PAR_090 → PAR_094 → PAR_075,2.172,0.724,3_pares
PAR_026,PAR_101,PAR_061,PAR_026 → PAR_101 → PAR_061 → PAR_026,2.172,0.724,3_pares
PAR_070,PAR_096,PAR_094,PAR_070 → PAR_096 → PAR_094 → PAR_070,2.172,0.724,3_pares
PAR_012,PAR_109,PAR_110,PAR_012 → PAR_109 → PAR_110 → PAR_012,2.172,0.724,3_pares
PAR_021,PAR_092,PAR_099,PAR_021 → PAR_092 → PAR_099 → PAR_021,2.172,0.724,3_pares
PAR_003,PAR_075,PAR_101,PAR_003 → PAR_075 → PAR_101 → PAR_003,2.172,0.724,3_pares
PAR_003,PAR_109,PAR_036,PAR_003 → PAR_109 → PAR_036 → PAR_003,2.172,0.724,3_pares
PAR_021,PAR_037,PAR_075,PAR_021 → PAR_037 → PAR_075 → PAR_021,2.172,0.724,3_pares
PAR_003,PAR_109,PAR_018,PAR_003 → PAR_109 → PAR_018 → PAR_003,2.172,0.724,3_pares
PAR_055,PAR_061,PAR_092,PAR_055 → PAR_061 → PAR_092 → PAR_055,2.172,0.724,3_pares
PAR_001,PAR_003,PAR_109,PAR_001 → PAR_003 → PAR_109 → PAR_001,2.171,0.724,3_pares
PAR_027,PAR_057,PAR_037,PAR_027 → PAR_057 → PAR_037 → PAR_027,2.171,0.724,3_pares
PAR_003,PAR_094,PAR_120,PAR_003 → PAR_094 → PAR_120 → PAR_003,2.171,0.724,3_pares
PAR_003,PAR_111,PAR_080,PAR_003 → PAR_111 → PAR_080 → PAR_003,2.171,0.724,3_pares
PAR_015,PAR_028,PAR_061,PAR_015 → PAR_028 → PAR_061 → PAR_015,2.171,0.724,3_pares
PAR_064,PAR_069,PAR_075,PAR_064 → PAR_069 → PAR_075 → PAR_064,2.171,0.724,3_pares
PAR_007,PAR_080,PAR_061,PAR_007 → PAR_080 → PAR_061 → PAR_007,2.171,0.724,3_pares
PAR_003,PAR_025,PAR_055,PAR_003 → PAR_025 → PAR_055 → PAR_003,2.171,0.724,3_pares
PAR_069,PAR_075,PAR_099,PAR_069 → PAR_075 → PAR_099 → PAR_069,2.17,0.723,3_pares
PAR_005,PAR_075,PAR_061,PAR_005 → PAR_075 → PAR_061 → PAR_005,2.17,0.723,3_pares
PAR_003,PAR_021,PAR_018,PAR_003 → PAR_021 → PAR_018 → PAR_003,2.17,0.723,3_pares
PAR_026,PAR_028,PAR_037,PAR_026 → PAR_028 → PAR_037 → PAR_026,2.17,0.723,3_pares
PAR_021,PAR_046,PAR_069,PAR_021 → PAR_046 → PAR_069 → PAR_021,2.17,0.723,3_pares
PAR_003,PAR_109,PAR_028,PAR_003 → PAR_109 → PAR_028 → PAR_003,2.17,0.723,3_pares
PAR_003,PAR_034,PAR_080,PAR_003 → PAR_034 → PAR_080 → PAR_003,2.17,0.723,3_pares
PAR_021,PAR_068,PAR_070,PAR_021 → PAR_068 → PAR_070 → PAR_021,2.17,0.723,3_pares
PAR_003,PAR_094,PAR_092,PAR_003 → PAR_094 → PAR_092 → PAR_003,2.17,0.723,3_pares
PAR_003,PAR_021,PAR_036,PAR_003 → PAR_021 → PAR_036 → PAR_003,2.17,0.723,3_pares
PAR_012,PAR_015,PAR_053,PAR_012 → PAR_015 → PAR_053 → PAR_012,2.17,0.723,3_pares
PAR_012,PAR_061,PAR_052,PAR_012 → PAR_061 → PAR_052 → PAR_012,2.169,0.723,3_pares
PAR_061,PAR_070,PAR_080,PAR_061 → PAR_070 → PAR_080 → PAR_061,2.169,0.723,3_pares
PAR_034,PAR_069,PAR_075,PAR_034 → PAR_069 → PAR_075 → PAR_034,2.169,0.723,3_pares
PAR_003,PAR_075,PAR_024,PAR_003 → PAR_075 → PAR_024 → PAR_003,2.169,0.723,3_pares
PAR_061,PAR_093,PAR_069,PAR_061 → PAR_093 → PAR_069 → PAR_061,2.169,0.723,3_pares
PAR_005,PAR_075,PAR_046,PAR_005 → PAR_075 → PAR_046 → PAR_005,2.169,0.723,3_pares
PAR_003,PAR_094,PAR_034,PAR_003 → PAR_094 → PAR_034 → PAR_003,2.169,0.723,3_pares
PAR_052,PAR_055,PAR_070,PAR_052 → PAR_055 → PAR_070 → PAR_052,2.169,0.723,3_pares
PAR_037,PAR_109,PAR_046,PAR_037 → PAR_109 → PAR_046 → PAR_037,2.169,0.723,3_pares
PAR_046,PAR_073,PAR_109,PAR_046 → PAR_073 → PAR_109 → PAR_046,2.169,0.723,3_pares
PAR_014,PAR_090,PAR_070,PAR_014 → PAR_090 → PAR_070 → PAR_014,2.169,0.723,3_pares
PAR_012,PAR_037,PAR_085,PAR_012 → PAR_037 → PAR_085 → PAR_012,2.169,0.723,3_pares
PAR_014,PAR_094,PAR_046,PAR_014 → PAR_094 → PAR_046 → PAR_014,2.168,0.723,3_pares
PAR_003,PAR_021,PAR_028,PAR_003 → PAR_021 → PAR_028 → PAR_003,2.168,0.723,3_pares
PAR_012,PAR_034,PAR_057,PAR_012 → PAR_034 → PAR_057 → PAR_012,2.168,0.723,3_pares
PAR_016,PAR_069,PAR_075,PAR_016 → PAR_069 → PAR_075 → PAR_016,2.168,0.723,3_pares
PAR_037,PAR_096,PAR_075,PAR_037 → PAR_096 → PAR_075 → PAR_037,2.168,0.723,3_pares
PAR_012,PAR_051,PAR_053,PAR_012 → PAR_051 → PAR_053 → PAR_012,2.168,0.723,3_pares
PAR_015,PAR_028,PAR_094,PAR_015 → PAR_028 → PAR_094 → PAR_015,2.168,0.723,3_pares
PAR_012,PAR_051,PAR_080,PAR_012 → PAR_051 → PAR_080 → PAR_012,2.168,0.723,3_pares
PAR_046,PAR_055,PAR_061,PAR_046 → PAR_055 → PAR_061 → PAR_046,2.168,0.723,3_pares
PAR_012,PAR_037,PAR_110,PAR_012 → PAR_037 → PAR_110 → PAR_012,2.168,0.723,3_pares
PAR_005,PAR_037,PAR_053,PAR_005 → PAR_037 → PAR_053 → PAR_005,2.168,0.723,3_pares
PAR_029,PAR_037,PAR_039,PAR_029 → PAR_037 → PAR_039 → PAR_029,2.168,0.723,3_pares
PAR_061,PAR_120,PAR_069,PAR_061 → PAR_120 → PAR_069 → PAR_061,2.167,0.722,3_pares
PAR_037,PAR_101,PAR_069,PAR_037 → PAR_101 → PAR_069 → PAR_037,2.167,0.722,3_pares
PAR_003,PAR_070,PAR_058,PAR_003 → PAR_070 → PAR_058 → PAR_003,2.167,0.722,3_pares
PAR_080,PAR_090,PAR_094,PAR_080 → PAR_090 → PAR_094 → PAR_080,2.167,0.722,3_pares
PAR_015,PAR_055,PAR_109,PAR_015 → PAR_055 → PAR_109 → PAR_015,2.167,0.722,3_pares
PAR_005,PAR_012,PAR_021,PAR_005 → PAR_012 → PAR_021 → PAR_005,2.167,0.722,3_pares
PAR_070,PAR_094,PAR_080,PAR_070 → PAR_094 → PAR_080 → PAR_070,2.166,0.722,3_pares
PAR_075,PAR_109,PAR_080,PAR_075 → PAR_109 → PAR_080 → PAR_075,2.166,0.722,3_pares
PAR_034,PAR_037,PAR_075,PAR_034 → PAR_037 → PAR_075 → PAR_034,2.166,0.722,3_pares
PAR_012,PAR_034,PAR_070,PAR_012 → PAR_034 → PAR_070 → PAR_012,2.166,0.722,3_pares
PAR_037,PAR_068,PAR_090,PAR_037 → PAR_068 → PAR_090 → PAR_037,2.166,0.722,3_pares
PAR_051,PAR_055,PAR_109,PAR_051 → PAR_055 → PAR_109 → PAR_051,2.166,0.722,3_pares
PAR_016,PAR_037,PAR_075,PAR_016 → PAR_037 → PAR_075 → PAR_016,2.166,0.722,3_pares
PAR_052,PAR_070,PAR_109,PAR_052 → PAR_070 → PAR_109 → PAR_052,2.166,0.722,3_pares
PAR_003,PAR_111,PAR_018,PAR_003 → PAR_111 → PAR_018 → PAR_003,2.166,0.722,3_pares
PAR_037,PAR_046,PAR_093,PAR_037 → PAR_046 → PAR_093 → PAR_037,2.166,0.722,3_pares
PAR_003,PAR_111,PAR_012,PAR_003 → PAR_111 → PAR_012 → PAR_003,2.166,0.722,3_pares
PAR_003,PAR_111,PAR_036,PAR_003 → PAR_111 → PAR_036 → PAR_003,2.166,0.722,3_pares
PAR_012,PAR_075,PAR_030,PAR_012 → PAR_075 → PAR_030 → PAR_012,2.166,0.722,3_pares
PAR_037,PAR_093,PAR_061,PAR_037 → PAR_093 → PAR_061 → PAR_037,2.166,0.722,3_pares
PAR_003,PAR_070,PAR_026,PAR_003 → PAR_070 → PAR_026 → PAR_003,2.166,0.722,3_pares
PAR_037,PAR_120,PAR_061,PAR_037 → PAR_120 → PAR_061 → PAR_037,2.165,0.722,3_pares
PAR_003,PAR_070,PAR_085,PAR_003 → PAR_070 → PAR_085 → PAR_003,2.165,0.722,3_pares
PAR_003,PAR_094,PAR_046,PAR_003 → PAR_094 → PAR_046 → PAR_003,2.165,0.722,3_pares
PAR_003,PAR_034,PAR_036,PAR_003 → PAR_034 → PAR_036 → PAR_003,2.165,0.722,3_pares
PAR_003,PAR_094,PAR_101,PAR_003 → PAR_094 → PAR_101 → PAR_003,2.165,0.722,3_pares
PAR_015,PAR_055,PAR_021,PAR_015 → PAR_055 → PAR_021 → PAR_015,2.165,0.722,3_pares
PAR_007,PAR_028,PAR_061,PAR_007 → PAR_028 → PAR_061 → PAR_007,2.165,0.722,3_pares
PAR_024,PAR_070,PAR_094,PAR_024 → PAR_070 → PAR_094 → PAR_024,2.165,0.722,3_pares
PAR_039,PAR_090,PAR_094,PAR_039 → PAR_090 → PAR_094 → PAR_039,2.165,0.722,3_pares
PAR_068,PAR_075,PAR_070,PAR_068 → PAR_075 → PAR_070 → PAR_068,2.165,0.722,3_pares
PAR_024,PAR_090,PAR_094,PAR_024 → PAR_090 → PAR_094 → PAR_024,2.165,0.722,3_pares
PAR_039,PAR_070,PAR_094,PAR_039 → PAR_070 → PAR_094 → PAR_039,2.165,0.722,3_pares
PAR_028,PAR_037,PAR_065,PAR_028 → PAR_037 → PAR_065 → PAR_028,2.165,0.722,3_pares
PAR_061,PAR_075,PAR_093,PAR_061 → PAR_075 → PAR_093 → PAR_061,2.165,0.722,3_pares
PAR_005,PAR_037,PAR_027,PAR_005 → PAR_037 → PAR_027 → PAR_005,2.165,0.722,3_pares
PAR_055,PAR_090,PAR_070,PAR_055 → PAR_090 → PAR_070 → PAR_055,2.165,0.722,3_pares
PAR_026,PAR_103,PAR_037,PAR_026 → PAR_103 → PAR_037 → PAR_026,2.164,0.721,3_pares
PAR_061,PAR_109,PAR_101,PAR_061 → PAR_109 → PAR_101 → PAR_061,2.164,0.721,3_pares
PAR_003,PAR_109,PAR_052,PAR_003 → PAR_109 → PAR_052 → PAR_003,2.164,0.721,3_pares
PAR_003,PAR_070,PAR_090,PAR_003 → PAR_070 → PAR_090 → PAR_003,2.164,0.721,3_pares
PAR_037,PAR_046,PAR_096,PAR_037 → PAR_046 → PAR_096 → PAR_037,2.164,0.721,3_pares
PAR_003,PAR_069,PAR_015,PAR_003 → PAR_069 → PAR_015 → PAR_003,2.164,0.721,3_pares
PAR_037,PAR_046,PAR_073,PAR_037 → PAR_046 → PAR_073 → PAR_037,2.164,0.721,3_pares
PAR_052,PAR_055,PAR_109,PAR_052 → PAR_055 → PAR_109 → PAR_052,2.164,0.721,3_pares
PAR_012,PAR_029,PAR_075,PAR_012 → PAR_029 → PAR_075 → PAR_012,2.163,0.721,3_pares
PAR_001,PAR_003,PAR_034,PAR_001 → PAR_003 → PAR_034 → PAR_001,2.163,0.721,3_pares
PAR_028,PAR_075,PAR_065,PAR_028 → PAR_075 → PAR_065 → PAR_028,2.163,0.721,3_pares
PAR_061,PAR_075,PAR_120,PAR_061 → PAR_075 → PAR_120 → PAR_061,2.163,0.721,3_pares
PAR_014,PAR_037,PAR_103,PAR_014 → PAR_037 → PAR_103 → PAR_014,2.163,0.721,3_pares
PAR_003,PAR_111,PAR_028,PAR_003 → PAR_111 → PAR_028 → PAR_003,2.163,0.721,3_pares
PAR_012,PAR_061,PAR_110,PAR_012 → PAR_061 → PAR_110 → PAR_012,2.163,0.721,3_pares
PAR_037,PAR_093,PAR_094,PAR_037 → PAR_093 → PAR_094 → PAR_037,2.163,0.721,3_pares
PAR_028,PAR_061,PAR_070,PAR_028 → PAR_061 → PAR_070 → PAR_028,2.163,0.721,3_pares
PAR_003,PAR_034,PAR_028,PAR_003 → PAR_034 → PAR_028 → PAR_003,2.162,0.721,3_pares
PAR_018,PAR_080,PAR_070,PAR_018 → PAR_080 → PAR_070 → PAR_018,2.162,0.721,3_pares
PAR_061,PAR_109,PAR_080,PAR_061 → PAR_109 → PAR_080 → PAR_061,2.162,0.721,3_pares
PAR_057,PAR_070,PAR_109,PAR_057 → PAR_070 → PAR_109 → PAR_057,2.162,0.721,3_pares
PAR_046,PAR_064,PAR_075,PAR_046 → PAR_064 → PAR_075 → PAR_046,2.162,0.721,3_pares
PAR_002,PAR_061,PAR_007,PAR_002 → PAR_061 → PAR_007 → PAR_002,2.162,0.721,3_pares
PAR_037,PAR_101,PAR_075,PAR_037 → PAR_101 → PAR_075 → PAR_037,2.162,0.721,3_pares
PAR_012,PAR_109,PAR_097,PAR_012 → PAR_109 → PAR_097 → PAR_012,2.162,0.721,3_pares
PAR_037,PAR_103,PAR_085,PAR_037 → PAR_103 → PAR_085 → PAR_037,2.162,0.721,3_pares
PAR_075,PAR_093,PAR_094,PAR_075 → PAR_093 → PAR_094 → PAR_075,2.162,0.721,3_pares
PAR_055,PAR_070,PAR_065,PAR_055 → PAR_070 → PAR_065 → PAR_055,2.162,0.721,3_pares
PAR_012,PAR_075,PAR_040,PAR_012 → PAR_075 → PAR_040 → PAR_012,2.162,0.721,3_pares
PAR_012,PAR_051,PAR_028,PAR_012 → PAR_051 → PAR_028 → PAR_012,2.162,0.721,3_pares
PAR_037,PAR_096,PAR_094,PAR_037 → PAR_096 → PAR_094 → PAR_037,2.162,0.721,3_pares
PAR_046,PAR_096,PAR_075,PAR_046 → PAR_096 → PAR_075 → PAR_046,2.162,0.721,3_pares
PAR_012,PAR_021,PAR_097,PAR_012 → PAR_021 → PAR_097 → PAR_012,2.161,0.72,3_pares
PAR_007,PAR_075,PAR_052,PAR_007 → PAR_075 → PAR_052 → PAR_007,2.161,0.72,3_pares
PAR_012,PAR_109,PAR_099,PAR_012 → PAR_109 → PAR_099 → PAR_012,2.161,0.72,3_pares
PAR_014,PAR_021,PAR_070,PAR_014 → PAR_021 → PAR_070 → PAR_014,2.161,0.72,3_pares
PAR_021,PAR_046,PAR_080,PAR_021 → PAR_046 → PAR_080 → PAR_021,2.161,0.72,3_pares
PAR_014,PAR_075,PAR_103,PAR_014 → PAR_075 → PAR_103 → PAR_014,2.161,0.72,3_pares
PAR_037,PAR_070,PAR_052,PAR_037 → PAR_070 → PAR_052 → PAR_037,2.161,0.72,3_pares
PAR_064,PAR_080,PAR_075,PAR_064 → PAR_080 → PAR_075 → PAR_064,2.161,0.72,3_pares
PAR_039,PAR_109,PAR_046,PAR_039 → PAR_109 → PAR_046 → PAR_039,2.161,0.72,3_pares
PAR_026,PAR_103,PAR_075,PAR_026 → PAR_103 → PAR_075 → PAR_026,2.161,0.72,3_pares
PAR_026,PAR_028,PAR_094,PAR_026 → PAR_028 → PAR_094 → PAR_026,2.161,0.72,3_pares
PAR_067,PAR_094,PAR_070,PAR_067 → PAR_094 → PAR_070 → PAR_067,2.161,0.72,3_pares
PAR_007,PAR_117,PAR_061,PAR_007 → PAR_117 → PAR_061 → PAR_007,2.161,0.72,3_pares
PAR_012,PAR_094,PAR_110,PAR_012 → PAR_094 → PAR_110 → PAR_012,2.16,0.72,3_pares
PAR_075,PAR_099,PAR_080,PAR_075 → PAR_099 → PAR_080 → PAR_075,2.16,0.72,3_pares
PAR_037,PAR_058,PAR_057,PAR_037 → PAR_058 → PAR_057 → PAR_037,2.16,0.72,3_pares
PAR_028,PAR_109,PAR_092,PAR_028 → PAR_109 → PAR_092 → PAR_028,2.16,0.72,3_pares
PAR_029,PAR_070,PAR_055,PAR_029 → PAR_070 → PAR_055 → PAR_029,2.16,0.72,3_pares
PAR_012,PAR_021,PAR_064,PAR_012 → PAR_021 → PAR_064 → PAR_012,2.16,0.72,3_pares
PAR_052,PAR_085,PAR_075,PAR_052 → PAR_085 → PAR_075 → PAR_052,2.16,0.72,3_pares
PAR_003,PAR_037,PAR_103,PAR_003 → PAR_037 → PAR_103 → PAR_003,2.16,0.72,3_pares
PAR_012,PAR_094,PAR_085,PAR_012 → PAR_094 → PAR_085 → PAR_012,2.16,0.72,3_pares
PAR_052,PAR_090,PAR_075,PAR_052 → PAR_090 → PAR_075 → PAR_052,2.16,0.72,3_pares
PAR_028,PAR_075,PAR_109,PAR_028 → PAR_075 → PAR_109 → PAR_028,2.16,0.72,3_pares
PAR_015,PAR_055,PAR_034,PAR_015 → PAR_055 → PAR_034 → PAR_015,2.16,0.72,3_pares
PAR_003,PAR_111,PAR_117,PAR_003 → PAR_111 → PAR_117 → PAR_003,2.16,0.72,3_pares
PAR_003,PAR_065,PAR_055,PAR_003 → PAR_065 → PAR_055 → PAR_003,2.16,0.72,3_pares
PAR_052,PAR_075,PAR_070,PAR_052 → PAR_075 → PAR_070 → PAR_052,2.159,0.72,3_pares
PAR_012,PAR_021,PAR_034,PAR_012 → PAR_021 → PAR_034 → PAR_012,2.159,0.72,3_pares
PAR_068,PAR_070,PAR_094,PAR_068 → PAR_070 → PAR_094 → PAR_068,2.159,0.72,3_pares
PAR_028,PAR_070,PAR_094,PAR_028 → PAR_070 → PAR_094 → PAR_028,2.159,0.72,3_pares
PAR_012,PAR_061,PAR_040,PAR_012 → PAR_061 → PAR_040 → PAR_012,2.159,0.72,3_pares
PAR_003,PAR_109,PAR_057,PAR_003 → PAR_109 → PAR_057 → PAR_003,2.159,0.72,3_pares
PAR_012,PAR_109,PAR_032,PAR_012 → PAR_109 → PAR_032 → PAR_012,2.159,0.72,3_pares
PAR_034,PAR_092,PAR_080,PAR_034 → PAR_092 → PAR_080 → PAR_034,2.159,0.72,3_pares
PAR_003,PAR_070,PAR_005,PAR_003 → PAR_070 → PAR_005 → PAR_003,2.159,0.72,3_pares
PAR_037,PAR_101,PAR_061,PAR_037 → PAR_101 → PAR_061 → PAR_037,2.159,0.72,3_pares
PAR_034,PAR_120,PAR_094,PAR_034 → PAR_120 → PAR_094 → PAR_034,2.159,0.72,3_pares
PAR_012,PAR_094,PAR_030,PAR_012 → PAR_094 → PAR_030 → PAR_012,2.159,0.72,3_pares
PAR_012,PAR_027,PAR_057,PAR_012 → PAR_027 → PAR_057 → PAR_012,2.159,0.72,3_pares
PAR_046,PAR_073,PAR_061,PAR_046 → PAR_073 → PAR_061 → PAR_046,2.159,0.72,3_pares
PAR_021,PAR_068,PAR_037,PAR_021 → PAR_068 → PAR_037 → PAR_021,2.158,0.719,3_pares
PAR_061,PAR_094,PAR_093,PAR_061 → PAR_094 → PAR_093 → PAR_061,2.158,0.719,3_pares
PAR_058,PAR_073,PAR_070,PAR_058 → PAR_073 → PAR_070 → PAR_058,2.158,0.719,3_pares
PAR_018,PAR_099,PAR_037,PAR_018 → PAR_099 → PAR_037 → PAR_018,2.158,0.719,3_pares
PAR_012,PAR_034,PAR_069,PAR_012 → PAR_034 → PAR_069 → PAR_012,2.158,0.719,3_pares
PAR_003,PAR_075,PAR_103,PAR_003 → PAR_075 → PAR_103 → PAR_003,2.158,0.719,3_pares
PAR_052,PAR_110,PAR_075,PAR_052 → PAR_110 → PAR_075 → PAR_052,2.158,0.719,3_pares
PAR_007,PAR_057,PAR_111,PAR_007 → PAR_057 → PAR_111 → PAR_007,2.158,0.719,3_pares
PAR_012,PAR_037,PAR_097,PAR_012 → PAR_037 → PAR_097 → PAR_012,2.158,0.719,3_pares
PAR_061,PAR_075,PAR_101,PAR_061 → PAR_075 → PAR_101 → PAR_061,2.158,0.719,3_pares
PAR_021,PAR_028,PAR_075,PAR_021 → PAR_028 → PAR_075 → PAR_021,2.158,0.719,3_pares
PAR_027,PAR_069,PAR_061,PAR_027 → PAR_069 → PAR_061 → PAR_027,2.157,0.719,3_pares
PAR_003,PAR_037,PAR_058,PAR_003 → PAR_037 → PAR_058 → PAR_003,2.157,0.719,3_pares
PAR_061,PAR_094,PAR_120,PAR_061 → PAR_094 → PAR_120 → PAR_061,2.157,0.719,3_pares
PAR_052,PAR_069,PAR_109,PAR_052 → PAR_069 → PAR_109 → PAR_052,2.157,0.719,3_pares
PAR_014,PAR_090,PAR_037,PAR_014 → PAR_090 → PAR_037 → PAR_014,2.157,0.719,3_pares
PAR_058,PAR_075,PAR_070,PAR_058 → PAR_075 → PAR_070 → PAR_058,2.157,0.719,3_pares
PAR_037,PAR_058,PAR_055,PAR_037 → PAR_058 → PAR_055 → PAR_037,2.157,0.719,3_pares
PAR_003,PAR_015,PAR_101,PAR_003 → PAR_015 → PAR_101 → PAR_003,2.156,0.719,3_pares
PAR_014,PAR_090,PAR_075,PAR_014 → PAR_090 → PAR_075 → PAR_014,2.156,0.719,3_pares
PAR_070,PAR_094,PAR_117,PAR_070 → PAR_094 → PAR_117 → PAR_070,2.156,0.719,3_pares
PAR_090,PAR_094,PAR_117,PAR_090 → PAR_094 → PAR_117 → PAR_090,2.156,0.719,3_pares
PAR_037,PAR_101,PAR_094,PAR_037 → PAR_101 → PAR_094 → PAR_037,2.156,0.719,3_pares
PAR_037,PAR_046,PAR_039,PAR_037 → PAR_046 → PAR_039 → PAR_037,2.156,0.719,3_pares
PAR_021,PAR_039,PAR_094,PAR_021 → PAR_039 → PAR_094 → PAR_021,2.156,0.719,3_pares
PAR_021,PAR_037,PAR_117,PAR_021 → PAR_037 → PAR_117 → PAR_021,2.156,0.719,3_pares
PAR_018,PAR_028,PAR_070,PAR_018 → PAR_028 → PAR_070 → PAR_018,2.156,0.719,3_pares
PAR_075,PAR_109,PAR_117,PAR_075 → PAR_109 → PAR_117 → PAR_075,2.156,0.719,3_pares
PAR_028,PAR_061,PAR_109,PAR_028 → PAR_061 → PAR_109 → PAR_028,2.156,0.719,3_pares
PAR_046,PAR_101,PAR_075,PAR_046 → PAR_101 → PAR_075 → PAR_046,2.156,0.719,3_pares
PAR_003,PAR_012,PAR_027,PAR_003 → PAR_012 → PAR_027 → PAR_003,2.156,0.719,3_pares
PAR_075,PAR_101,PAR_094,PAR_075 → PAR_101 → PAR_094 → PAR_075,2.155,0.718,3_pares
PAR_028,PAR_109,PAR_046,PAR_028 → PAR_109 → PAR_046 → PAR_028,2.155,0.718,3_pares
PAR_026,PAR_103,PAR_094,PAR_026 → PAR_103 → PAR_094 → PAR_026,2.155,0.718,3_pares
PAR_005,PAR_075,PAR_052,PAR_005 → PAR_075 → PAR_052 → PAR_005,2.155,0.718,3_pares
PAR_012,PAR_094,PAR_040,PAR_012 → PAR_094 → PAR_040 → PAR_012,2.155,0.718,3_pares
PAR_012,PAR_075,PAR_111,PAR_012 → PAR_075 → PAR_111 → PAR_012,2.155,0.718,3_pares
PAR_037,PAR_109,PAR_052,PAR_037 → PAR_109 → PAR_052 → PAR_037,2.155,0.718,3_pares
PAR_028,PAR_075,PAR_064,PAR_028 → PAR_075 → PAR_064 → PAR_028,2.155,0.718,3_pares
PAR_046,PAR_073,PAR_094,PAR_046 → PAR_073 → PAR_094 → PAR_046,2.155,0.718,3_pares
PAR_070,PAR_085,PAR_075,PAR_070 → PAR_085 → PAR_075 → PAR_070,2.155,0.718,3_pares
PAR_003,PAR_094,PAR_015,PAR_003 → PAR_094 → PAR_015 → PAR_003,2.154,0.718,3_pares
PAR_012,PAR_034,PAR_075,PAR_012 → PAR_034 → PAR_075 → PAR_012,2.154,0.718,3_pares
PAR_002,PAR_069,PAR_075,PAR_002 → PAR_069 → PAR_075 → PAR_002,2.154,0.718,3_pares
PAR_012,PAR_075,PAR_016,PAR_012 → PAR_075 → PAR_016 → PAR_012,2.154,0.718,3_pares
PAR_028,PAR_075,PAR_099,PAR_028 → PAR_075 → PAR_099 → PAR_028,2.154,0.718,3_pares
PAR_021,PAR_109,PAR_057,PAR_021 → PAR_109 → PAR_057 → PAR_021,2.154,0.718,3_pares
PAR_005,PAR_037,PAR_058,PAR_005 → PAR_037 → PAR_058 → PAR_005,2.154,0.718,3_pares
PAR_003,PAR_070,PAR_096,PAR_003 → PAR_070 → PAR_096 → PAR_003,2.153,0.718,3_pares
PAR_012,PAR_094,PAR_021,PAR_012 → PAR_094 → PAR_021 → PAR_012,2.153,0.718,3_pares
PAR_055,PAR_070,PAR_064,PAR_055 → PAR_070 → PAR_064 → PAR_055,2.153,0.718,3_pares
PAR_012,PAR_061,PAR_097,PAR_012 → PAR_061 → PAR_097 → PAR_012,2.153,0.718,3_pares
PAR_007,PAR_070,PAR_061,PAR_007 → PAR_070 → PAR_061 → PAR_007,2.153,0.718,3_pares
PAR_003,PAR_111,PAR_057,PAR_003 → PAR_111 → PAR_057 → PAR_003,2.153,0.718,3_pares
PAR_070,PAR_110,PAR_075,PAR_070 → PAR_110 → PAR_075 → PAR_070,2.153,0.718,3_pares
PAR_021,PAR_109,PAR_070,PAR_021 → PAR_109 → PAR_070 → PAR_021,2.153,0.718,3_pares
PAR_003,PAR_109,PAR_005,PAR_003 → PAR_109 → PAR_005 → PAR_003,2.153,0.718,3_pares
PAR_052,PAR_055,PAR_061,PAR_052 → PAR_055 → PAR_061 → PAR_052,2.153,0.718,3_pares
PAR_057,PAR_069,PAR_109,PAR_057 → PAR_069 → PAR_109 → PAR_057,2.153,0.718,3_pares
PAR_005,PAR_069,PAR_070,PAR_005 → PAR_069 → PAR_070 → PAR_005,2.153,0.718,3_pares
PAR_052,PAR_075,PAR_109,PAR_052 → PAR_075 → PAR_109 → PAR_052,2.153,0.718,3_pares
PAR_003,PAR_070,PAR_120,PAR_003 → PAR_070 → PAR_120 → PAR_003,2.153,0.718,3_pares
PAR_002,PAR_037,PAR_075,PAR_002 → PAR_037 → PAR_075 → PAR_002,2.152,0.717,3_pares
PAR_003,PAR_111,PAR_090,PAR_003 → PAR_111 → PAR_090 → PAR_003,2.152,0.717,3_pares
PAR_015,PAR_099,PAR_037,PAR_015 → PAR_099 → PAR_037 → PAR_015,2.152,0.717,3_pares
PAR_029,PAR_070,PAR_093,PAR_029 → PAR_070 → PAR_093 → PAR_029,2.152,0.717,3_pares
PAR_069,PAR_070,PAR_109,PAR_069 → PAR_070 → PAR_109 → PAR_069,2.152,0.717,3_pares
PAR_045,PAR_101,PAR_075,PAR_045 → PAR_101 → PAR_075 → PAR_045,2.152,0.717,3_pares
PAR_037,PAR_045,PAR_053,PAR_037 → PAR_045 → PAR_053 → PAR_037,2.152,0.717,3_pares
PAR_003,PAR_037,PAR_110,PAR_003 → PAR_037 → PAR_110 → PAR_003,2.152,0.717,3_pares
PAR_069,PAR_109,PAR_090,PAR_069 → PAR_109 → PAR_090 → PAR_069,2.152,0.717,3_pares
PAR_052,PAR_094,PAR_070,PAR_052 → PAR_094 → PAR_070 → PAR_052,2.152,0.717,3_pares
PAR_003,PAR_034,PAR_057,PAR_003 → PAR_034 → PAR_057 → PAR_003,2.152,0.717,3_pares
PAR_039,PAR_094,PAR_099,PAR_039 → PAR_094 → PAR_099 → PAR_039,2.152,0.717,3_pares
PAR_039,PAR_094,PAR_064,PAR_039 → PAR_094 → PAR_064 → PAR_039,2.152,0.717,3_pares
PAR_061,PAR_109,PAR_117,PAR_061 → PAR_109 → PAR_117 → PAR_061,2.152,0.717,3_pares
PAR_064,PAR_117,PAR_075,PAR_064 → PAR_117 → PAR_075 → PAR_064,2.151,0.717,3_pares
PAR_055,PAR_061,PAR_058,PAR_055 → PAR_061 → PAR_058 → PAR_055,2.151,0.717,3_pares
PAR_037,PAR_065,PAR_055,PAR_037 → PAR_065 → PAR_055 → PAR_037,2.151,0.717,3_pares
PAR_034,PAR_039,PAR_094,PAR_034 → PAR_039 → PAR_094 → PAR_034,2.151,0.717,3_pares
PAR_061,PAR_094,PAR_101,PAR_061 → PAR_094 → PAR_101 → PAR_061,2.151,0.717,3_pares
PAR_028,PAR_037,PAR_046,PAR_028 → PAR_037 → PAR_046 → PAR_028,2.151,0.717,3_pares
PAR_014,PAR_037,PAR_109,PAR_014 → PAR_037 → PAR_109 → PAR_014,2.151,0.717,3_pares
PAR_012,PAR_061,PAR_099,PAR_012 → PAR_061 → PAR_099 → PAR_012,2.151,0.717,3_pares
PAR_061,PAR_090,PAR_070,PAR_061 → PAR_090 → PAR_070 → PAR_061,2.151,0.717,3_pares
PAR_018,PAR_101,PAR_075,PAR_018 → PAR_101 → PAR_075 → PAR_018,2.151,0.717,3_pares
PAR_003,PAR_070,PAR_034,PAR_003 → PAR_070 → PAR_034 → PAR_003,2.151,0.717,3_pares
PAR_034,PAR_070,PAR_055,PAR_034 → PAR_070 → PAR_055 → PAR_034,2.151,0.717,3_pares
PAR_012,PAR_015,PAR_091,PAR_012 → PAR_015 → PAR_091 → PAR_012,2.151,0.717,3_pares
PAR_037,PAR_046,PAR_068,PAR_037 → PAR_046 → PAR_068 → PAR_037,2.15,0.717,3_pares
PAR_037,PAR_102,PAR_069,PAR_037 → PAR_102 → PAR_069 → PAR_037,2.15,0.717,3_pares
PAR_037,PAR_103,PAR_073,PAR_037 → PAR_103 → PAR_073 → PAR_037,2.15,0.717,3_pares
PAR_014,PAR_090,PAR_094,PAR_014 → PAR_090 → PAR_094 → PAR_014,2.15,0.717,3_pares
PAR_037,PAR_103,PAR_096,PAR_037 → PAR_103 → PAR_096 → PAR_037,2.15,0.717,3_pares
PAR_055,PAR_069,PAR_109,PAR_055 → PAR_069 → PAR_109 → PAR_055,2.15,0.717,3_pares
PAR_038,PAR_069,PAR_070,PAR_038 → PAR_069 → PAR_070 → PAR_038,2.15,0.717,3_pares
PAR_012,PAR_094,PAR_097,PAR_012 → PAR_094 → PAR_097 → PAR_012,2.15,0.717,3_pares
PAR_075,PAR_099,PAR_117,PAR_075 → PAR_099 → PAR_117 → PAR_075,2.15,0.717,3_pares
PAR_021,PAR_046,PAR_117,PAR_021 → PAR_046 → PAR_117 → PAR_021,2.15,0.717,3_pares
PAR_003,PAR_037,PAR_112,PAR_003 → PAR_037 → PAR_112 → PAR_003,2.15,0.717,3_pares
PAR_021,PAR_090,PAR_069,PAR_021 → PAR_090 → PAR_069 → PAR_021,2.15,0.717,3_pares
PAR_015,PAR_028,PAR_070,PAR_015 → PAR_028 → PAR_070 → PAR_015,2.15,0.717,3_pares
PAR_014,PAR_070,PAR_094,PAR_014 → PAR_070 → PAR_094 → PAR_014,2.15,0.717,3_pares
PAR_021,PAR_069,PAR_070,PAR_021 → PAR_069 → PAR_070 → PAR_021,2.15,0.717,3_pares
PAR_029,PAR_075,PAR_057,PAR_029 → PAR_075 → PAR_057 → PAR_029,2.15,0.717,3_pares
PAR_018,PAR_101,PAR_034,PAR_018 → PAR_101 → PAR_034 → PAR_018,2.15,0.717,3_pares
PAR_037,PAR_070,PAR_112,PAR_037 → PAR_070 → PAR_112 → PAR_037,2.15,0.717,3_pares
PAR_037,PAR_067,PAR_094,PAR_037 → PAR_067 → PAR_094 → PAR_037,2.15,0.717,3_pares
PAR_003,PAR_109,PAR_069,PAR_003 → PAR_109 → PAR_069 → PAR_003,2.15,0.717,3_pares
PAR_005,PAR_070,PAR_064,PAR_005 → PAR_070 → PAR_064 → PAR_005,2.15,0.717,3_pares
PAR_075,PAR_111,PAR_117,PAR_075 → PAR_111 → PAR_117 → PAR_075,2.149,0.716,3_pares
PAR_005,PAR_090,PAR_075,PAR_005 → PAR_090 → PAR_075 → PAR_005,2.149,0.716,3_pares
PAR_026,PAR_080,PAR_070,PAR_026 → PAR_080 → PAR_070 → PAR_026,2.149,0.716,3_pares
PAR_003,PAR_038,PAR_069,PAR_003 → PAR_038 → PAR_069 → PAR_003,2.149,0.716,3_pares
PAR_073,PAR_075,PAR_103,PAR_073 → PAR_075 → PAR_103 → PAR_073,2.149,0.716,3_pares
PAR_014,PAR_075,PAR_109,PAR_014 → PAR_075 → PAR_109 → PAR_014,2.149,0.716,3_pares
PAR_012,PAR_027,PAR_069,PAR_012 → PAR_027 → PAR_069 → PAR_012,2.149,0.716,3_pares
PAR_070,PAR_080,PAR_090,PAR_070 → PAR_080 → PAR_090 → PAR_070,2.149,0.716,3_pares
PAR_015,PAR_101,PAR_069,PAR_015 → PAR_101 → PAR_069 → PAR_015,2.149,0.716,3_pares
PAR_037,PAR_109,PAR_070,PAR_037 → PAR_109 → PAR_070 → PAR_037,2.149,0.716,3_pares
PAR_012,PAR_094,PAR_034,PAR_012 → PAR_094 → PAR_034 → PAR_012,2.148,0.716,3_pares
PAR_046,PAR_068,PAR_075,PAR_046 → PAR_068 → PAR_075 → PAR_046,2.148,0.716,3_pares
PAR_061,PAR_103,PAR_069,PAR_061 → PAR_103 → PAR_069 → PAR_061,2.148,0.716,3_pares
PAR_012,PAR_034,PAR_080,PAR_012 → PAR_034 → PAR_080 → PAR_012,2.148,0.716,3_pares
PAR_052,PAR_120,PAR_075,PAR_052 → PAR_120 → PAR_075 → PAR_052,2.148,0.716,3_pares
PAR_003,PAR_070,PAR_101,PAR_003 → PAR_070 → PAR_101 → PAR_003,2.148,0.716,3_pares
PAR_018,PAR_101,PAR_061,PAR_018 → PAR_101 → PAR_061 → PAR_018,2.148,0.716,3_pares
PAR_003,PAR_021,PAR_069,PAR_003 → PAR_021 → PAR_069 → PAR_003,2.148,0.716,3_pares
PAR_018,PAR_080,PAR_034,PAR_018 → PAR_080 → PAR_034 → PAR_018,2.148,0.716,3_pares
PAR_052,PAR_064,PAR_075,PAR_052 → PAR_064 → PAR_075 → PAR_052,2.148,0.716,3_pares
PAR_002,PAR_061,PAR_037,PAR_002 → PAR_061 → PAR_037 → PAR_002,2.148,0.716,3_pares
PAR_012,PAR_094,PAR_099,PAR_012 → PAR_094 → PAR_099 → PAR_012,2.148,0.716,3_pares
PAR_003,PAR_094,PAR_058,PAR_003 → PAR_094 → PAR_058 → PAR_003,2.148,0.716,3_pares
PAR_052,PAR_096,PAR_075,PAR_052 → PAR_096 → PAR_075 → PAR_052,2.148,0.716,3_pares
PAR_005,PAR_069,PAR_109,PAR_005 → PAR_069 → PAR_109 → PAR_005,2.147,0.716,3_pares
PAR_039,PAR_109,PAR_052,PAR_039 → PAR_109 → PAR_052 → PAR_039,2.147,0.716,3_pares
PAR_021,PAR_070,PAR_096,PAR_021 → PAR_070 → PAR_096 → PAR_021,2.147,0.716,3_pares
PAR_015,PAR_080,PAR_069,PAR_015 → PAR_080 → PAR_069 → PAR_015,2.147,0.716,3_pares
PAR_039,PAR_090,PAR_070,PAR_039 → PAR_090 → PAR_070 → PAR_039,2.147,0.716,3_pares
PAR_070,PAR_094,PAR_085,PAR_070 → PAR_094 → PAR_085 → PAR_070,2.147,0.716,3_pares
PAR_012,PAR_027,PAR_037,PAR_012 → PAR_027 → PAR_037 → PAR_012,2.147,0.716,3_pares
PAR_003,PAR_109,PAR_073,PAR_003 → PAR_109 → PAR_073 → PAR_003,2.147,0.716,3_pares
PAR_052,PAR_069,PAR_061,PAR_052 → PAR_069 → PAR_061 → PAR_052,2.147,0.716,3_pares
PAR_014,PAR_069,PAR_034,PAR_014 → PAR_069 → PAR_034 → PAR_014,2.147,0.716,3_pares
PAR_052,PAR_099,PAR_075,PAR_052 → PAR_099 → PAR_075 → PAR_052,2.147,0.716,3_pares
PAR_037,PAR_109,PAR_055,PAR_037 → PAR_109 → PAR_055 → PAR_037,2.147,0.716,3_pares
PAR_037,PAR_085,PAR_069,PAR_037 → PAR_085 → PAR_069 → PAR_037,2.147,0.716,3_pares
PAR_002,PAR_061,PAR_075,PAR_002 → PAR_061 → PAR_075 → PAR_002,2.147,0.716,3_pares
PAR_021,PAR_034,PAR_057,PAR_021 → PAR_034 → PAR_057 → PAR_021,2.147,0.716,3_pares
PAR_045,PAR_080,PAR_061,PAR_045 → PAR_080 → PAR_061 → PAR_045,2.147,0.716,3_pares
PAR_028,PAR_061,PAR_046,PAR_028 → PAR_061 → PAR_046 → PAR_028,2.146,0.715,3_pares
PAR_015,PAR_103,PAR_057,PAR_015 → PAR_103 → PAR_057 → PAR_015,2.146,0.715,3_pares
PAR_003,PAR_109,PAR_075,PAR_003 → PAR_109 → PAR_075 → PAR_003,2.146,0.715,3_pares
PAR_021,PAR_052,PAR_080,PAR_021 → PAR_052 → PAR_080 → PAR_021,2.146,0.715,3_pares
PAR_069,PAR_070,PAR_120,PAR_069 → PAR_070 → PAR_120 → PAR_069,2.146,0.715,3_pares
PAR_037,PAR_110,PAR_069,PAR_037 → PAR_110 → PAR_069 → PAR_037,2.146,0.715,3_pares
PAR_069,PAR_070,PAR_096,PAR_069 → PAR_070 → PAR_096 → PAR_069,2.146,0.715,3_pares
PAR_037,PAR_093,PAR_090,PAR_037 → PAR_093 → PAR_090 → PAR_037,2.146,0.715,3_pares
PAR_034,PAR_057,PAR_069,PAR_034 → PAR_057 → PAR_069 → PAR_034,2.146,0.715,3_pares
PAR_038,PAR_075,PAR_070,PAR_038 → PAR_075 → PAR_070 → PAR_038,2.146,0.715,3_pares
PAR_055,PAR_075,PAR_109,PAR_055 → PAR_075 → PAR_109 → PAR_055,2.146,0.715,3_pares
PAR_027,PAR_057,PAR_070,PAR_027 → PAR_057 → PAR_070 → PAR_027,2.146,0.715,3_pares
PAR_037,PAR_103,PAR_061,PAR_037 → PAR_103 → PAR_061 → PAR_037,2.145,0.715,3_pares
PAR_075,PAR_093,PAR_090,PAR_075 → PAR_093 → PAR_090 → PAR_075,2.145,0.715,3_pares
PAR_053,PAR_055,PAR_070,PAR_053 → PAR_055 → PAR_070 → PAR_053,2.145,0.715,3_pares
PAR_069,PAR_111,PAR_090,PAR_069 → PAR_111 → PAR_090 → PAR_069,2.145,0.715,3_pares
PAR_034,PAR_046,PAR_117,PAR_034 → PAR_046 → PAR_117 → PAR_034,2.145,0.715,3_pares
PAR_061,PAR_070,PAR_109,PAR_061 → PAR_070 → PAR_109 → PAR_061,2.145,0.715,3_pares
PAR_037,PAR_096,PAR_090,PAR_037 → PAR_096 → PAR_090 → PAR_037,2.145,0.715,3_pares
PAR_021,PAR_034,PAR_070,PAR_021 → PAR_034 → PAR_070 → PAR_021,2.145,0.715,3_pares
PAR_003,PAR_021,PAR_073,PAR_003 → PAR_021 → PAR_073 → PAR_003,2.145,0.715,3_pares
PAR_037,PAR_120,PAR_090,PAR_037 → PAR_120 → PAR_090 → PAR_037,2.145,0.715,3_pares
PAR_015,PAR_053,PAR_037,PAR_015 → PAR_053 → PAR_037 → PAR_015,2.145,0.715,3_pares
PAR_051,PAR_101,PAR_075,PAR_051 → PAR_101 → PAR_075 → PAR_051,2.144,0.715,3_pares
PAR_037,PAR_057,PAR_111,PAR_037 → PAR_057 → PAR_111 → PAR_037,2.144,0.715,3_pares
PAR_030,PAR_069,PAR_075,PAR_030 → PAR_069 → PAR_075 → PAR_030,2.144,0.715,3_pares
PAR_014,PAR_092,PAR_099,PAR_014 → PAR_092 → PAR_099 → PAR_014,2.144,0.715,3_pares
PAR_061,PAR_075,PAR_103,PAR_061 → PAR_075 → PAR_103 → PAR_061,2.144,0.715,3_pares
PAR_058,PAR_068,PAR_070,PAR_058 → PAR_068 → PAR_070 → PAR_058,2.144,0.715,3_pares
PAR_027,PAR_092,PAR_028,PAR_027 → PAR_092 → PAR_028 → PAR_027,2.144,0.715,3_pares
PAR_037,PAR_051,PAR_080,PAR_037 → PAR_051 → PAR_080 → PAR_037,2.144,0.715,3_pares
PAR_003,PAR_021,PAR_075,PAR_003 → PAR_021 → PAR_075 → PAR_003,2.144,0.715,3_pares
PAR_003,PAR_094,PAR_110,PAR_003 → PAR_094 → PAR_110 → PAR_003,2.144,0.715,3_pares
PAR_021,PAR_061,PAR_070,PAR_021 → PAR_061 → PAR_070 → PAR_021,2.143,0.714,3_pares
PAR_005,PAR_075,PAR_109,PAR_005 → PAR_075 → PAR_109 → PAR_005,2.143,0.714,3_pares
PAR_003,PAR_027,PAR_057,PAR_003 → PAR_027 → PAR_057 → PAR_003,2.143,0.714,3_pares
PAR_003,PAR_034,PAR_069,PAR_003 → PAR_034 → PAR_069 → PAR_003,2.143,0.714,3_pares
PAR_037,PAR_085,PAR_075,PAR_037 → PAR_085 → PAR_075 → PAR_037,2.143,0.714,3_pares
PAR_003,PAR_021,PAR_034,PAR_003 → PAR_021 → PAR_034 → PAR_003,2.143,0.714,3_pares
PAR_037,PAR_051,PAR_053,PAR_037 → PAR_051 → PAR_053 → PAR_037,2.143,0.714,3_pares
PAR_075,PAR_120,PAR_090,PAR_075 → PAR_120 → PAR_090 → PAR_075,2.143,0.714,3_pares
PAR_057,PAR_075,PAR_111,PAR_057 → PAR_075 → PAR_111 → PAR_057,2.143,0.714,3_pares
PAR_090,PAR_092,PAR_099,PAR_090 → PAR_092 → PAR_099 → PAR_090,2.143,0.714,3_pares
PAR_027,PAR_055,PAR_070,PAR_027 → PAR_055 → PAR_070 → PAR_027,2.143,0.714,3_pares
PAR_029,PAR_094,PAR_057,PAR_029 → PAR_094 → PAR_057 → PAR_029,2.143,0.714,3_pares
PAR_007,PAR_093,PAR_061,PAR_007 → PAR_093 → PAR_061 → PAR_007,2.143,0.714,3_pares
PAR_026,PAR_028,PAR_070,PAR_026 → PAR_028 → PAR_070 → PAR_026,2.143,0.714,3_pares
PAR_061,PAR_094,PAR_068,PAR_061 → PAR_094 → PAR_068 → PAR_061,2.143,0.714,3_pares
PAR_003,PAR_094,PAR_030,PAR_003 → PAR_094 → PAR_030 → PAR_003,2.143,0.714,3_pares
PAR_064,PAR_073,PAR_070,PAR_064 → PAR_073 → PAR_070 → PAR_064,2.143,0.714,3_pares
PAR_029,PAR_070,PAR_094,PAR_029 → PAR_070 → PAR_094 → PAR_029,2.143,0.714,3_pares
PAR_037,PAR_103,PAR_094,PAR_037 → PAR_103 → PAR_094 → PAR_037,2.142,0.714,3_pares
PAR_015,PAR_101,PAR_061,PAR_015 → PAR_101 → PAR_061 → PAR_015,2.142,0.714,3_pares
PAR_070,PAR_112,PAR_094,PAR_070 → PAR_112 → PAR_094 → PAR_070,2.142,0.714,3_pares
PAR_070,PAR_109,PAR_080,PAR_070 → PAR_109 → PAR_080 → PAR_070,2.142,0.714,3_pares
PAR_037,PAR_103,PAR_039,PAR_037 → PAR_103 → PAR_039 → PAR_037,2.142,0.714,3_pares
PAR_052,PAR_101,PAR_075,PAR_052 → PAR_101 → PAR_075 → PAR_052,2.142,0.714,3_pares
PAR_018,PAR_028,PAR_034,PAR_018 → PAR_028 → PAR_034 → PAR_018,2.142,0.714,3_pares
PAR_012,PAR_109,PAR_103,PAR_012 → PAR_109 → PAR_103 → PAR_012,2.142,0.714,3_pares
PAR_029,PAR_070,PAR_039,PAR_029 → PAR_070 → PAR_039 → PAR_029,2.142,0.714,3_pares
PAR_007,PAR_120,PAR_061,PAR_007 → PAR_120 → PAR_061 → PAR_007,2.142,0.714,3_pares
PAR_051,PAR_053,PAR_075,PAR_051 → PAR_053 → PAR_075 → PAR_051,2.142,0.714,3_pares
PAR_046,PAR_103,PAR_075,PAR_046 → PAR_103 → PAR_075 → PAR_046,2.142,0.714,3_pares
PAR_046,PAR_052,PAR_075,PAR_046 → PAR_052 → PAR_075 → PAR_046,2.142,0.714,3_pares
PAR_028,PAR_094,PAR_046,PAR_028 → PAR_094 → PAR_046 → PAR_028,2.142,0.714,3_pares
PAR_005,PAR_021,PAR_064,PAR_005 → PAR_021 → PAR_064 → PAR_005,2.142,0.714,3_pares
PAR_003,PAR_109,PAR_061,PAR_003 → PAR_109 → PAR_061 → PAR_003,2.142,0.714,3_pares
PAR_021,PAR_046,PAR_070,PAR_021 → PAR_046 → PAR_070 → PAR_021,2.142,0.714,3_pares
PAR_003,PAR_109,PAR_101,PAR_003 → PAR_109 → PAR_101 → PAR_003,2.142,0.714,3_pares
PAR_034,PAR_037,PAR_070,PAR_034 → PAR_037 → PAR_070 → PAR_034,2.142,0.714,3_pares
PAR_014,PAR_094,PAR_021,PAR_014 → PAR_094 → PAR_021 → PAR_014,2.141,0.714,3_pares
PAR_075,PAR_103,PAR_094,PAR_075 → PAR_103 → PAR_094 → PAR_075,2.141,0.714,3_pares
PAR_030,PAR_037,PAR_075,PAR_030 → PAR_037 → PAR_075 → PAR_030,2.141,0.714,3_pares
PAR_061,PAR_110,PAR_069,PAR_061 → PAR_110 → PAR_069 → PAR_061,2.141,0.714,3_pares
PAR_012,PAR_061,PAR_067,PAR_012 → PAR_061 → PAR_067 → PAR_012,2.141,0.714,3_pares
PAR_021,PAR_070,PAR_080,PAR_021 → PAR_070 → PAR_080 → PAR_021,2.141,0.714,3_pares
PAR_002,PAR_012,PAR_037,PAR_002 → PAR_012 → PAR_037 → PAR_002,2.141,0.714,3_pares
PAR_012,PAR_034,PAR_028,PAR_012 → PAR_034 → PAR_028 → PAR_012,2.141,0.714,3_pares
PAR_039,PAR_070,PAR_109,PAR_039 → PAR_070 → PAR_109 → PAR_039,2.141,0.714,3_pares
PAR_029,PAR_094,PAR_055,PAR_029 → PAR_094 → PAR_055 → PAR_029,2.141,0.714,3_pares
PAR_069,PAR_109,PAR_073,PAR_069 → PAR_109 → PAR_073 → PAR_069,2.141,0.714,3_pares
PAR_069,PAR_070,PAR_101,PAR_069 → PAR_070 → PAR_101 → PAR_069,2.141,0.714,3_pares
PAR_034,PAR_075,PAR_070,PAR_034 → PAR_075 → PAR_070 → PAR_034,2.141,0.714,3_pares
PAR_028,PAR_061,PAR_045,PAR_028 → PAR_061 → PAR_045 → PAR_028,2.141,0.714,3_pares
PAR_003,PAR_094,PAR_029,PAR_003 → PAR_094 → PAR_029 → PAR_003,2.141,0.714,3_pares
PAR_037,PAR_109,PAR_069,PAR_037 → PAR_109 → PAR_069 → PAR_037,2.141,0.714,3_pares
PAR_003,PAR_092,PAR_099,PAR_003 → PAR_092 → PAR_099 → PAR_003,2.141,0.714,3_pares
PAR_034,PAR_070,PAR_096,PAR_034 → PAR_070 → PAR_096 → PAR_034,2.141,0.714,3_pares
PAR_037,PAR_110,PAR_075,PAR_037 → PAR_110 → PAR_075 → PAR_037,2.141,0.714,3_pares
PAR_055,PAR_075,PAR_064,PAR_055 → PAR_075 → PAR_064 → PAR_055,2.141,0.714,3_pares
PAR_003,PAR_027,PAR_055,PAR_003 → PAR_027 → PAR_055 → PAR_003,2.141,0.714,3_pares
PAR_007,PAR_099,PAR_061,PAR_007 → PAR_099 → PAR_061 → PAR_007,2.141,0.714,3_pares
PAR_012,PAR_109,PAR_058,PAR_012 → PAR_109 → PAR_058 → PAR_012,2.14,0.713,3_pares
PAR_070,PAR_076,PAR_094,PAR_070 → PAR_076 → PAR_094 → PAR_070,2.14,0.713,3_pares
PAR_037,PAR_109,PAR_093,PAR_037 → PAR_109 → PAR_093 → PAR_037,2.14,0.713,3_pares
PAR_003,PAR_021,PAR_046,PAR_003 → PAR_021 → PAR_046 → PAR_003,2.14,0.713,3_pares
PAR_003,PAR_021,PAR_061,PAR_003 → PAR_021 → PAR_061 → PAR_003,2.14,0.713,3_pares
PAR_021,PAR_070,PAR_094,PAR_021 → PAR_070 → PAR_094 → PAR_021,2.14,0.713,3_pares
PAR_012,PAR_021,PAR_052,PAR_012 → PAR_021 → PAR_052 → PAR_012,2.14,0.713,3_pares
PAR_021,PAR_046,PAR_055,PAR_021 → PAR_046 → PAR_055 → PAR_021,2.14,0.713,3_pares
PAR_003,PAR_075,PAR_064,PAR_003 → PAR_075 → PAR_064 → PAR_003,2.14,0.713,3_pares
PAR_029,PAR_069,PAR_075,PAR_029 → PAR_069 → PAR_075 → PAR_029,2.14,0.713,3_pares
PAR_005,PAR_070,PAR_027,PAR_005 → PAR_070 → PAR_027 → PAR_005,2.14,0.713,3_pares
PAR_003,PAR_075,PAR_099,PAR_003 → PAR_075 → PAR_099 → PAR_003,2.14,0.713,3_pares
PAR_027,PAR_075,PAR_117,PAR_027 → PAR_075 → PAR_117 → PAR_027,2.14,0.713,3_pares
PAR_005,PAR_021,PAR_034,PAR_005 → PAR_021 → PAR_034 → PAR_005,2.14,0.713,3_pares
PAR_003,PAR_111,PAR_073,PAR_003 → PAR_111 → PAR_073 → PAR_003,2.14,0.713,3_pares
PAR_037,PAR_058,PAR_094,PAR_037 → PAR_058 → PAR_094 → PAR_037,2.14,0.713,3_pares
PAR_015,PAR_080,PAR_061,PAR_015 → PAR_080 → PAR_061 → PAR_015,2.14,0.713,3_pares
PAR_012,PAR_015,PAR_099,PAR_012 → PAR_015 → PAR_099 → PAR_012,2.139,0.713,3_pares
PAR_029,PAR_037,PAR_073,PAR_029 → PAR_037 → PAR_073 → PAR_029,2.139,0.713,3_pares
PAR_021,PAR_039,PAR_070,PAR_021 → PAR_039 → PAR_070 → PAR_021,2.139,0.713,3_pares
PAR_038,PAR_094,PAR_070,PAR_038 → PAR_094 → PAR_070 → PAR_038,2.139,0.713,3_pares
PAR_037,PAR_046,PAR_085,PAR_037 → PAR_046 → PAR_085 → PAR_037,2.139,0.713,3_pares
PAR_003,PAR_034,PAR_092,PAR_003 → PAR_034 → PAR_092 → PAR_003,2.139,0.713,3_pares
PAR_069,PAR_075,PAR_076,PAR_069 → PAR_075 → PAR_076 → PAR_069,2.139,0.713,3_pares
PAR_037,PAR_046,PAR_090,PAR_037 → PAR_046 → PAR_090 → PAR_037,2.139,0.713,3_pares
PAR_015,PAR_101,PAR_094,PAR_015 → PAR_101 → PAR_094 → PAR_015,2.139,0.713,3_pares
PAR_028,PAR_070,PAR_065,PAR_028 → PAR_070 → PAR_065 → PAR_028,2.139,0.713,3_pares
PAR_034,PAR_092,PAR_055,PAR_034 → PAR_092 → PAR_055 → PAR_034,2.139,0.713,3_pares
PAR_037,PAR_101,PAR_090,PAR_037 → PAR_101 → PAR_090 → PAR_037,2.139,0.713,3_pares
PAR_012,PAR_029,PAR_070,PAR_012 → PAR_029 → PAR_070 → PAR_012,2.139,0.713,3_pares
PAR_005,PAR_109,PAR_046,PAR_005 → PAR_109 → PAR_046 → PAR_005,2.139,0.713,3_pares
PAR_037,PAR_085,PAR_061,PAR_037 → PAR_085 → PAR_061 → PAR_037,2.139,0.713,3_pares
PAR_003,PAR_034,PAR_075,PAR_003 → PAR_034 → PAR_075 → PAR_003,2.139,0.713,3_pares
PAR_061,PAR_070,PAR_120,PAR_061 → PAR_070 → PAR_120 → PAR_061,2.139,0.713,3_pares
PAR_021,PAR_069,PAR_037,PAR_021 → PAR_069 → PAR_037 → PAR_021,2.139,0.713,3_pares
PAR_021,PAR_073,PAR_069,PAR_021 → PAR_073 → PAR_069 → PAR_021,2.139,0.713,3_pares
PAR_090,PAR_094,PAR_093,PAR_090 → PAR_094 → PAR_093 → PAR_090,2.138,0.713,3_pares
PAR_005,PAR_075,PAR_064,PAR_005 → PAR_075 → PAR_064 → PAR_005,2.138,0.713,3_pares
PAR_003,PAR_109,PAR_039,PAR_003 → PAR_109 → PAR_039 → PAR_003,2.138,0.713,3_pares
PAR_012,PAR_094,PAR_067,PAR_012 → PAR_094 → PAR_067 → PAR_012,2.138,0.713,3_pares
PAR_003,PAR_094,PAR_076,PAR_003 → PAR_094 → PAR_076 → PAR_003,2.138,0.713,3_pares
PAR_061,PAR_103,PAR_080,PAR_061 → PAR_103 → PAR_080 → PAR_061,2.138,0.713,3_pares
PAR_037,PAR_046,PAR_070,PAR_037 → PAR_046 → PAR_070 → PAR_037,2.138,0.713,3_pares
PAR_003,PAR_038,PAR_094,PAR_003 → PAR_038 → PAR_094 → PAR_003,2.138,0.713,3_pares
PAR_026,PAR_101,PAR_075,PAR_026 → PAR_101 → PAR_075 → PAR_026,2.138,0.713,3_pares
PAR_037,PAR_101,PAR_070,PAR_037 → PAR_101 → PAR_070 → PAR_037,2.138,0.713,3_pares
PAR_028,PAR_037,PAR_051,PAR_028 → PAR_037 → PAR_051 → PAR_028,2.138,0.713,3_pares
PAR_037,PAR_109,PAR_073,PAR_037 → PAR_109 → PAR_073 → PAR_037,2.138,0.713,3_pares
PAR_028,PAR_094,PAR_045,PAR_028 → PAR_094 → PAR_045 → PAR_028,2.138,0.713,3_pares
PAR_075,PAR_101,PAR_090,PAR_075 → PAR_101 → PAR_090 → PAR_075,2.138,0.713,3_pares
PAR_021,PAR_037,PAR_093,PAR_021 → PAR_037 → PAR_093 → PAR_021,2.138,0.713,3_pares
PAR_052,PAR_057,PAR_070,PAR_052 → PAR_057 → PAR_070 → PAR_052,2.137,0.712,3_pares
PAR_061,PAR_110,PAR_075,PAR_061 → PAR_110 → PAR_075 → PAR_061,2.137,0.712,3_pares
PAR_026,PAR_103,PAR_070,PAR_026 → PAR_103 → PAR_070 → PAR_026,2.137,0.712,3_pares
PAR_007,PAR_094,PAR_034,PAR_007 → PAR_094 → PAR_034 → PAR_007,2.137,0.712,3_pares
PAR_090,PAR_094,PAR_120,PAR_090 → PAR_094 → PAR_120 → PAR_090,2.137,0.712,3_pares
PAR_021,PAR_037,PAR_073,PAR_021 → PAR_037 → PAR_073 → PAR_021,2.137,0.712,3_pares
PAR_007,PAR_094,PAR_099,PAR_007 → PAR_094 → PAR_099 → PAR_007,2.137,0.712,3_pares
PAR_037,PAR_053,PAR_070,PAR_037 → PAR_053 → PAR_070 → PAR_037,2.137,0.712,3_pares
PAR_053,PAR_057,PAR_092,PAR_053 → PAR_057 → PAR_092 → PAR_053,2.137,0.712,3_pares
PAR_037,PAR_046,PAR_110,PAR_037 → PAR_046 → PAR_110 → PAR_037,2.137,0.712,3_pares
PAR_073,PAR_075,PAR_109,PAR_073 → PAR_075 → PAR_109 → PAR_073,2.137,0.712,3_pares
PAR_021,PAR_037,PAR_096,PAR_021 → PAR_037 → PAR_096 → PAR_021,2.137,0.712,3_pares
PAR_046,PAR_085,PAR_075,PAR_046 → PAR_085 → PAR_075 → PAR_046,2.137,0.712,3_pares
PAR_024,PAR_037,PAR_070,PAR_024 → PAR_037 → PAR_070 → PAR_024,2.136,0.712,3_pares
PAR_003,PAR_070,PAR_015,PAR_003 → PAR_070 → PAR_015 → PAR_003,2.136,0.712,3_pares
PAR_037,PAR_103,PAR_068,PAR_037 → PAR_103 → PAR_068 → PAR_037,2.136,0.712,3_pares
PAR_012,PAR_037,PAR_058,PAR_012 → PAR_037 → PAR_058 → PAR_012,2.136,0.712,3_pares
PAR_028,PAR_070,PAR_109,PAR_028 → PAR_070 → PAR_109 → PAR_028,2.136,0.712,3_pares
PAR_053,PAR_057,PAR_111,PAR_053 → PAR_057 → PAR_111 → PAR_053,2.136,0.712,3_pares
PAR_057,PAR_111,PAR_094,PAR_057 → PAR_111 → PAR_094 → PAR_057,2.136,0.712,3_pares
PAR_053,PAR_073,PAR_070,PAR_053 → PAR_073 → PAR_070 → PAR_053,2.136,0.712,3_pares
PAR_037,PAR_109,PAR_075,PAR_037 → PAR_109 → PAR_075 → PAR_037,2.136,0.712,3_pares
PAR_002,PAR_012,PAR_061,PAR_002 → PAR_012 → PAR_061 → PAR_002,2.136,0.712,3_pares
PAR_034,PAR_070,PAR_101,PAR_034 → PAR_070 → PAR_101 → PAR_034,2.136,0.712,3_pares
PAR_003,PAR_021,PAR_039,PAR_003 → PAR_021 → PAR_039 → PAR_003,2.136,0.712,3_pares
PAR_061,PAR_069,PAR_109,PAR_061 → PAR_069 → PAR_109 → PAR_061,2.136,0.712,3_pares
PAR_068,PAR_070,PAR_109,PAR_068 → PAR_070 → PAR_109 → PAR_068,2.136,0.712,3_pares
PAR_070,PAR_094,PAR_120,PAR_070 → PAR_094 → PAR_120 → PAR_070,2.136,0.712,3_pares
PAR_021,PAR_075,PAR_093,PAR_021 → PAR_075 → PAR_093 → PAR_021,2.136,0.712,3_pares
PAR_037,PAR_053,PAR_110,PAR_037 → PAR_053 → PAR_110 → PAR_037,2.136,0.712,3_pares
PAR_021,PAR_109,PAR_046,PAR_021 → PAR_109 → PAR_046 → PAR_021,2.136,0.712,3_pares
PAR_029,PAR_075,PAR_034,PAR_029 → PAR_075 → PAR_034 → PAR_029,2.136,0.712,3_pares
PAR_007,PAR_101,PAR_061,PAR_007 → PAR_101 → PAR_061 → PAR_007,2.136,0.712,3_pares
PAR_027,PAR_069,PAR_070,PAR_027 → PAR_069 → PAR_070 → PAR_027,2.136,0.712,3_pares
PAR_021,PAR_073,PAR_075,PAR_021 → PAR_073 → PAR_075 → PAR_021,2.135,0.712,3_pares
PAR_003,PAR_111,PAR_046,PAR_003 → PAR_111 → PAR_046 → PAR_003,2.135,0.712,3_pares
PAR_027,PAR_093,PAR_070,PAR_027 → PAR_093 → PAR_070 → PAR_027,2.135,0.712,3_pares
PAR_012,PAR_109,PAR_030,PAR_012 → PAR_109 → PAR_030 → PAR_012,2.135,0.712,3_pares
PAR_037,PAR_053,PAR_055,PAR_037 → PAR_053 → PAR_055 → PAR_037,2.135,0.712,3_pares
PAR_024,PAR_090,PAR_075,PAR_024 → PAR_090 → PAR_075 → PAR_024,2.135,0.712,3_pares
PAR_053,PAR_070,PAR_111,PAR_053 → PAR_070 → PAR_111 → PAR_053,2.135,0.712,3_pares
PAR_069,PAR_109,PAR_101,PAR_069 → PAR_109 → PAR_101 → PAR_069,2.135,0.712,3_pares
PAR_037,PAR_112,PAR_061,PAR_037 → PAR_112 → PAR_061 → PAR_037,2.135,0.712,3_pares
PAR_030,PAR_075,PAR_046,PAR_030 → PAR_075 → PAR_046 → PAR_030,2.135,0.712,3_pares
PAR_053,PAR_075,PAR_070,PAR_053 → PAR_075 → PAR_070 → PAR_053,2.135,0.712,3_pares
PAR_024,PAR_075,PAR_070,PAR_024 → PAR_075 → PAR_070 → PAR_024,2.135,0.712,3_pares
PAR_046,PAR_110,PAR_075,PAR_046 → PAR_110 → PAR_075 → PAR_046,2.135,0.712,3_pares
PAR_052,PAR_085,PAR_070,PAR_052 → PAR_085 → PAR_070 → PAR_052,2.135,0.712,3_pares
PAR_069,PAR_075,PAR_097,PAR_069 → PAR_075 → PAR_097 → PAR_069,2.134,0.711,3_pares
PAR_057,PAR_070,PAR_058,PAR_057 → PAR_070 → PAR_058 → PAR_057,2.134,0.711,3_pares
PAR_021,PAR_028,PAR_070,PAR_021 → PAR_028 → PAR_070 → PAR_021,2.134,0.711,3_pares
PAR_046,PAR_070,PAR_061,PAR_046 → PAR_070 → PAR_061 → PAR_046,2.134,0.711,3_pares
PAR_003,PAR_027,PAR_069,PAR_003 → PAR_027 → PAR_069 → PAR_003,2.134,0.711,3_pares
PAR_061,PAR_070,PAR_101,PAR_061 → PAR_070 → PAR_101 → PAR_061,2.134,0.711,3_pares
PAR_003,PAR_012,PAR_038,PAR_003 → PAR_012 → PAR_038 → PAR_003,2.134,0.711,3_pares
PAR_053,PAR_055,PAR_092,PAR_053 → PAR_055 → PAR_092 → PAR_053,2.134,0.711,3_pares
PAR_034,PAR_070,PAR_080,PAR_034 → PAR_070 → PAR_080 → PAR_034,2.134,0.711,3_pares
PAR_012,PAR_075,PAR_102,PAR_012 → PAR_075 → PAR_102 → PAR_012,2.134,0.711,3_pares
PAR_037,PAR_110,PAR_094,PAR_037 → PAR_110 → PAR_094 → PAR_037,2.134,0.711,3_pares
PAR_052,PAR_068,PAR_075,PAR_052 → PAR_068 → PAR_075 → PAR_052,2.134,0.711,3_pares
PAR_027,PAR_037,PAR_070,PAR_027 → PAR_037 → PAR_070 → PAR_027,2.134,0.711,3_pares
PAR_039,PAR_094,PAR_103,PAR_039 → PAR_094 → PAR_103 → PAR_039,2.134,0.711,3_pares
PAR_021,PAR_061,PAR_069,PAR_021 → PAR_061 → PAR_069 → PAR_021,2.134,0.711,3_pares
PAR_034,PAR_070,PAR_094,PAR_034 → PAR_070 → PAR_094 → PAR_034,2.134,0.711,3_pares
PAR_046,PAR_093,PAR_109,PAR_046 → PAR_093 → PAR_109 → PAR_046,2.133,0.711,3_pares
PAR_021,PAR_061,PAR_093,PAR_021 → PAR_061 → PAR_093 → PAR_021,2.133,0.711,3_pares
PAR_003,PAR_070,PAR_052,PAR_003 → PAR_070 → PAR_052 → PAR_003,2.133,0.711,3_pares
PAR_064,PAR_093,PAR_075,PAR_064 → PAR_093 → PAR_075 → PAR_064,2.133,0.711,3_pares
PAR_029,PAR_075,PAR_061,PAR_029 → PAR_075 → PAR_061 → PAR_029,2.133,0.711,3_pares
PAR_061,PAR_073,PAR_109,PAR_061 → PAR_073 → PAR_109 → PAR_061,2.133,0.711,3_pares
PAR_037,PAR_058,PAR_068,PAR_037 → PAR_058 → PAR_068 → PAR_037,2.133,0.711,3_pares
PAR_069,PAR_109,PAR_080,PAR_069 → PAR_109 → PAR_080 → PAR_069,2.133,0.711,3_pares
PAR_069,PAR_075,PAR_111,PAR_069 → PAR_075 → PAR_111 → PAR_069,2.133,0.711,3_pares
PAR_003,PAR_094,PAR_099,PAR_003 → PAR_094 → PAR_099 → PAR_003,2.133,0.711,3_pares
PAR_027,PAR_075,PAR_070,PAR_027 → PAR_075 → PAR_070 → PAR_027,2.133,0.711,3_pares
PAR_027,PAR_073,PAR_070,PAR_027 → PAR_073 → PAR_070 → PAR_027,2.133,0.711,3_pares
PAR_012,PAR_061,PAR_103,PAR_012 → PAR_061 → PAR_103 → PAR_012,2.133,0.711,3_pares
PAR_003,PAR_094,PAR_064,PAR_003 → PAR_094 → PAR_064 → PAR_003,2.133,0.711,3_pares
PAR_037,PAR_109,PAR_061,PAR_037 → PAR_109 → PAR_061 → PAR_037,2.133,0.711,3_pares
PAR_012,PAR_051,PAR_101,PAR_012 → PAR_051 → PAR_101 → PAR_012,2.133,0.711,3_pares
PAR_016,PAR_069,PAR_037,PAR_016 → PAR_069 → PAR_037 → PAR_016,2.133,0.711,3_pares
PAR_092,PAR_099,PAR_093,PAR_092 → PAR_099 → PAR_093 → PAR_092,2.133,0.711,3_pares
PAR_075,PAR_099,PAR_093,PAR_075 → PAR_099 → PAR_093 → PAR_075,2.132,0.711,3_pares
PAR_026,PAR_101,PAR_094,PAR_026 → PAR_101 → PAR_094 → PAR_026,2.132,0.711,3_pares
PAR_037,PAR_112,PAR_094,PAR_037 → PAR_112 → PAR_094 → PAR_037,2.132,0.711,3_pares
PAR_028,PAR_061,PAR_103,PAR_028 → PAR_061 → PAR_103 → PAR_028,2.132,0.711,3_pares
PAR_046,PAR_064,PAR_109,PAR_046 → PAR_064 → PAR_109 → PAR_046,2.132,0.711,3_pares
PAR_029,PAR_037,PAR_080,PAR_029 → PAR_037 → PAR_080 → PAR_029,2.132,0.711,3_pares
PAR_046,PAR_096,PAR_109,PAR_046 → PAR_096 → PAR_109 → PAR_046,2.132,0.711,3_pares
PAR_037,PAR_075,PAR_097,PAR_037 → PAR_075 → PAR_097 → PAR_037,2.132,0.711,3_pares
PAR_003,PAR_111,PAR_039,PAR_003 → PAR_111 → PAR_039 → PAR_003,2.132,0.711,3_pares
PAR_068,PAR_069,PAR_070,PAR_068 → PAR_069 → PAR_070 → PAR_068,2.132,0.711,3_pares
PAR_039,PAR_069,PAR_109,PAR_039 → PAR_069 → PAR_109 → PAR_039,2.132,0.711,3_pares
PAR_021,PAR_046,PAR_093,PAR_021 → PAR_046 → PAR_093 → PAR_021,2.132,0.711,3_pares
PAR_061,PAR_075,PAR_109,PAR_061 → PAR_075 → PAR_109 → PAR_061,2.132,0.711,3_pares
PAR_001,PAR_003,PAR_021,PAR_001 → PAR_003 → PAR_021 → PAR_001,2.132,0.711,3_pares
PAR_029,PAR_075,PAR_046,PAR_029 → PAR_075 → PAR_046 → PAR_029,2.132,0.711,3_pares
PAR_053,PAR_055,PAR_111,PAR_053 → PAR_055 → PAR_111 → PAR_053,2.132,0.711,3_pares
PAR_007,PAR_012,PAR_034,PAR_007 → PAR_012 → PAR_034 → PAR_007,2.132,0.711,3_pares
PAR_070,PAR_109,PAR_117,PAR_070 → PAR_109 → PAR_117 → PAR_070,2.132,0.711,3_pares
PAR_061,PAR_065,PAR_101,PAR_061 → PAR_065 → PAR_101 → PAR_061,2.131,0.71,3_pares
PAR_029,PAR_075,PAR_080,PAR_029 → PAR_075 → PAR_080 → PAR_029,2.131,0.71,3_pares
PAR_029,PAR_094,PAR_073,PAR_029 → PAR_094 → PAR_073 → PAR_029,2.131,0.71,3_pares
PAR_061,PAR_094,PAR_085,PAR_061 → PAR_094 → PAR_085 → PAR_061,2.131,0.71,3_pares
PAR_090,PAR_094,PAR_101,PAR_090 → PAR_094 → PAR_101 → PAR_090,2.131,0.71,3_pares
PAR_021,PAR_061,PAR_037,PAR_021 → PAR_061 → PAR_037 → PAR_021,2.131,0.71,3_pares
PAR_064,PAR_073,PAR_075,PAR_064 → PAR_073 → PAR_075 → PAR_064,2.131,0.71,3_pares
PAR_034,PAR_037,PAR_073,PAR_034 → PAR_037 → PAR_073 → PAR_034,2.131,0.71,3_pares
PAR_034,PAR_037,PAR_096,PAR_034 → PAR_037 → PAR_096 → PAR_034,2.131,0.71,3_pares
PAR_012,PAR_037,PAR_030,PAR_012 → PAR_037 → PAR_030 → PAR_012,2.131,0.71,3_pares
PAR_021,PAR_061,PAR_073,PAR_021 → PAR_061 → PAR_073 → PAR_021,2.131,0.71,3_pares
PAR_021,PAR_046,PAR_073,PAR_021 → PAR_046 → PAR_073 → PAR_021,2.131,0.71,3_pares
PAR_021,PAR_046,PAR_096,PAR_021 → PAR_046 → PAR_096 → PAR_021,2.131,0.71,3_pares
PAR_073,PAR_092,PAR_099,PAR_073 → PAR_092 → PAR_099 → PAR_073,2.131,0.71,3_pares
PAR_021,PAR_080,PAR_069,PAR_021 → PAR_080 → PAR_069 → PAR_021,2.131,0.71,3_pares
PAR_037,PAR_109,PAR_080,PAR_037 → PAR_109 → PAR_080 → PAR_037,2.131,0.71,3_pares
PAR_003,PAR_034,PAR_039,PAR_003 → PAR_034 → PAR_039 → PAR_003,2.131,0.71,3_pares
PAR_046,PAR_090,PAR_094,PAR_046 → PAR_090 → PAR_094 → PAR_046,2.131,0.71,3_pares
PAR_073,PAR_075,PAR_099,PAR_073 → PAR_075 → PAR_099 → PAR_073,2.131,0.71,3_pares
PAR_012,PAR_109,PAR_040,PAR_012 → PAR_109 → PAR_040 → PAR_012,2.131,0.71,3_pares
PAR_021,PAR_117,PAR_070,PAR_021 → PAR_117 → PAR_070 → PAR_021,2.13,0.71,3_pares
PAR_012,PAR_094,PAR_103,PAR_012 → PAR_094 → PAR_103 → PAR_012,2.13,0.71,3_pares
PAR_046,PAR_109,PAR_075,PAR_046 → PAR_109 → PAR_075 → PAR_046,2.13,0.71,3_pares
PAR_021,PAR_039,PAR_069,PAR_021 → PAR_039 → PAR_069 → PAR_021,2.13,0.71,3_pares
PAR_046,PAR_070,PAR_094,PAR_046 → PAR_070 → PAR_094 → PAR_046,2.13,0.71,3_pares
PAR_028,PAR_094,PAR_051,PAR_028 → PAR_094 → PAR_051 → PAR_028,2.13,0.71,3_pares
PAR_005,PAR_070,PAR_052,PAR_005 → PAR_070 → PAR_052 → PAR_005,2.13,0.71,3_pares
PAR_012,PAR_027,PAR_117,PAR_012 → PAR_027 → PAR_117 → PAR_012,2.13,0.71,3_pares
PAR_012,PAR_061,PAR_058,PAR_012 → PAR_061 → PAR_058 → PAR_012,2.13,0.71,3_pares
PAR_012,PAR_029,PAR_069,PAR_012 → PAR_029 → PAR_069 → PAR_012,2.13,0.71,3_pares
PAR_037,PAR_075,PAR_111,PAR_037 → PAR_075 → PAR_111 → PAR_037,2.13,0.71,3_pares
PAR_070,PAR_094,PAR_101,PAR_070 → PAR_094 → PAR_101 → PAR_070,2.13,0.71,3_pares
PAR_012,PAR_034,PAR_090,PAR_012 → PAR_034 → PAR_090 → PAR_012,2.13,0.71,3_pares
PAR_021,PAR_037,PAR_080,PAR_021 → PAR_037 → PAR_080 → PAR_021,2.13,0.71,3_pares
PAR_029,PAR_051,PAR_055,PAR_029 → PAR_051 → PAR_055 → PAR_029,2.13,0.71,3_pares
PAR_021,PAR_061,PAR_075,PAR_021 → PAR_061 → PAR_075 → PAR_021,2.13,0.71,3_pares
PAR_003,PAR_109,PAR_117,PAR_003 → PAR_109 → PAR_117 → PAR_003,2.13,0.71,3_pares
PAR_064,PAR_068,PAR_070,PAR_064 → PAR_068 → PAR_070 → PAR_064,2.13,0.71,3_pares
PAR_012,PAR_061,PAR_102,PAR_012 → PAR_061 → PAR_102 → PAR_012,2.13,0.71,3_pares
PAR_052,PAR_085,PAR_109,PAR_052 → PAR_085 → PAR_109 → PAR_052,2.13,0.71,3_pares
PAR_053,PAR_055,PAR_061,PAR_053 → PAR_055 → PAR_061 → PAR_053,2.129,0.71,3_pares
PAR_034,PAR_092,PAR_099,PAR_034 → PAR_092 → PAR_099 → PAR_034,2.129,0.71,3_pares
PAR_021,PAR_075,PAR_046,PAR_021 → PAR_075 → PAR_046 → PAR_021,2.129,0.71,3_pares
PAR_037,PAR_053,PAR_069,PAR_037 → PAR_053 → PAR_069 → PAR_037,2.129,0.71,3_pares
PAR_037,PAR_076,PAR_094,PAR_037 → PAR_076 → PAR_094 → PAR_037,2.129,0.71,3_pares
PAR_061,PAR_099,PAR_069,PAR_061 → PAR_099 → PAR_069 → PAR_061,2.129,0.71,3_pares
PAR_037,PAR_109,PAR_039,PAR_037 → PAR_109 → PAR_039 → PAR_037,2.129,0.71,3_pares
PAR_012,PAR_075,PAR_033,PAR_012 → PAR_075 → PAR_033 → PAR_012,2.129,0.71,3_pares
PAR_021,PAR_052,PAR_057,PAR_021 → PAR_052 → PAR_057 → PAR_021,2.129,0.71,3_pares
PAR_028,PAR_094,PAR_103,PAR_028 → PAR_094 → PAR_103 → PAR_028,2.129,0.71,3_pares
PAR_028,PAR_034,PAR_070,PAR_028 → PAR_034 → PAR_070 → PAR_028,2.128,0.709,3_pares
PAR_068,PAR_090,PAR_075,PAR_068 → PAR_090 → PAR_075 → PAR_068,2.128,0.709,3_pares
PAR_021,PAR_075,PAR_080,PAR_021 → PAR_075 → PAR_080 → PAR_021,2.128,0.709,3_pares
PAR_037,PAR_053,PAR_093,PAR_037 → PAR_053 → PAR_093 → PAR_037,2.128,0.709,3_pares
PAR_021,PAR_073,PAR_094,PAR_021 → PAR_073 → PAR_094 → PAR_021,2.128,0.709,3_pares
PAR_005,PAR_070,PAR_058,PAR_005 → PAR_070 → PAR_058 → PAR_005,2.128,0.709,3_pares
PAR_007,PAR_068,PAR_061,PAR_007 → PAR_068 → PAR_061 → PAR_007,2.128,0.709,3_pares
PAR_034,PAR_046,PAR_069,PAR_034 → PAR_046 → PAR_069 → PAR_034,2.128,0.709,3_pares
PAR_016,PAR_069,PAR_061,PAR_016 → PAR_069 → PAR_061 → PAR_016,2.128,0.709,3_pares
PAR_015,PAR_099,PAR_057,PAR_015 → PAR_099 → PAR_057 → PAR_015,2.128,0.709,3_pares
PAR_037,PAR_103,PAR_058,PAR_037 → PAR_103 → PAR_058 → PAR_037,2.128,0.709,3_pares
PAR_001,PAR_003,PAR_111,PAR_001 → PAR_003 → PAR_111 → PAR_001,2.128,0.709,3_pares
PAR_002,PAR_037,PAR_070,PAR_002 → PAR_037 → PAR_070 → PAR_002,2.128,0.709,3_pares
PAR_075,PAR_076,PAR_094,PAR_075 → PAR_076 → PAR_094 → PAR_075,2.128,0.709,3_pares
PAR_052,PAR_110,PAR_109,PAR_052 → PAR_110 → PAR_109 → PAR_052,2.128,0.709,3_pares
PAR_025,PAR_055,PAR_069,PAR_025 → PAR_055 → PAR_069 → PAR_025,2.128,0.709,3_pares
PAR_003,PAR_021,PAR_117,PAR_003 → PAR_021 → PAR_117 → PAR_003,2.128,0.709,3_pares
PAR_046,PAR_069,PAR_111,PAR_046 → PAR_069 → PAR_111 → PAR_046,2.128,0.709,3_pares
PAR_021,PAR_092,PAR_053,PAR_021 → PAR_092 → PAR_053 → PAR_021,2.128,0.709,3_pares
PAR_021,PAR_039,PAR_037,PAR_021 → PAR_039 → PAR_037 → PAR_021,2.127,0.709,3_pares
PAR_012,PAR_094,PAR_102,PAR_012 → PAR_094 → PAR_102 → PAR_012,2.127,0.709,3_pares
PAR_052,PAR_117,PAR_061,PAR_052 → PAR_117 → PAR_061 → PAR_052,2.127,0.709,3_pares
PAR_012,PAR_038,PAR_069,PAR_012 → PAR_038 → PAR_069 → PAR_012,2.127,0.709,3_pares
PAR_018,PAR_101,PAR_070,PAR_018 → PAR_101 → PAR_070 → PAR_018,2.127,0.709,3_pares
PAR_037,PAR_046,PAR_064,PAR_037 → PAR_046 → PAR_064 → PAR_037,2.127,0.709,3_pares
PAR_037,PAR_046,PAR_099,PAR_037 → PAR_046 → PAR_099 → PAR_037,2.127,0.709,3_pares
PAR_012,PAR_061,PAR_091,PAR_012 → PAR_061 → PAR_091 → PAR_012,2.127,0.709,3_pares
PAR_027,PAR_055,PAR_061,PAR_027 → PAR_055 → PAR_061 → PAR_027,2.127,0.709,3_pares
PAR_061,PAR_075,PAR_064,PAR_061 → PAR_075 → PAR_064 → PAR_061,2.127,0.709,3_pares
PAR_007,PAR_117,PAR_034,PAR_007 → PAR_117 → PAR_034 → PAR_007,2.127,0.709,3_pares
PAR_014,PAR_029,PAR_070,PAR_014 → PAR_029 → PAR_070 → PAR_014,2.127,0.709,3_pares
PAR_003,PAR_069,PAR_025,PAR_003 → PAR_069 → PAR_025 → PAR_003,2.127,0.709,3_pares
PAR_021,PAR_051,PAR_055,PAR_021 → PAR_051 → PAR_055 → PAR_021,2.127,0.709,3_pares
PAR_012,PAR_094,PAR_058,PAR_012 → PAR_094 → PAR_058 → PAR_012,2.127,0.709,3_pares
PAR_034,PAR_080,PAR_069,PAR_034 → PAR_080 → PAR_069 → PAR_034,2.126,0.709,3_pares
PAR_046,PAR_101,PAR_109,PAR_046 → PAR_101 → PAR_109 → PAR_046,2.126,0.709,3_pares
PAR_092,PAR_099,PAR_101,PAR_092 → PAR_099 → PAR_101 → PAR_092,2.126,0.709,3_pares
PAR_052,PAR_069,PAR_070,PAR_052 → PAR_069 → PAR_070 → PAR_052,2.126,0.709,3_pares
PAR_015,PAR_099,PAR_090,PAR_015 → PAR_099 → PAR_090 → PAR_015,2.126,0.709,3_pares
PAR_003,PAR_070,PAR_110,PAR_003 → PAR_070 → PAR_110 → PAR_003,2.126,0.709,3_pares
PAR_061,PAR_099,PAR_073,PAR_061 → PAR_099 → PAR_073 → PAR_061,2.126,0.709,3_pares
PAR_037,PAR_053,PAR_073,PAR_037 → PAR_053 → PAR_073 → PAR_037,2.126,0.709,3_pares
PAR_002,PAR_003,PAR_037,PAR_002 → PAR_003 → PAR_037 → PAR_002,2.126,0.709,3_pares
PAR_014,PAR_070,PAR_109,PAR_014 → PAR_070 → PAR_109 → PAR_014,2.126,0.709,3_pares
PAR_061,PAR_075,PAR_099,PAR_061 → PAR_075 → PAR_099 → PAR_061,2.126,0.709,3_pares
PAR_061,PAR_092,PAR_099,PAR_061 → PAR_092 → PAR_099 → PAR_061,2.126,0.709,3_pares
PAR_053,PAR_069,PAR_111,PAR_053 → PAR_069 → PAR_111 → PAR_053,2.126,0.709,3_pares
PAR_002,PAR_075,PAR_070,PAR_002 → PAR_075 → PAR_070 → PAR_002,2.126,0.709,3_pares
PAR_027,PAR_069,PAR_037,PAR_027 → PAR_069 → PAR_037 → PAR_027,2.125,0.708,3_pares
PAR_012,PAR_034,PAR_029,PAR_012 → PAR_034 → PAR_029 → PAR_012,2.125,0.708,3_pares
PAR_003,PAR_037,PAR_025,PAR_003 → PAR_037 → PAR_025 → PAR_003,2.125,0.708,3_pares
PAR_005,PAR_012,PAR_034,PAR_005 → PAR_012 → PAR_034 → PAR_005,2.125,0.708,3_pares
PAR_003,PAR_027,PAR_080,PAR_003 → PAR_027 → PAR_080 → PAR_003,2.125,0.708,3_pares
PAR_061,PAR_094,PAR_076,PAR_061 → PAR_094 → PAR_076 → PAR_061,2.125,0.708,3_pares
PAR_028,PAR_037,PAR_109,PAR_028 → PAR_037 → PAR_109 → PAR_028,2.125,0.708,3_pares
PAR_067,PAR_090,PAR_094,PAR_067 → PAR_090 → PAR_094 → PAR_067,2.125,0.708,3_pares
PAR_034,PAR_039,PAR_069,PAR_034 → PAR_039 → PAR_069 → PAR_034,2.125,0.708,3_pares
PAR_034,PAR_037,PAR_101,PAR_034 → PAR_037 → PAR_101 → PAR_034,2.125,0.708,3_pares
PAR_037,PAR_103,PAR_090,PAR_037 → PAR_103 → PAR_090 → PAR_037,2.125,0.708,3_pares
PAR_037,PAR_053,PAR_096,PAR_037 → PAR_053 → PAR_096 → PAR_037,2.125,0.708,3_pares
PAR_005,PAR_109,PAR_052,PAR_005 → PAR_109 → PAR_052 → PAR_005,2.125,0.708,3_pares
PAR_005,PAR_090,PAR_070,PAR_005 → PAR_090 → PAR_070 → PAR_005,2.125,0.708,3_pares
PAR_070,PAR_109,PAR_090,PAR_070 → PAR_109 → PAR_090 → PAR_070,2.125,0.708,3_pares
PAR_028,PAR_029,PAR_075,PAR_028 → PAR_029 → PAR_075 → PAR_028,2.125,0.708,3_pares
PAR_028,PAR_029,PAR_092,PAR_028 → PAR_029 → PAR_092 → PAR_028,2.125,0.708,3_pares
PAR_012,PAR_061,PAR_030,PAR_012 → PAR_061 → PAR_030 → PAR_012,2.125,0.708,3_pares
PAR_021,PAR_061,PAR_080,PAR_021 → PAR_061 → PAR_080 → PAR_021,2.125,0.708,3_pares
PAR_025,PAR_055,PAR_037,PAR_025 → PAR_055 → PAR_037 → PAR_025,2.125,0.708,3_pares
PAR_052,PAR_093,PAR_070,PAR_052 → PAR_093 → PAR_070 → PAR_052,2.125,0.708,3_pares
PAR_046,PAR_093,PAR_061,PAR_046 → PAR_093 → PAR_061 → PAR_046,2.124,0.708,3_pares
PAR_037,PAR_103,PAR_070,PAR_037 → PAR_103 → PAR_070 → PAR_037,2.124,0.708,3_pares
PAR_029,PAR_037,PAR_068,PAR_029 → PAR_037 → PAR_068 → PAR_029,2.124,0.708,3_pares
PAR_075,PAR_103,PAR_085,PAR_075 → PAR_103 → PAR_085 → PAR_075,2.124,0.708,3_pares
PAR_075,PAR_103,PAR_090,PAR_075 → PAR_103 → PAR_090 → PAR_075,2.124,0.708,3_pares
PAR_014,PAR_037,PAR_058,PAR_014 → PAR_037 → PAR_058 → PAR_014,2.124,0.708,3_pares
PAR_037,PAR_053,PAR_075,PAR_037 → PAR_053 → PAR_075 → PAR_037,2.124,0.708,3_pares
PAR_021,PAR_061,PAR_094,PAR_021 → PAR_061 → PAR_094 → PAR_021,2.124,0.708,3_pares
PAR_064,PAR_094,PAR_075,PAR_064 → PAR_094 → PAR_075 → PAR_064,2.124,0.708,3_pares
PAR_002,PAR_003,PAR_075,PAR_002 → PAR_003 → PAR_075 → PAR_002,2.124,0.708,3_pares
PAR_052,PAR_112,PAR_109,PAR_052 → PAR_112 → PAR_109 → PAR_052,2.124,0.708,3_pares
PAR_012,PAR_094,PAR_091,PAR_012 → PAR_094 → PAR_091 → PAR_012,2.124,0.708,3_pares
PAR_034,PAR_075,PAR_101,PAR_034 → PAR_075 → PAR_101 → PAR_034,2.124,0.708,3_pares
PAR_058,PAR_069,PAR_070,PAR_058 → PAR_069 → PAR_070 → PAR_058,2.124,0.708,3_pares
PAR_021,PAR_068,PAR_069,PAR_021 → PAR_068 → PAR_069 → PAR_021,2.124,0.708,3_pares
PAR_012,PAR_034,PAR_109,PAR_012 → PAR_034 → PAR_109 → PAR_012,2.124,0.708,3_pares
PAR_037,PAR_109,PAR_068,PAR_037 → PAR_109 → PAR_068 → PAR_037,2.124,0.708,3_pares
PAR_046,PAR_099,PAR_075,PAR_046 → PAR_099 → PAR_075 → PAR_046,2.124,0.708,3_pares
PAR_002,PAR_061,PAR_070,PAR_002 → PAR_061 → PAR_070 → PAR_002,2.123,0.708,3_pares
PAR_021,PAR_090,PAR_070,PAR_021 → PAR_090 → PAR_070 → PAR_021,2.123,0.708,3_pares
PAR_021,PAR_028,PAR_037,PAR_021 → PAR_028 → PAR_037 → PAR_021,2.123,0.708,3_pares
PAR_003,PAR_070,PAR_029,PAR_003 → PAR_070 → PAR_029 → PAR_003,2.123,0.708,3_pares
PAR_075,PAR_099,PAR_094,PAR_075 → PAR_099 → PAR_094 → PAR_075,2.123,0.708,3_pares
PAR_069,PAR_109,PAR_117,PAR_069 → PAR_109 → PAR_117 → PAR_069,2.123,0.708,3_pares
PAR_075,PAR_111,PAR_080,PAR_075 → PAR_111 → PAR_080 → PAR_075,2.123,0.708,3_pares
PAR_034,PAR_037,PAR_039,PAR_034 → PAR_037 → PAR_039 → PAR_034,2.123,0.708,3_pares
PAR_073,PAR_094,PAR_099,PAR_073 → PAR_094 → PAR_099 → PAR_073,2.123,0.708,3_pares
PAR_092,PAR_099,PAR_094,PAR_092 → PAR_099 → PAR_094 → PAR_092,2.123,0.708,3_pares
PAR_034,PAR_075,PAR_046,PAR_034 → PAR_075 → PAR_046 → PAR_034,2.123,0.708,3_pares
PAR_037,PAR_103,PAR_110,PAR_037 → PAR_103 → PAR_110 → PAR_037,2.123,0.708,3_pares
PAR_064,PAR_073,PAR_094,PAR_064 → PAR_073 → PAR_094 → PAR_064,2.123,0.708,3_pares
PAR_053,PAR_073,PAR_111,PAR_053 → PAR_073 → PAR_111 → PAR_053,2.123,0.708,3_pares
PAR_003,PAR_034,PAR_117,PAR_003 → PAR_034 → PAR_117 → PAR_003,2.123,0.708,3_pares
PAR_029,PAR_094,PAR_039,PAR_029 → PAR_094 → PAR_039 → PAR_029,2.123,0.708,3_pares
PAR_012,PAR_021,PAR_099,PAR_012 → PAR_021 → PAR_099 → PAR_012,2.123,0.708,3_pares
PAR_015,PAR_055,PAR_111,PAR_015 → PAR_055 → PAR_111 → PAR_015,2.123,0.708,3_pares
PAR_003,PAR_070,PAR_112,PAR_003 → PAR_070 → PAR_112 → PAR_003,2.123,0.708,3_pares
PAR_069,PAR_070,PAR_102,PAR_069 → PAR_070 → PAR_102 → PAR_069,2.123,0.708,3_pares
PAR_058,PAR_093,PAR_070,PAR_058 → PAR_093 → PAR_070 → PAR_058,2.123,0.708,3_pares
PAR_053,PAR_069,PAR_061,PAR_053 → PAR_069 → PAR_061 → PAR_053,2.123,0.708,3_pares
PAR_012,PAR_109,PAR_016,PAR_012 → PAR_109 → PAR_016 → PAR_012,2.123,0.708,3_pares
PAR_034,PAR_037,PAR_080,PAR_034 → PAR_037 → PAR_080 → PAR_034,2.123,0.708,3_pares
PAR_024,PAR_069,PAR_061,PAR_024 → PAR_069 → PAR_061 → PAR_024,2.123,0.708,3_pares
PAR_034,PAR_075,PAR_080,PAR_034 → PAR_075 → PAR_080 → PAR_034,2.122,0.707,3_pares
PAR_021,PAR_109,PAR_052,PAR_021 → PAR_109 → PAR_052 → PAR_021,2.122,0.707,3_pares
PAR_026,PAR_028,PAR_027,PAR_026 → PAR_028 → PAR_027 → PAR_026,2.122,0.707,3_pares
PAR_053,PAR_075,PAR_111,PAR_053 → PAR_075 → PAR_111 → PAR_053,2.122,0.707,3_pares
PAR_012,PAR_061,PAR_029,PAR_012 → PAR_061 → PAR_029 → PAR_012,2.122,0.707,3_pares
PAR_012,PAR_069,PAR_111,PAR_012 → PAR_069 → PAR_111 → PAR_012,2.122,0.707,3_pares
PAR_005,PAR_021,PAR_052,PAR_005 → PAR_021 → PAR_052 → PAR_005,2.122,0.707,3_pares
PAR_034,PAR_051,PAR_055,PAR_034 → PAR_051 → PAR_055 → PAR_034,2.122,0.707,3_pares
PAR_003,PAR_109,PAR_090,PAR_003 → PAR_109 → PAR_090 → PAR_003,2.122,0.707,3_pares
PAR_068,PAR_090,PAR_094,PAR_068 → PAR_090 → PAR_094 → PAR_068,2.122,0.707,3_pares
PAR_094,PAR_111,PAR_120,PAR_094 → PAR_111 → PAR_120 → PAR_094,2.122,0.707,3_pares
PAR_046,PAR_061,PAR_111,PAR_046 → PAR_061 → PAR_111 → PAR_046,2.121,0.707,3_pares
PAR_015,PAR_053,PAR_057,PAR_015 → PAR_053 → PAR_057 → PAR_015,2.121,0.707,3_pares
PAR_046,PAR_061,PAR_099,PAR_046 → PAR_061 → PAR_099 → PAR_046,2.121,0.707,3_pares
PAR_012,PAR_015,PAR_103,PAR_012 → PAR_015 → PAR_103 → PAR_012,2.121,0.707,3_pares
PAR_015,PAR_101,PAR_070,PAR_015 → PAR_101 → PAR_070 → PAR_015,2.121,0.707,3_pares
PAR_021,PAR_117,PAR_069,PAR_021 → PAR_117 → PAR_069 → PAR_021,2.121,0.707,3_pares
PAR_037,PAR_053,PAR_061,PAR_037 → PAR_053 → PAR_061 → PAR_037,2.121,0.707,3_pares
PAR_030,PAR_075,PAR_052,PAR_030 → PAR_075 → PAR_052 → PAR_030,2.121,0.707,3_pares
PAR_069,PAR_070,PAR_085,PAR_069 → PAR_070 → PAR_085 → PAR_069,2.121,0.707,3_pares
PAR_014,PAR_061,PAR_103,PAR_014 → PAR_061 → PAR_103 → PAR_014,2.121,0.707,3_pares
PAR_012,PAR_021,PAR_032,PAR_012 → PAR_021 → PAR_032 → PAR_012,2.121,0.707,3_pares
PAR_061,PAR_094,PAR_064,PAR_061 → PAR_094 → PAR_064 → PAR_061,2.12,0.707,3_pares
PAR_037,PAR_046,PAR_053,PAR_037 → PAR_046 → PAR_053 → PAR_037,2.12,0.707,3_pares
PAR_003,PAR_038,PAR_090,PAR_003 → PAR_038 → PAR_090 → PAR_003,2.12,0.707,3_pares
PAR_057,PAR_070,PAR_064,PAR_057 → PAR_070 → PAR_064 → PAR_057,2.12,0.707,3_pares
PAR_015,PAR_053,PAR_090,PAR_015 → PAR_053 → PAR_090 → PAR_015,2.12,0.707,3_pares
PAR_021,PAR_068,PAR_075,PAR_021 → PAR_068 → PAR_075 → PAR_021,2.12,0.707,3_pares
PAR_003,PAR_021,PAR_090,PAR_003 → PAR_021 → PAR_090 → PAR_003,2.12,0.707,3_pares
PAR_003,PAR_069,PAR_114,PAR_003 → PAR_069 → PAR_114 → PAR_003,2.12,0.707,3_pares
PAR_037,PAR_109,PAR_117,PAR_037 → PAR_109 → PAR_117 → PAR_037,2.12,0.707,3_pares
PAR_003,PAR_027,PAR_018,PAR_003 → PAR_027 → PAR_018 → PAR_003,2.12,0.707,3_pares
PAR_069,PAR_070,PAR_110,PAR_069 → PAR_070 → PAR_110 → PAR_069,2.12,0.707,3_pares
PAR_003,PAR_070,PAR_038,PAR_003 → PAR_070 → PAR_038 → PAR_003,2.12,0.707,3_pares
PAR_003,PAR_027,PAR_036,PAR_003 → PAR_027 → PAR_036 → PAR_003,2.12,0.707,3_pares
PAR_032,PAR_037,PAR_045,PAR_032 → PAR_037 → PAR_045 → PAR_032,2.12,0.707,3_pares
PAR_053,PAR_073,PAR_061,PAR_053 → PAR_073 → PAR_061 → PAR_053,2.12,0.707,3_pares
PAR_046,PAR_093,PAR_094,PAR_046 → PAR_093 → PAR_094 → PAR_046,2.12,0.707,3_pares
PAR_070,PAR_096,PAR_090,PAR_070 → PAR_096 → PAR_090 → PAR_070,2.119,0.706,3_pares
PAR_037,PAR_085,PAR_090,PAR_037 → PAR_085 → PAR_090 → PAR_037,2.119,0.706,3_pares
PAR_015,PAR_080,PAR_070,PAR_015 → PAR_080 → PAR_070 → PAR_015,2.119,0.706,3_pares
PAR_070,PAR_120,PAR_090,PAR_070 → PAR_120 → PAR_090 → PAR_070,2.119,0.706,3_pares
PAR_064,PAR_085,PAR_070,PAR_064 → PAR_085 → PAR_070 → PAR_064,2.119,0.706,3_pares
PAR_005,PAR_075,PAR_103,PAR_005 → PAR_075 → PAR_103 → PAR_005,2.119,0.706,3_pares
PAR_012,PAR_029,PAR_094,PAR_012 → PAR_029 → PAR_094 → PAR_012,2.119,0.706,3_pares
PAR_052,PAR_085,PAR_061,PAR_052 → PAR_085 → PAR_061 → PAR_052,2.119,0.706,3_pares
PAR_032,PAR_075,PAR_045,PAR_032 → PAR_075 → PAR_045 → PAR_032,2.119,0.706,3_pares
PAR_061,PAR_099,PAR_080,PAR_061 → PAR_099 → PAR_080 → PAR_061,2.119,0.706,3_pares
PAR_061,PAR_094,PAR_099,PAR_061 → PAR_094 → PAR_099 → PAR_061,2.119,0.706,3_pares
PAR_052,PAR_061,PAR_070,PAR_052 → PAR_061 → PAR_070 → PAR_052,2.119,0.706,3_pares
PAR_053,PAR_061,PAR_111,PAR_053 → PAR_061 → PAR_111 → PAR_053,2.119,0.706,3_pares
PAR_053,PAR_075,PAR_061,PAR_053 → PAR_075 → PAR_061 → PAR_053,2.119,0.706,3_pares
PAR_025,PAR_055,PAR_061,PAR_025 → PAR_055 → PAR_061 → PAR_025,2.119,0.706,3_pares
PAR_024,PAR_075,PAR_061,PAR_024 → PAR_075 → PAR_061 → PAR_024,2.119,0.706,3_pares
PAR_046,PAR_096,PAR_094,PAR_046 → PAR_096 → PAR_094 → PAR_046,2.119,0.706,3_pares
PAR_061,PAR_067,PAR_069,PAR_061 → PAR_067 → PAR_069 → PAR_061,2.119,0.706,3_pares
PAR_014,PAR_090,PAR_034,PAR_014 → PAR_090 → PAR_034 → PAR_014,2.119,0.706,3_pares
PAR_012,PAR_037,PAR_016,PAR_012 → PAR_037 → PAR_016 → PAR_012,2.119,0.706,3_pares
PAR_002,PAR_069,PAR_037,PAR_002 → PAR_069 → PAR_037 → PAR_002,2.119,0.706,3_pares
PAR_014,PAR_070,PAR_034,PAR_014 → PAR_070 → PAR_034 → PAR_014,2.119,0.706,3_pares
PAR_061,PAR_109,PAR_068,PAR_061 → PAR_109 → PAR_068 → PAR_061,2.119,0.706,3_pares
PAR_037,PAR_053,PAR_080,PAR_037 → PAR_053 → PAR_080 → PAR_037,2.119,0.706,3_pares
PAR_018,PAR_099,PAR_075,PAR_018 → PAR_099 → PAR_075 → PAR_018,2.119,0.706,3_pares
PAR_052,PAR_093,PAR_109,PAR_052 → PAR_093 → PAR_109 → PAR_052,2.119,0.706,3_pares
PAR_034,PAR_057,PAR_070,PAR_034 → PAR_057 → PAR_070 → PAR_034,2.118,0.706,3_pares
PAR_014,PAR_094,PAR_103,PAR_014 → PAR_094 → PAR_103 → PAR_014,2.118,0.706,3_pares
PAR_052,PAR_096,PAR_109,PAR_052 → PAR_096 → PAR_109 → PAR_052,2.118,0.706,3_pares
PAR_034,PAR_057,PAR_090,PAR_034 → PAR_057 → PAR_090 → PAR_034,2.118,0.706,3_pares
PAR_003,PAR_111,PAR_007,PAR_003 → PAR_111 → PAR_007 → PAR_003,2.118,0.706,3_pares
PAR_003,PAR_051,PAR_101,PAR_003 → PAR_051 → PAR_101 → PAR_003,2.118,0.706,3_pares
PAR_014,PAR_061,PAR_058,PAR_014 → PAR_061 → PAR_058 → PAR_014,2.118,0.706,3_pares
PAR_034,PAR_046,PAR_080,PAR_034 → PAR_046 → PAR_080 → PAR_034,2.118,0.706,3_pares
PAR_052,PAR_120,PAR_109,PAR_052 → PAR_120 → PAR_109 → PAR_052,2.118,0.706,3_pares
PAR_003,PAR_025,PAR_080,PAR_003 → PAR_025 → PAR_080 → PAR_003,2.118,0.706,3_pares
PAR_051,PAR_053,PAR_070,PAR_051 → PAR_053 → PAR_070 → PAR_051,2.118,0.706,3_pares
PAR_053,PAR_101,PAR_111,PAR_053 → PAR_101 → PAR_111 → PAR_053,2.118,0.706,3_pares
PAR_052,PAR_064,PAR_109,PAR_052 → PAR_064 → PAR_109 → PAR_052,2.118,0.706,3_pares
PAR_018,PAR_080,PAR_021,PAR_018 → PAR_080 → PAR_021 → PAR_018,2.118,0.706,3_pares
PAR_012,PAR_034,PAR_064,PAR_012 → PAR_034 → PAR_064 → PAR_012,2.118,0.706,3_pares
PAR_046,PAR_053,PAR_075,PAR_046 → PAR_053 → PAR_075 → PAR_046,2.118,0.706,3_pares
PAR_018,PAR_099,PAR_034,PAR_018 → PAR_099 → PAR_034 → PAR_018,2.118,0.706,3_pares
PAR_029,PAR_075,PAR_052,PAR_029 → PAR_075 → PAR_052 → PAR_029,2.118,0.706,3_pares
PAR_051,PAR_080,PAR_070,PAR_051 → PAR_080 → PAR_070 → PAR_051,2.118,0.706,3_pares
PAR_027,PAR_075,PAR_061,PAR_027 → PAR_075 → PAR_061 → PAR_027,2.117,0.706,3_pares
PAR_046,PAR_101,PAR_061,PAR_046 → PAR_101 → PAR_061 → PAR_046,2.117,0.706,3_pares
PAR_052,PAR_099,PAR_109,PAR_052 → PAR_099 → PAR_109 → PAR_052,2.117,0.706,3_pares
PAR_068,PAR_092,PAR_099,PAR_068 → PAR_092 → PAR_099 → PAR_068,2.117,0.706,3_pares
PAR_012,PAR_034,PAR_099,PAR_012 → PAR_034 → PAR_099 → PAR_012,2.117,0.706,3_pares
PAR_005,PAR_012,PAR_027,PAR_005 → PAR_012 → PAR_027 → PAR_005,2.117,0.706,3_pares
PAR_003,PAR_034,PAR_007,PAR_003 → PAR_034 → PAR_007 → PAR_003,2.117,0.706,3_pares
PAR_058,PAR_061,PAR_070,PAR_058 → PAR_061 → PAR_070 → PAR_058,2.117,0.706,3_pares
PAR_064,PAR_068,PAR_075,PAR_064 → PAR_068 → PAR_075 → PAR_064,2.117,0.706,3_pares
PAR_014,PAR_069,PAR_109,PAR_014 → PAR_069 → PAR_109 → PAR_014,2.117,0.706,3_pares
PAR_033,PAR_037,PAR_070,PAR_033 → PAR_037 → PAR_070 → PAR_033,2.117,0.706,3_pares
PAR_061,PAR_102,PAR_070,PAR_061 → PAR_102 → PAR_070 → PAR_061,2.117,0.706,3_pares
PAR_030,PAR_037,PAR_070,PAR_030 → PAR_037 → PAR_070 → PAR_030,2.117,0.706,3_pares
PAR_037,PAR_110,PAR_090,PAR_037 → PAR_110 → PAR_090 → PAR_037,2.117,0.706,3_pares
PAR_029,PAR_069,PAR_070,PAR_029 → PAR_069 → PAR_070 → PAR_029,2.116,0.705,3_pares
PAR_018,PAR_099,PAR_061,PAR_018 → PAR_099 → PAR_061 → PAR_018,2.116,0.705,3_pares
PAR_034,PAR_117,PAR_069,PAR_034 → PAR_117 → PAR_069 → PAR_034,2.116,0.705,3_pares
PAR_003,PAR_034,PAR_026,PAR_003 → PAR_034 → PAR_026 → PAR_003,2.116,0.705,3_pares
PAR_030,PAR_075,PAR_070,PAR_030 → PAR_075 → PAR_070 → PAR_030,2.116,0.705,3_pares
PAR_028,PAR_034,PAR_075,PAR_028 → PAR_034 → PAR_075 → PAR_028,2.116,0.705,3_pares
PAR_051,PAR_053,PAR_055,PAR_051 → PAR_053 → PAR_055 → PAR_051,2.116,0.705,3_pares
PAR_003,PAR_094,PAR_025,PAR_003 → PAR_094 → PAR_025 → PAR_003,2.116,0.705,3_pares
PAR_069,PAR_111,PAR_117,PAR_069 → PAR_111 → PAR_117 → PAR_069,2.116,0.705,3_pares
PAR_034,PAR_037,PAR_068,PAR_034 → PAR_037 → PAR_068 → PAR_034,2.116,0.705,3_pares
PAR_034,PAR_070,PAR_090,PAR_034 → PAR_070 → PAR_090 → PAR_034,2.116,0.705,3_pares
PAR_039,PAR_070,PAR_052,PAR_039 → PAR_070 → PAR_052 → PAR_039,2.116,0.705,3_pares
PAR_034,PAR_070,PAR_085,PAR_034 → PAR_070 → PAR_085 → PAR_034,2.116,0.705,3_pares
PAR_003,PAR_111,PAR_085,PAR_003 → PAR_111 → PAR_085 → PAR_003,2.116,0.705,3_pares
PAR_028,PAR_075,PAR_111,PAR_028 → PAR_075 → PAR_111 → PAR_028,2.116,0.705,3_pares
PAR_003,PAR_070,PAR_064,PAR_003 → PAR_070 → PAR_064 → PAR_003,2.116,0.705,3_pares
PAR_026,PAR_055,PAR_034,PAR_026 → PAR_055 → PAR_034 → PAR_026,2.116,0.705,3_pares
PAR_003,PAR_034,PAR_085,PAR_003 → PAR_034 → PAR_085 → PAR_003,2.115,0.705,3_pares
PAR_014,PAR_069,PAR_021,PAR_014 → PAR_069 → PAR_021 → PAR_014,2.115,0.705,3_pares
PAR_003,PAR_094,PAR_103,PAR_003 → PAR_094 → PAR_103 → PAR_003,2.115,0.705,3_pares
PAR_003,PAR_037,PAR_030,PAR_003 → PAR_037 → PAR_030 → PAR_003,2.115,0.705,3_pares
PAR_021,PAR_055,PAR_029,PAR_021 → PAR_055 → PAR_029 → PAR_021,2.115,0.705,3_pares
PAR_055,PAR_070,PAR_111,PAR_055 → PAR_070 → PAR_111 → PAR_055,2.115,0.705,3_pares
PAR_012,PAR_061,PAR_111,PAR_012 → PAR_061 → PAR_111 → PAR_012,2.115,0.705,3_pares
PAR_003,PAR_069,PAR_029,PAR_003 → PAR_069 → PAR_029 → PAR_003,2.115,0.705,3_pares
PAR_014,PAR_029,PAR_037,PAR_014 → PAR_029 → PAR_037 → PAR_014,2.115,0.705,3_pares
PAR_014,PAR_094,PAR_058,PAR_014 → PAR_094 → PAR_058 → PAR_014,2.115,0.705,3_pares
PAR_021,PAR_028,PAR_094,PAR_021 → PAR_028 → PAR_094 → PAR_021,2.115,0.705,3_pares
PAR_061,PAR_067,PAR_075,PAR_061 → PAR_067 → PAR_075 → PAR_061,2.115,0.705,3_pares
PAR_003,PAR_021,PAR_005,PAR_003 → PAR_021 → PAR_005 → PAR_003,2.114,0.705,3_pares
PAR_002,PAR_069,PAR_061,PAR_002 → PAR_069 → PAR_061 → PAR_002,2.114,0.705,3_pares
PAR_037,PAR_058,PAR_069,PAR_037 → PAR_058 → PAR_069 → PAR_037,2.114,0.705,3_pares
PAR_014,PAR_029,PAR_075,PAR_014 → PAR_029 → PAR_075 → PAR_014,2.114,0.705,3_pares
PAR_021,PAR_109,PAR_055,PAR_021 → PAR_109 → PAR_055 → PAR_021,2.114,0.705,3_pares
PAR_012,PAR_061,PAR_016,PAR_012 → PAR_061 → PAR_016 → PAR_012,2.114,0.705,3_pares
PAR_037,PAR_117,PAR_111,PAR_037 → PAR_117 → PAR_111 → PAR_037,2.114,0.705,3_pares
PAR_052,PAR_112,PAR_061,PAR_052 → PAR_112 → PAR_061 → PAR_052,2.114,0.705,3_pares
PAR_026,PAR_101,PAR_070,PAR_026 → PAR_101 → PAR_070 → PAR_026,2.114,0.705,3_pares
PAR_070,PAR_094,PAR_102,PAR_070 → PAR_094 → PAR_102 → PAR_070,2.114,0.705,3_pares
PAR_037,PAR_051,PAR_099,PAR_037 → PAR_051 → PAR_099 → PAR_037,2.114,0.705,3_pares
PAR_015,PAR_099,PAR_073,PAR_015 → PAR_099 → PAR_073 → PAR_015,2.114,0.705,3_pares
PAR_003,PAR_034,PAR_090,PAR_003 → PAR_034 → PAR_090 → PAR_003,2.114,0.705,3_pares
PAR_039,PAR_094,PAR_111,PAR_039 → PAR_094 → PAR_111 → PAR_039,2.114,0.705,3_pares
PAR_045,PAR_053,PAR_075,PAR_045 → PAR_053 → PAR_075 → PAR_045,2.114,0.705,3_pares
PAR_012,PAR_109,PAR_067,PAR_012 → PAR_109 → PAR_067 → PAR_012,2.114,0.705,3_pares
PAR_070,PAR_101,PAR_090,PAR_070 → PAR_101 → PAR_090 → PAR_070,2.114,0.705,3_pares
PAR_029,PAR_037,PAR_090,PAR_029 → PAR_037 → PAR_090 → PAR_029,2.114,0.705,3_pares
PAR_092,PAR_099,PAR_117,PAR_092 → PAR_099 → PAR_117 → PAR_092,2.114,0.705,3_pares
PAR_061,PAR_070,PAR_085,PAR_061 → PAR_070 → PAR_085 → PAR_061,2.114,0.705,3_pares
PAR_058,PAR_080,PAR_070,PAR_058 → PAR_080 → PAR_070 → PAR_058,2.114,0.705,3_pares
PAR_012,PAR_034,PAR_101,PAR_012 → PAR_034 → PAR_101 → PAR_012,2.113,0.704,3_pares
PAR_055,PAR_075,PAR_065,PAR_055 → PAR_075 → PAR_065 → PAR_055,2.113,0.704,3_pares
PAR_003,PAR_075,PAR_030,PAR_003 → PAR_075 → PAR_030 → PAR_003,2.113,0.704,3_pares
PAR_037,PAR_109,PAR_090,PAR_037 → PAR_109 → PAR_090 → PAR_037,2.113,0.704,3_pares
PAR_037,PAR_057,PAR_038,PAR_037 → PAR_057 → PAR_038 → PAR_037,2.113,0.704,3_pares
PAR_012,PAR_061,PAR_032,PAR_012 → PAR_061 → PAR_032 → PAR_012,2.113,0.704,3_pares
PAR_061,PAR_110,PAR_070,PAR_061 → PAR_110 → PAR_070 → PAR_061,2.113,0.704,3_pares
PAR_037,PAR_058,PAR_093,PAR_037 → PAR_058 → PAR_093 → PAR_037,2.113,0.704,3_pares
PAR_018,PAR_028,PAR_109,PAR_018 → PAR_028 → PAR_109 → PAR_018,2.113,0.704,3_pares
PAR_028,PAR_061,PAR_099,PAR_028 → PAR_061 → PAR_099 → PAR_028,2.113,0.704,3_pares
PAR_012,PAR_034,PAR_046,PAR_012 → PAR_034 → PAR_046 → PAR_012,2.113,0.704,3_pares
PAR_003,PAR_037,PAR_029,PAR_003 → PAR_037 → PAR_029 → PAR_003,2.113,0.704,3_pares
PAR_014,PAR_021,PAR_037,PAR_014 → PAR_021 → PAR_037 → PAR_014,2.113,0.704,3_pares
PAR_064,PAR_109,PAR_070,PAR_064 → PAR_109 → PAR_070 → PAR_064,2.113,0.704,3_pares
PAR_053,PAR_080,PAR_061,PAR_053 → PAR_080 → PAR_061 → PAR_053,2.113,0.704,3_pares
PAR_028,PAR_037,PAR_053,PAR_028 → PAR_037 → PAR_053 → PAR_028,2.113,0.704,3_pares
PAR_046,PAR_101,PAR_094,PAR_046 → PAR_101 → PAR_094 → PAR_046,2.113,0.704,3_pares
PAR_052,PAR_101,PAR_109,PAR_052 → PAR_101 → PAR_109 → PAR_052,2.112,0.704,3_pares
PAR_046,PAR_103,PAR_109,PAR_046 → PAR_103 → PAR_109 → PAR_046,2.112,0.704,3_pares
PAR_021,PAR_099,PAR_057,PAR_021 → PAR_099 → PAR_057 → PAR_021,2.112,0.704,3_pares
PAR_005,PAR_051,PAR_053,PAR_005 → PAR_051 → PAR_053 → PAR_005,2.112,0.704,3_pares
PAR_029,PAR_070,PAR_034,PAR_029 → PAR_070 → PAR_034 → PAR_029,2.112,0.704,3_pares
PAR_027,PAR_046,PAR_061,PAR_027 → PAR_046 → PAR_061 → PAR_027,2.112,0.704,3_pares
PAR_075,PAR_109,PAR_090,PAR_075 → PAR_109 → PAR_090 → PAR_075,2.112,0.704,3_pares
PAR_064,PAR_067,PAR_094,PAR_064 → PAR_067 → PAR_094 → PAR_064,2.112,0.704,3_pares
PAR_053,PAR_057,PAR_070,PAR_053 → PAR_057 → PAR_070 → PAR_053,2.112,0.704,3_pares
PAR_075,PAR_103,PAR_096,PAR_075 → PAR_103 → PAR_096 → PAR_075,2.112,0.704,3_pares
PAR_028,PAR_070,PAR_051,PAR_028 → PAR_070 → PAR_051 → PAR_028,2.112,0.704,3_pares
PAR_034,PAR_099,PAR_117,PAR_034 → PAR_099 → PAR_117 → PAR_034,2.112,0.704,3_pares
PAR_021,PAR_064,PAR_057,PAR_021 → PAR_064 → PAR_057 → PAR_021,2.112,0.704,3_pares
PAR_037,PAR_053,PAR_068,PAR_037 → PAR_053 → PAR_068 → PAR_037,2.112,0.704,3_pares
PAR_003,PAR_094,PAR_102,PAR_003 → PAR_094 → PAR_102 → PAR_003,2.112,0.704,3_pares
PAR_029,PAR_075,PAR_090,PAR_029 → PAR_075 → PAR_090 → PAR_029,2.112,0.704,3_pares
PAR_045,PAR_101,PAR_061,PAR_045 → PAR_101 → PAR_061 → PAR_045,2.112,0.704,3_pares
PAR_046,PAR_052,PAR_109,PAR_046 → PAR_052 → PAR_109 → PAR_046,2.112,0.704,3_pares
PAR_070,PAR_096,PAR_109,PAR_070 → PAR_096 → PAR_109 → PAR_070,2.112,0.704,3_pares
PAR_051,PAR_099,PAR_075,PAR_051 → PAR_099 → PAR_075 → PAR_051,2.112,0.704,3_pares
PAR_070,PAR_120,PAR_109,PAR_070 → PAR_120 → PAR_109 → PAR_070,2.112,0.704,3_pares
PAR_028,PAR_094,PAR_064,PAR_028 → PAR_094 → PAR_064 → PAR_028,2.111,0.704,3_pares
PAR_014,PAR_021,PAR_075,PAR_014 → PAR_021 → PAR_075 → PAR_014,2.111,0.704,3_pares
PAR_037,PAR_058,PAR_096,PAR_037 → PAR_058 → PAR_096 → PAR_037,2.111,0.704,3_pares
PAR_085,PAR_090,PAR_094,PAR_085 → PAR_090 → PAR_094 → PAR_085,2.111,0.704,3_pares
PAR_003,PAR_025,PAR_028,PAR_003 → PAR_025 → PAR_028 → PAR_003,2.111,0.704,3_pares
PAR_037,PAR_109,PAR_110,PAR_037 → PAR_109 → PAR_110 → PAR_037,2.111,0.704,3_pares
PAR_005,PAR_070,PAR_034,PAR_005 → PAR_070 → PAR_034 → PAR_005,2.111,0.704,3_pares
PAR_021,PAR_090,PAR_037,PAR_021 → PAR_090 → PAR_037 → PAR_021,2.111,0.704,3_pares
PAR_029,PAR_092,PAR_055,PAR_029 → PAR_092 → PAR_055 → PAR_029,2.111,0.704,3_pares
PAR_021,PAR_117,PAR_094,PAR_021 → PAR_117 → PAR_094 → PAR_021,2.111,0.704,3_pares
PAR_012,PAR_094,PAR_111,PAR_012 → PAR_094 → PAR_111 → PAR_012,2.111,0.704,3_pares
PAR_037,PAR_058,PAR_073,PAR_037 → PAR_058 → PAR_073 → PAR_037,2.111,0.704,3_pares
PAR_014,PAR_021,PAR_034,PAR_014 → PAR_021 → PAR_034 → PAR_014,2.111,0.704,3_pares
PAR_055,PAR_109,PAR_092,PAR_055 → PAR_109 → PAR_092 → PAR_055,2.11,0.703,3_pares
PAR_057,PAR_069,PAR_111,PAR_057 → PAR_069 → PAR_111 → PAR_057,2.11,0.703,3_pares
PAR_064,PAR_069,PAR_070,PAR_064 → PAR_069 → PAR_070 → PAR_064,2.11,0.703,3_pares
PAR_012,PAR_094,PAR_016,PAR_012 → PAR_094 → PAR_016 → PAR_012,2.11,0.703,3_pares
PAR_012,PAR_027,PAR_073,PAR_012 → PAR_027 → PAR_073 → PAR_012,2.11,0.703,3_pares
PAR_003,PAR_034,PAR_029,PAR_003 → PAR_034 → PAR_029 → PAR_003,2.11,0.703,3_pares
PAR_007,PAR_076,PAR_061,PAR_007 → PAR_076 → PAR_061 → PAR_007,2.11,0.703,3_pares
PAR_037,PAR_075,PAR_102,PAR_037 → PAR_075 → PAR_102 → PAR_037,2.11,0.703,3_pares
PAR_052,PAR_068,PAR_070,PAR_052 → PAR_068 → PAR_070 → PAR_052,2.11,0.703,3_pares
PAR_070,PAR_094,PAR_110,PAR_070 → PAR_094 → PAR_110 → PAR_070,2.11,0.703,3_pares
PAR_012,PAR_094,PAR_032,PAR_012 → PAR_094 → PAR_032 → PAR_012,2.11,0.703,3_pares
PAR_028,PAR_094,PAR_099,PAR_028 → PAR_094 → PAR_099 → PAR_028,2.11,0.703,3_pares
PAR_090,PAR_094,PAR_110,PAR_090 → PAR_094 → PAR_110 → PAR_090,2.11,0.703,3_pares
PAR_021,PAR_090,PAR_075,PAR_021 → PAR_090 → PAR_075 → PAR_021,2.11,0.703,3_pares
PAR_034,PAR_070,PAR_109,PAR_034 → PAR_070 → PAR_109 → PAR_034,2.11,0.703,3_pares
PAR_061,PAR_103,PAR_093,PAR_061 → PAR_103 → PAR_093 → PAR_061,2.11,0.703,3_pares
PAR_003,PAR_037,PAR_076,PAR_003 → PAR_037 → PAR_076 → PAR_003,2.11,0.703,3_pares
PAR_003,PAR_111,PAR_005,PAR_003 → PAR_111 → PAR_005 → PAR_003,2.11,0.703,3_pares
PAR_003,PAR_075,PAR_029,PAR_003 → PAR_075 → PAR_029 → PAR_003,2.11,0.703,3_pares
PAR_012,PAR_037,PAR_067,PAR_012 → PAR_037 → PAR_067 → PAR_012,2.11,0.703,3_pares
PAR_003,PAR_109,PAR_092,PAR_003 → PAR_109 → PAR_092 → PAR_003,2.11,0.703,3_pares
PAR_012,PAR_027,PAR_075,PAR_012 → PAR_027 → PAR_075 → PAR_012,2.109,0.703,3_pares
PAR_028,PAR_094,PAR_034,PAR_028 → PAR_094 → PAR_034 → PAR_028,2.109,0.703,3_pares
PAR_061,PAR_099,PAR_117,PAR_061 → PAR_099 → PAR_117 → PAR_061,2.109,0.703,3_pares
PAR_034,PAR_069,PAR_090,PAR_034 → PAR_069 → PAR_090 → PAR_034,2.109,0.703,3_pares
PAR_034,PAR_075,PAR_052,PAR_034 → PAR_075 → PAR_052 → PAR_034,2.109,0.703,3_pares
PAR_052,PAR_093,PAR_061,PAR_052 → PAR_093 → PAR_061 → PAR_052,2.109,0.703,3_pares
PAR_030,PAR_069,PAR_037,PAR_030 → PAR_069 → PAR_037 → PAR_030,2.109,0.703,3_pares
PAR_061,PAR_111,PAR_117,PAR_061 → PAR_111 → PAR_117 → PAR_061,2.109,0.703,3_pares
PAR_061,PAR_070,PAR_112,PAR_061 → PAR_070 → PAR_112 → PAR_061,2.109,0.703,3_pares
PAR_030,PAR_090,PAR_094,PAR_030 → PAR_090 → PAR_094 → PAR_030,2.109,0.703,3_pares
PAR_003,PAR_034,PAR_005,PAR_003 → PAR_034 → PAR_005 → PAR_003,2.109,0.703,3_pares
PAR_003,PAR_094,PAR_114,PAR_003 → PAR_094 → PAR_114 → PAR_003,2.109,0.703,3_pares
PAR_045,PAR_101,PAR_094,PAR_045 → PAR_101 → PAR_094 → PAR_045,2.109,0.703,3_pares
PAR_061,PAR_094,PAR_067,PAR_061 → PAR_094 → PAR_067 → PAR_061,2.109,0.703,3_pares
PAR_027,PAR_057,PAR_090,PAR_027 → PAR_057 → PAR_090 → PAR_027,2.109,0.703,3_pares
PAR_037,PAR_058,PAR_075,PAR_037 → PAR_058 → PAR_075 → PAR_037,2.109,0.703,3_pares
PAR_029,PAR_070,PAR_061,PAR_029 → PAR_070 → PAR_061 → PAR_029,2.109,0.703,3_pares
PAR_046,PAR_068,PAR_061,PAR_046 → PAR_068 → PAR_061 → PAR_046,2.109,0.703,3_pares
PAR_064,PAR_093,PAR_070,PAR_064 → PAR_093 → PAR_070 → PAR_064,2.109,0.703,3_pares
PAR_030,PAR_094,PAR_070,PAR_030 → PAR_094 → PAR_070 → PAR_030,2.109,0.703,3_pares
PAR_027,PAR_075,PAR_028,PAR_027 → PAR_075 → PAR_028 → PAR_027,2.108,0.703,3_pares
PAR_007,PAR_096,PAR_034,PAR_007 → PAR_096 → PAR_034 → PAR_007,2.108,0.703,3_pares
PAR_037,PAR_053,PAR_117,PAR_037 → PAR_053 → PAR_117 → PAR_037,2.108,0.703,3_pares
PAR_028,PAR_070,PAR_058,PAR_028 → PAR_070 → PAR_058 → PAR_028,2.108,0.703,3_pares
PAR_058,PAR_069,PAR_061,PAR_058 → PAR_069 → PAR_061 → PAR_058,2.108,0.703,3_pares
PAR_037,PAR_046,PAR_103,PAR_037 → PAR_046 → PAR_103 → PAR_037,2.108,0.703,3_pares
PAR_034,PAR_069,PAR_070,PAR_034 → PAR_069 → PAR_070 → PAR_034,2.108,0.703,3_pares
PAR_003,PAR_021,PAR_096,PAR_003 → PAR_021 → PAR_096 → PAR_003,2.108,0.703,3_pares
PAR_037,PAR_070,PAR_097,PAR_037 → PAR_070 → PAR_097 → PAR_037,2.108,0.703,3_pares
PAR_014,PAR_021,PAR_061,PAR_014 → PAR_021 → PAR_061 → PAR_014,2.108,0.703,3_pares
PAR_046,PAR_117,PAR_111,PAR_046 → PAR_117 → PAR_111 → PAR_046,2.108,0.703,3_pares
PAR_052,PAR_120,PAR_061,PAR_052 → PAR_120 → PAR_061 → PAR_052,2.108,0.703,3_pares
PAR_061,PAR_103,PAR_073,PAR_061 → PAR_103 → PAR_073 → PAR_061,2.108,0.703,3_pares
PAR_005,PAR_069,PAR_021,PAR_005 → PAR_069 → PAR_021 → PAR_005,2.108,0.703,3_pares
PAR_003,PAR_075,PAR_076,PAR_003 → PAR_075 → PAR_076 → PAR_003,2.108,0.703,3_pares
PAR_007,PAR_073,PAR_034,PAR_007 → PAR_073 → PAR_034 → PAR_007,2.108,0.703,3_pares
PAR_003,PAR_109,PAR_034,PAR_003 → PAR_109 → PAR_034 → PAR_003,2.108,0.703,3_pares
PAR_003,PAR_027,PAR_058,PAR_003 → PAR_027 → PAR_058 → PAR_003,2.108,0.703,3_pares
PAR_015,PAR_103,PAR_090,PAR_015 → PAR_103 → PAR_090 → PAR_015,2.108,0.703,3_pares
PAR_003,PAR_027,PAR_026,PAR_003 → PAR_027 → PAR_026 → PAR_003,2.108,0.703,3_pares
PAR_015,PAR_101,PAR_034,PAR_015 → PAR_101 → PAR_034 → PAR_015,2.108,0.703,3_pares
PAR_003,PAR_070,PAR_024,PAR_003 → PAR_070 → PAR_024 → PAR_003,2.108,0.703,3_pares
PAR_037,PAR_046,PAR_052,PAR_037 → PAR_046 → PAR_052 → PAR_037,2.108,0.703,3_pares
PAR_033,PAR_094,PAR_070,PAR_033 → PAR_094 → PAR_070 → PAR_033,2.108,0.703,3_pares
PAR_015,PAR_053,PAR_073,PAR_015 → PAR_053 → PAR_073 → PAR_015,2.108,0.703,3_pares
PAR_003,PAR_038,PAR_075,PAR_003 → PAR_038 → PAR_075 → PAR_003,2.108,0.703,3_pares
PAR_064,PAR_085,PAR_075,PAR_064 → PAR_085 → PAR_075 → PAR_064,2.107,0.702,3_pares
PAR_028,PAR_061,PAR_053,PAR_028 → PAR_061 → PAR_053 → PAR_028,2.107,0.702,3_pares
PAR_064,PAR_117,PAR_094,PAR_064 → PAR_117 → PAR_094 → PAR_064,2.107,0.702,3_pares
PAR_014,PAR_021,PAR_046,PAR_014 → PAR_021 → PAR_046 → PAR_014,2.107,0.702,3_pares
PAR_051,PAR_053,PAR_073,PAR_051 → PAR_053 → PAR_073 → PAR_051,2.107,0.702,3_pares
PAR_029,PAR_070,PAR_080,PAR_029 → PAR_070 → PAR_080 → PAR_029,2.107,0.702,3_pares
PAR_046,PAR_085,PAR_109,PAR_046 → PAR_085 → PAR_109 → PAR_046,2.107,0.702,3_pares
PAR_005,PAR_029,PAR_075,PAR_005 → PAR_029 → PAR_075 → PAR_005,2.107,0.702,3_pares
PAR_037,PAR_097,PAR_090,PAR_037 → PAR_097 → PAR_090 → PAR_037,2.107,0.702,3_pares
PAR_007,PAR_075,PAR_099,PAR_007 → PAR_075 → PAR_099 → PAR_007,2.107,0.702,3_pares
PAR_038,PAR_075,PAR_055,PAR_038 → PAR_075 → PAR_055 → PAR_038,2.107,0.702,3_pares
PAR_052,PAR_099,PAR_061,PAR_052 → PAR_099 → PAR_061 → PAR_052,2.107,0.702,3_pares
PAR_055,PAR_069,PAR_111,PAR_055 → PAR_069 → PAR_111 → PAR_055,2.107,0.702,3_pares
PAR_070,PAR_101,PAR_109,PAR_070 → PAR_101 → PAR_109 → PAR_070,2.107,0.702,3_pares
PAR_093,PAR_094,PAR_103,PAR_093 → PAR_094 → PAR_103 → PAR_093,2.107,0.702,3_pares
PAR_046,PAR_067,PAR_094,PAR_046 → PAR_067 → PAR_094 → PAR_046,2.107,0.702,3_pares
PAR_015,PAR_028,PAR_109,PAR_015 → PAR_028 → PAR_109 → PAR_015,2.107,0.702,3_pares
PAR_021,PAR_109,PAR_069,PAR_021 → PAR_109 → PAR_069 → PAR_021,2.107,0.702,3_pares
PAR_075,PAR_097,PAR_090,PAR_075 → PAR_097 → PAR_090 → PAR_075,2.106,0.702,3_pares
PAR_029,PAR_069,PAR_037,PAR_029 → PAR_069 → PAR_037 → PAR_029,2.106,0.702,3_pares
PAR_037,PAR_058,PAR_061,PAR_037 → PAR_058 → PAR_061 → PAR_037,2.106,0.702,3_pares
PAR_085,PAR_092,PAR_099,PAR_085 → PAR_092 → PAR_099 → PAR_085,2.106,0.702,3_pares
PAR_075,PAR_103,PAR_101,PAR_075 → PAR_103 → PAR_101 → PAR_075,2.106,0.702,3_pares
PAR_028,PAR_109,PAR_051,PAR_028 → PAR_109 → PAR_051 → PAR_028,2.106,0.702,3_pares
PAR_037,PAR_070,PAR_111,PAR_037 → PAR_070 → PAR_111 → PAR_037,2.106,0.702,3_pares
PAR_034,PAR_037,PAR_090,PAR_034 → PAR_037 → PAR_090 → PAR_034,2.106,0.702,3_pares
PAR_034,PAR_099,PAR_057,PAR_034 → PAR_099 → PAR_057 → PAR_034,2.106,0.702,3_pares
PAR_034,PAR_117,PAR_094,PAR_034 → PAR_117 → PAR_094 → PAR_034,2.106,0.702,3_pares
PAR_021,PAR_070,PAR_101,PAR_021 → PAR_070 → PAR_101 → PAR_021,2.106,0.702,3_pares
PAR_003,PAR_069,PAR_111,PAR_003 → PAR_069 → PAR_111 → PAR_003,2.106,0.702,3_pares
PAR_007,PAR_075,PAR_034,PAR_007 → PAR_075 → PAR_034 → PAR_007,2.106,0.702,3_pares
PAR_003,PAR_037,PAR_097,PAR_003 → PAR_037 → PAR_097 → PAR_003,2.106,0.702,3_pares
PAR_075,PAR_099,PAR_090,PAR_075 → PAR_099 → PAR_090 → PAR_075,2.106,0.702,3_pares
PAR_003,PAR_070,PAR_027,PAR_003 → PAR_070 → PAR_027 → PAR_003,2.106,0.702,3_pares
PAR_052,PAR_117,PAR_070,PAR_052 → PAR_117 → PAR_070 → PAR_052,2.106,0.702,3_pares
PAR_053,PAR_117,PAR_111,PAR_053 → PAR_117 → PAR_111 → PAR_053,2.106,0.702,3_pares
PAR_094,PAR_099,PAR_117,PAR_094 → PAR_099 → PAR_117 → PAR_094,2.106,0.702,3_pares
PAR_021,PAR_109,PAR_093,PAR_021 → PAR_109 → PAR_093 → PAR_021,2.106,0.702,3_pares
PAR_064,PAR_090,PAR_075,PAR_064 → PAR_090 → PAR_075 → PAR_064,2.106,0.702,3_pares
PAR_029,PAR_090,PAR_094,PAR_029 → PAR_090 → PAR_094 → PAR_029,2.106,0.702,3_pares
PAR_016,PAR_090,PAR_037,PAR_016 → PAR_090 → PAR_037 → PAR_016,2.105,0.702,3_pares
PAR_007,PAR_097,PAR_061,PAR_007 → PAR_097 → PAR_061 → PAR_007,2.105,0.702,3_pares
PAR_037,PAR_046,PAR_058,PAR_037 → PAR_046 → PAR_058 → PAR_037,2.105,0.702,3_pares
PAR_058,PAR_073,PAR_061,PAR_058 → PAR_073 → PAR_061 → PAR_058,2.105,0.702,3_pares
PAR_005,PAR_021,PAR_099,PAR_005 → PAR_021 → PAR_099 → PAR_005,2.105,0.702,3_pares
PAR_021,PAR_109,PAR_073,PAR_021 → PAR_109 → PAR_073 → PAR_021,2.105,0.702,3_pares
PAR_094,PAR_111,PAR_117,PAR_094 → PAR_111 → PAR_117 → PAR_094,2.105,0.702,3_pares
PAR_075,PAR_111,PAR_090,PAR_075 → PAR_111 → PAR_090 → PAR_075,2.105,0.702,3_pares
PAR_070,PAR_111,PAR_073,PAR_070 → PAR_111 → PAR_073 → PAR_070,2.105,0.702,3_pares
PAR_034,PAR_037,PAR_085,PAR_034 → PAR_037 → PAR_085 → PAR_034,2.105,0.702,3_pares
PAR_033,PAR_037,PAR_075,PAR_033 → PAR_037 → PAR_075 → PAR_033,2.105,0.702,3_pares
PAR_030,PAR_109,PAR_046,PAR_030 → PAR_109 → PAR_046 → PAR_030,2.105,0.702,3_pares
PAR_005,PAR_070,PAR_053,PAR_005 → PAR_070 → PAR_053 → PAR_005,2.105,0.702,3_pares
PAR_027,PAR_037,PAR_117,PAR_027 → PAR_037 → PAR_117 → PAR_027,2.105,0.702,3_pares
PAR_069,PAR_109,PAR_093,PAR_069 → PAR_109 → PAR_093 → PAR_069,2.105,0.702,3_pares
PAR_007,PAR_064,PAR_061,PAR_007 → PAR_064 → PAR_061 → PAR_007,2.105,0.702,3_pares
PAR_012,PAR_027,PAR_061,PAR_012 → PAR_027 → PAR_061 → PAR_012,2.105,0.702,3_pares
PAR_073,PAR_094,PAR_103,PAR_073 → PAR_094 → PAR_103 → PAR_073,2.105,0.702,3_pares
PAR_046,PAR_110,PAR_109,PAR_046 → PAR_110 → PAR_109 → PAR_046,2.105,0.702,3_pares
PAR_058,PAR_117,PAR_070,PAR_058 → PAR_117 → PAR_070 → PAR_058,2.104,0.701,3_pares
PAR_021,PAR_090,PAR_094,PAR_021 → PAR_090 → PAR_094 → PAR_021,2.104,0.701,3_pares
PAR_029,PAR_037,PAR_093,PAR_029 → PAR_037 → PAR_093 → PAR_029,2.104,0.701,3_pares
PAR_040,PAR_069,PAR_075,PAR_040 → PAR_069 → PAR_075 → PAR_040,2.104,0.701,3_pares
PAR_052,PAR_053,PAR_075,PAR_052 → PAR_053 → PAR_075 → PAR_052,2.104,0.701,3_pares
PAR_068,PAR_090,PAR_070,PAR_068 → PAR_090 → PAR_070 → PAR_068,2.104,0.701,3_pares
PAR_034,PAR_075,PAR_090,PAR_034 → PAR_075 → PAR_090 → PAR_034,2.104,0.701,3_pares
PAR_061,PAR_102,PAR_075,PAR_061 → PAR_102 → PAR_075 → PAR_061,2.104,0.701,3_pares
PAR_038,PAR_094,PAR_057,PAR_038 → PAR_094 → PAR_057 → PAR_038,2.104,0.701,3_pares
PAR_076,PAR_090,PAR_094,PAR_076 → PAR_090 → PAR_094 → PAR_076,2.104,0.701,3_pares
PAR_037,PAR_058,PAR_080,PAR_037 → PAR_058 → PAR_080 → PAR_037,2.104,0.701,3_pares
PAR_003,PAR_075,PAR_097,PAR_003 → PAR_075 → PAR_097 → PAR_003,2.104,0.701,3_pares
PAR_037,PAR_065,PAR_099,PAR_037 → PAR_065 → PAR_099 → PAR_037,2.104,0.701,3_pares
PAR_058,PAR_075,PAR_061,PAR_058 → PAR_075 → PAR_061 → PAR_058,2.104,0.701,3_pares
PAR_003,PAR_111,PAR_120,PAR_003 → PAR_111 → PAR_120 → PAR_003,2.104,0.701,3_pares
PAR_003,PAR_111,PAR_096,PAR_003 → PAR_111 → PAR_096 → PAR_003,2.104,0.701,3_pares
PAR_037,PAR_076,PAR_069,PAR_037 → PAR_076 → PAR_069 → PAR_037,2.104,0.701,3_pares
PAR_016,PAR_090,PAR_075,PAR_016 → PAR_090 → PAR_075 → PAR_016,2.104,0.701,3_pares
PAR_046,PAR_061,PAR_103,PAR_046 → PAR_061 → PAR_103 → PAR_046,2.103,0.701,3_pares
PAR_029,PAR_069,PAR_034,PAR_029 → PAR_069 → PAR_034 → PAR_029,2.103,0.701,3_pares
PAR_029,PAR_037,PAR_096,PAR_029 → PAR_037 → PAR_096 → PAR_029,2.103,0.701,3_pares
PAR_012,PAR_027,PAR_080,PAR_012 → PAR_027 → PAR_080 → PAR_012,2.103,0.701,3_pares
PAR_046,PAR_058,PAR_075,PAR_046 → PAR_058 → PAR_075 → PAR_046,2.103,0.701,3_pares
PAR_061,PAR_070,PAR_064,PAR_061 → PAR_070 → PAR_064 → PAR_061,2.103,0.701,3_pares
PAR_005,PAR_069,PAR_034,PAR_005 → PAR_069 → PAR_034 → PAR_005,2.103,0.701,3_pares
PAR_030,PAR_069,PAR_061,PAR_030 → PAR_069 → PAR_061 → PAR_030,2.103,0.701,3_pares
PAR_053,PAR_117,PAR_061,PAR_053 → PAR_117 → PAR_061 → PAR_053,2.103,0.701,3_pares
PAR_003,PAR_034,PAR_120,PAR_003 → PAR_034 → PAR_120 → PAR_003,2.103,0.701,3_pares
PAR_055,PAR_075,PAR_111,PAR_055 → PAR_075 → PAR_111 → PAR_055,2.103,0.701,3_pares
PAR_003,PAR_094,PAR_040,PAR_003 → PAR_094 → PAR_040 → PAR_003,2.103,0.701,3_pares
PAR_007,PAR_037,PAR_053,PAR_007 → PAR_037 → PAR_053 → PAR_007,2.103,0.701,3_pares
PAR_012,PAR_109,PAR_102,PAR_012 → PAR_109 → PAR_102 → PAR_012,2.103,0.701,3_pares
PAR_003,PAR_037,PAR_016,PAR_003 → PAR_037 → PAR_016 → PAR_003,2.103,0.701,3_pares
PAR_024,PAR_075,PAR_052,PAR_024 → PAR_075 → PAR_052 → PAR_024,2.103,0.701,3_pares
PAR_037,PAR_038,PAR_069,PAR_037 → PAR_038 → PAR_069 → PAR_037,2.103,0.701,3_pares
PAR_029,PAR_075,PAR_093,PAR_029 → PAR_075 → PAR_093 → PAR_029,2.103,0.701,3_pares
PAR_046,PAR_052,PAR_061,PAR_046 → PAR_052 → PAR_061 → PAR_046,2.103,0.701,3_pares
PAR_021,PAR_093,PAR_069,PAR_021 → PAR_093 → PAR_069 → PAR_021,2.103,0.701,3_pares
PAR_027,PAR_061,PAR_028,PAR_027 → PAR_061 → PAR_028 → PAR_027,2.103,0.701,3_pares
PAR_005,PAR_109,PAR_061,PAR_005 → PAR_109 → PAR_061 → PAR_005,2.103,0.701,3_pares
PAR_021,PAR_109,PAR_075,PAR_021 → PAR_109 → PAR_075 → PAR_021,2.103,0.701,3_pares
PAR_012,PAR_021,PAR_058,PAR_012 → PAR_021 → PAR_058 → PAR_012,2.102,0.701,3_pares
PAR_046,PAR_057,PAR_111,PAR_046 → PAR_057 → PAR_111 → PAR_046,2.102,0.701,3_pares
PAR_018,PAR_103,PAR_037,PAR_018 → PAR_103 → PAR_037 → PAR_018,2.102,0.701,3_pares
PAR_058,PAR_073,PAR_094,PAR_058 → PAR_073 → PAR_094 → PAR_058,2.102,0.701,3_pares
PAR_003,PAR_075,PAR_111,PAR_003 → PAR_075 → PAR_111 → PAR_003,2.102,0.701,3_pares
PAR_012,PAR_029,PAR_090,PAR_012 → PAR_029 → PAR_090 → PAR_012,2.102,0.701,3_pares
PAR_007,PAR_101,PAR_034,PAR_007 → PAR_101 → PAR_034 → PAR_007,2.102,0.701,3_pares
PAR_034,PAR_046,PAR_057,PAR_034 → PAR_046 → PAR_057 → PAR_034,2.102,0.701,3_pares
PAR_003,PAR_034,PAR_099,PAR_003 → PAR_034 → PAR_099 → PAR_003,2.102,0.701,3_pares
PAR_024,PAR_069,PAR_070,PAR_024 → PAR_069 → PAR_070 → PAR_024,2.102,0.701,3_pares
PAR_003,PAR_111,PAR_034,PAR_003 → PAR_111 → PAR_034 → PAR_003,2.102,0.701,3_pares
PAR_053,PAR_069,PAR_070,PAR_053 → PAR_069 → PAR_070 → PAR_053,2.102,0.701,3_pares
PAR_052,PAR_101,PAR_061,PAR_052 → PAR_101 → PAR_061 → PAR_052,2.102,0.701,3_pares
PAR_021,PAR_096,PAR_069,PAR_021 → PAR_096 → PAR_069 → PAR_021,2.101,0.7,3_pares
PAR_040,PAR_069,PAR_061,PAR_040 → PAR_069 → PAR_061 → PAR_040,2.101,0.7,3_pares
PAR_037,PAR_053,PAR_085,PAR_037 → PAR_053 → PAR_085 → PAR_037,2.101,0.7,3_pares
PAR_037,PAR_053,PAR_090,PAR_037 → PAR_053 → PAR_090 → PAR_037,2.101,0.7,3_pares
PAR_037,PAR_075,PAR_040,PAR_037 → PAR_075 → PAR_040 → PAR_037,2.101,0.7,3_pares
PAR_061,PAR_094,PAR_103,PAR_061 → PAR_094 → PAR_103 → PAR_061,2.101,0.7,3_pares
PAR_012,PAR_015,PAR_032,PAR_012 → PAR_015 → PAR_032 → PAR_012,2.101,0.7,3_pares
PAR_005,PAR_075,PAR_099,PAR_005 → PAR_075 → PAR_099 → PAR_005,2.101,0.7,3_pares
PAR_028,PAR_029,PAR_070,PAR_028 → PAR_029 → PAR_070 → PAR_028,2.101,0.7,3_pares
PAR_015,PAR_091,PAR_090,PAR_015 → PAR_091 → PAR_090 → PAR_015,2.101,0.7,3_pares
PAR_012,PAR_051,PAR_099,PAR_012 → PAR_051 → PAR_099 → PAR_012,2.101,0.7,3_pares
PAR_037,PAR_109,PAR_099,PAR_037 → PAR_109 → PAR_099 → PAR_037,2.101,0.7,3_pares
PAR_021,PAR_027,PAR_057,PAR_021 → PAR_027 → PAR_057 → PAR_021,2.101,0.7,3_pares
PAR_002,PAR_012,PAR_034,PAR_002 → PAR_012 → PAR_034 → PAR_002,2.101,0.7,3_pares
PAR_027,PAR_117,PAR_061,PAR_027 → PAR_117 → PAR_061 → PAR_027,2.101,0.7,3_pares
PAR_053,PAR_093,PAR_070,PAR_053 → PAR_093 → PAR_070 → PAR_053,2.101,0.7,3_pares
PAR_075,PAR_093,PAR_109,PAR_075 → PAR_093 → PAR_109 → PAR_075,2.101,0.7,3_pares
PAR_003,PAR_027,PAR_005,PAR_003 → PAR_027 → PAR_005 → PAR_003,2.101,0.7,3_pares
PAR_003,PAR_075,PAR_016,PAR_003 → PAR_075 → PAR_016 → PAR_003,2.101,0.7,3_pares
PAR_051,PAR_101,PAR_094,PAR_051 → PAR_101 → PAR_094 → PAR_051,2.101,0.7,3_pares
PAR_038,PAR_075,PAR_069,PAR_038 → PAR_075 → PAR_069 → PAR_038,2.101,0.7,3_pares
PAR_026,PAR_101,PAR_034,PAR_026 → PAR_101 → PAR_034 → PAR_026,2.101,0.7,3_pares
PAR_061,PAR_091,PAR_075,PAR_061 → PAR_091 → PAR_075 → PAR_061,2.101,0.7,3_pares
PAR_005,PAR_092,PAR_099,PAR_005 → PAR_092 → PAR_099 → PAR_005,2.101,0.7,3_pares
PAR_015,PAR_028,PAR_034,PAR_015 → PAR_028 → PAR_034 → PAR_015,2.1,0.7,3_pares
PAR_007,PAR_094,PAR_111,PAR_007 → PAR_094 → PAR_111 → PAR_007,2.1,0.7,3_pares
PAR_029,PAR_075,PAR_099,PAR_029 → PAR_075 → PAR_099 → PAR_029,2.1,0.7,3_pares
PAR_018,PAR_103,PAR_075,PAR_018 → PAR_103 → PAR_075 → PAR_018,2.1,0.7,3_pares
PAR_003,PAR_090,PAR_025,PAR_003 → PAR_090 → PAR_025 → PAR_003,2.1,0.7,3_pares
PAR_030,PAR_037,PAR_046,PAR_030 → PAR_037 → PAR_046 → PAR_030,2.1,0.7,3_pares
PAR_021,PAR_109,PAR_101,PAR_021 → PAR_109 → PAR_101 → PAR_021,2.1,0.7,3_pares
PAR_007,PAR_080,PAR_034,PAR_007 → PAR_080 → PAR_034 → PAR_007,2.1,0.7,3_pares
PAR_064,PAR_109,PAR_075,PAR_064 → PAR_109 → PAR_075 → PAR_064,2.1,0.7,3_pares
PAR_025,PAR_055,PAR_090,PAR_025 → PAR_055 → PAR_090 → PAR_025,2.1,0.7,3_pares
PAR_090,PAR_094,PAR_097,PAR_090 → PAR_094 → PAR_097 → PAR_090,2.1,0.7,3_pares
PAR_027,PAR_069,PAR_090,PAR_027 → PAR_069 → PAR_090 → PAR_027,2.1,0.7,3_pares
PAR_021,PAR_034,PAR_069,PAR_021 → PAR_034 → PAR_069 → PAR_021,2.1,0.7,3_pares
PAR_007,PAR_070,PAR_052,PAR_007 → PAR_070 → PAR_052 → PAR_007,2.1,0.7,3_pares
PAR_053,PAR_090,PAR_092,PAR_053 → PAR_090 → PAR_092 → PAR_053,2.1,0.7,3_pares
PAR_007,PAR_039,PAR_034,PAR_007 → PAR_039 → PAR_034 → PAR_007,2.1,0.7,3_pares
PAR_002,PAR_003,PAR_070,PAR_002 → PAR_003 → PAR_070 → PAR_002,2.1,0.7,3_pares
PAR_029,PAR_069,PAR_061,PAR_029 → PAR_069 → PAR_061 → PAR_029,2.1,0.7,3_pares
PAR_064,PAR_080,PAR_070,PAR_064 → PAR_080 → PAR_070 → PAR_064,2.1,0.7,3_pares
PAR_090,PAR_094,PAR_099,PAR_090 → PAR_094 → PAR_099 → PAR_090,2.099,0.7,3_pares
PAR_012,PAR_038,PAR_090,PAR_012 → PAR_038 → PAR_090 → PAR_012,2.099,0.7,3_pares
PAR_075,PAR_120,PAR_109,PAR_075 → PAR_120 → PAR_109 → PAR_075,2.099,0.7,3_pares
PAR_027,PAR_058,PAR_037,PAR_027 → PAR_058 → PAR_037 → PAR_027,2.099,0.7,3_pares
PAR_046,PAR_103,PAR_094,PAR_046 → PAR_103 → PAR_094 → PAR_046,2.099,0.7,3_pares
PAR_026,PAR_080,PAR_034,PAR_026 → PAR_080 → PAR_034 → PAR_026,2.099,0.7,3_pares
PAR_052,PAR_090,PAR_070,PAR_052 → PAR_090 → PAR_070 → PAR_052,2.099,0.7,3_pares
PAR_039,PAR_070,PAR_064,PAR_039 → PAR_070 → PAR_064 → PAR_039,2.099,0.7,3_pares
PAR_021,PAR_034,PAR_093,PAR_021 → PAR_034 → PAR_093 → PAR_021,2.099,0.7,3_pares
PAR_005,PAR_075,PAR_034,PAR_005 → PAR_075 → PAR_034 → PAR_005,2.099,0.7,3_pares
PAR_030,PAR_075,PAR_061,PAR_030 → PAR_075 → PAR_061 → PAR_030,2.099,0.7,3_pares
PAR_064,PAR_090,PAR_094,PAR_064 → PAR_090 → PAR_094 → PAR_064,2.099,0.7,3_pares
PAR_037,PAR_097,PAR_069,PAR_037 → PAR_097 → PAR_069 → PAR_037,2.099,0.7,3_pares
PAR_046,PAR_052,PAR_094,PAR_046 → PAR_052 → PAR_094 → PAR_046,2.099,0.7,3_pares
PAR_027,PAR_045,PAR_028,PAR_027 → PAR_045 → PAR_028 → PAR_027,2.099,0.7,3_pares
PAR_051,PAR_053,PAR_080,PAR_051 → PAR_053 → PAR_080 → PAR_051,2.099,0.7,3_pares
PAR_070,PAR_097,PAR_094,PAR_070 → PAR_097 → PAR_094 → PAR_070,2.099,0.7,3_pares
PAR_064,PAR_070,PAR_094,PAR_064 → PAR_070 → PAR_094 → PAR_064,2.099,0.7,3_pares
PAR_021,PAR_064,PAR_037,PAR_021 → PAR_064 → PAR_037 → PAR_021,2.099,0.7,3_pares
PAR_034,PAR_080,PAR_090,PAR_034 → PAR_080 → PAR_090 → PAR_034,2.099,0.7,3_pares
PAR_055,PAR_061,PAR_111,PAR_055 → PAR_061 → PAR_111 → PAR_055,2.099,0.7,3_pares
PAR_015,PAR_103,PAR_069,PAR_015 → PAR_103 → PAR_069 → PAR_015,2.099,0.7,3_pares
PAR_012,PAR_037,PAR_102,PAR_012 → PAR_037 → PAR_102 → PAR_012,2.099,0.7,3_pares
PAR_021,PAR_099,PAR_037,PAR_021 → PAR_099 → PAR_037 → PAR_021,2.099,0.7,3_pares
PAR_003,PAR_111,PAR_101,PAR_003 → PAR_111 → PAR_101 → PAR_003,2.099,0.7,3_pares
PAR_038,PAR_069,PAR_061,PAR_038 → PAR_069 → PAR_061 → PAR_038,2.098,0.699,3_pares
PAR_034,PAR_046,PAR_055,PAR_034 → PAR_046 → PAR_055 → PAR_034,2.098,0.699,3_pares
PAR_061,PAR_093,PAR_109,PAR_061 → PAR_093 → PAR_109 → PAR_061,2.098,0.699,3_pares
PAR_070,PAR_111,PAR_094,PAR_070 → PAR_111 → PAR_094 → PAR_070,2.098,0.699,3_pares
PAR_061,PAR_065,PAR_099,PAR_061 → PAR_065 → PAR_099 → PAR_061,2.098,0.699,3_pares
PAR_028,PAR_037,PAR_058,PAR_028 → PAR_037 → PAR_058 → PAR_028,2.098,0.699,3_pares
PAR_018,PAR_028,PAR_027,PAR_018 → PAR_028 → PAR_027 → PAR_018,2.098,0.699,3_pares
PAR_030,PAR_094,PAR_037,PAR_030 → PAR_094 → PAR_037 → PAR_030,2.098,0.699,3_pares
PAR_021,PAR_064,PAR_075,PAR_021 → PAR_064 → PAR_075 → PAR_021,2.098,0.699,3_pares
PAR_014,PAR_070,PAR_058,PAR_014 → PAR_070 → PAR_058 → PAR_014,2.098,0.699,3_pares
PAR_058,PAR_061,PAR_094,PAR_058 → PAR_061 → PAR_094 → PAR_058,2.098,0.699,3_pares
PAR_058,PAR_080,PAR_061,PAR_058 → PAR_080 → PAR_061 → PAR_058,2.098,0.699,3_pares
PAR_021,PAR_109,PAR_080,PAR_021 → PAR_109 → PAR_080 → PAR_021,2.098,0.699,3_pares
PAR_068,PAR_075,PAR_103,PAR_068 → PAR_075 → PAR_103 → PAR_068,2.098,0.699,3_pares
PAR_003,PAR_034,PAR_101,PAR_003 → PAR_034 → PAR_101 → PAR_003,2.098,0.699,3_pares
PAR_034,PAR_093,PAR_069,PAR_034 → PAR_093 → PAR_069 → PAR_034,2.098,0.699,3_pares
PAR_034,PAR_090,PAR_094,PAR_034 → PAR_090 → PAR_094 → PAR_034,2.098,0.699,3_pares
PAR_003,PAR_034,PAR_046,PAR_003 → PAR_034 → PAR_046 → PAR_003,2.098,0.699,3_pares
PAR_007,PAR_053,PAR_061,PAR_007 → PAR_053 → PAR_061 → PAR_007,2.098,0.699,3_pares
PAR_003,PAR_094,PAR_097,PAR_003 → PAR_094 → PAR_097 → PAR_003,2.098,0.699,3_pares
PAR_090,PAR_094,PAR_111,PAR_090 → PAR_094 → PAR_111 → PAR_090,2.098,0.699,3_pares
PAR_061,PAR_076,PAR_069,PAR_061 → PAR_076 → PAR_069 → PAR_061,2.098,0.699,3_pares
PAR_002,PAR_037,PAR_103,PAR_002 → PAR_037 → PAR_103 → PAR_002,2.097,0.699,3_pares
PAR_046,PAR_085,PAR_061,PAR_046 → PAR_085 → PAR_061 → PAR_046,2.097,0.699,3_pares
PAR_052,PAR_110,PAR_070,PAR_052 → PAR_110 → PAR_070 → PAR_052,2.097,0.699,3_pares
PAR_015,PAR_103,PAR_037,PAR_015 → PAR_103 → PAR_037 → PAR_015,2.097,0.699,3_pares
PAR_007,PAR_018,PAR_099,PAR_007 → PAR_018 → PAR_099 → PAR_007,2.097,0.699,3_pares
PAR_046,PAR_058,PAR_094,PAR_046 → PAR_058 → PAR_094 → PAR_046,2.097,0.699,3_pares
PAR_018,PAR_103,PAR_061,PAR_018 → PAR_103 → PAR_061 → PAR_018,2.097,0.699,3_pares
PAR_037,PAR_070,PAR_067,PAR_037 → PAR_070 → PAR_067 → PAR_037,2.097,0.699,3_pares
PAR_029,PAR_094,PAR_069,PAR_029 → PAR_094 → PAR_069 → PAR_029,2.097,0.699,3_pares
PAR_012,PAR_021,PAR_030,PAR_012 → PAR_021 → PAR_030 → PAR_012,2.097,0.699,3_pares
PAR_046,PAR_055,PAR_111,PAR_046 → PAR_055 → PAR_111 → PAR_046,2.097,0.699,3_pares
PAR_021,PAR_034,PAR_037,PAR_021 → PAR_034 → PAR_037 → PAR_021,2.097,0.699,3_pares
PAR_034,PAR_039,PAR_090,PAR_034 → PAR_039 → PAR_090 → PAR_034,2.097,0.699,3_pares
PAR_037,PAR_065,PAR_053,PAR_037 → PAR_065 → PAR_053 → PAR_037,2.097,0.699,3_pares
PAR_030,PAR_094,PAR_075,PAR_030 → PAR_094 → PAR_075 → PAR_030,2.097,0.699,3_pares
PAR_021,PAR_096,PAR_075,PAR_021 → PAR_096 → PAR_075 → PAR_021,2.097,0.699,3_pares
PAR_016,PAR_090,PAR_094,PAR_016 → PAR_090 → PAR_094 → PAR_016,2.097,0.699,3_pares
PAR_034,PAR_039,PAR_070,PAR_034 → PAR_039 → PAR_070 → PAR_034,2.097,0.699,3_pares
PAR_029,PAR_037,PAR_046,PAR_029 → PAR_037 → PAR_046 → PAR_029,2.097,0.699,3_pares
PAR_069,PAR_111,PAR_073,PAR_069 → PAR_111 → PAR_073 → PAR_069,2.097,0.699,3_pares
PAR_021,PAR_092,PAR_032,PAR_021 → PAR_092 → PAR_032 → PAR_021,2.096,0.699,3_pares
PAR_021,PAR_034,PAR_075,PAR_021 → PAR_034 → PAR_075 → PAR_021,2.096,0.699,3_pares
PAR_028,PAR_109,PAR_065,PAR_028 → PAR_109 → PAR_065 → PAR_028,2.096,0.699,3_pares
PAR_034,PAR_120,PAR_069,PAR_034 → PAR_120 → PAR_069 → PAR_034,2.096,0.699,3_pares
PAR_061,PAR_120,PAR_109,PAR_061 → PAR_120 → PAR_109 → PAR_061,2.096,0.699,3_pares
PAR_015,PAR_103,PAR_073,PAR_015 → PAR_103 → PAR_073 → PAR_015,2.096,0.699,3_pares
PAR_037,PAR_067,PAR_090,PAR_037 → PAR_067 → PAR_090 → PAR_037,2.096,0.699,3_pares
PAR_037,PAR_076,PAR_061,PAR_037 → PAR_076 → PAR_061 → PAR_037,2.096,0.699,3_pares
PAR_012,PAR_029,PAR_109,PAR_012 → PAR_029 → PAR_109 → PAR_012,2.096,0.699,3_pares
PAR_055,PAR_111,PAR_094,PAR_055 → PAR_111 → PAR_094 → PAR_055,2.096,0.699,3_pares
PAR_002,PAR_075,PAR_103,PAR_002 → PAR_075 → PAR_103 → PAR_002,2.095,0.698,3_pares
PAR_061,PAR_075,PAR_076,PAR_061 → PAR_075 → PAR_076 → PAR_061,2.095,0.698,3_pares
PAR_021,PAR_037,PAR_101,PAR_021 → PAR_037 → PAR_101 → PAR_021,2.095,0.698,3_pares
PAR_029,PAR_094,PAR_037,PAR_029 → PAR_094 → PAR_037 → PAR_029,2.095,0.698,3_pares
PAR_003,PAR_094,PAR_111,PAR_003 → PAR_094 → PAR_111 → PAR_003,2.095,0.698,3_pares
PAR_029,PAR_092,PAR_080,PAR_029 → PAR_092 → PAR_080 → PAR_029,2.095,0.698,3_pares
PAR_003,PAR_037,PAR_027,PAR_003 → PAR_037 → PAR_027 → PAR_003,2.095,0.698,3_pares
PAR_067,PAR_075,PAR_070,PAR_067 → PAR_075 → PAR_070 → PAR_067,2.095,0.698,3_pares
PAR_021,PAR_037,PAR_046,PAR_021 → PAR_037 → PAR_046 → PAR_021,2.095,0.698,3_pares
PAR_034,PAR_099,PAR_069,PAR_034 → PAR_099 → PAR_069 → PAR_034,2.095,0.698,3_pares
PAR_034,PAR_037,PAR_093,PAR_034 → PAR_037 → PAR_093 → PAR_034,2.095,0.698,3_pares
PAR_024,PAR_070,PAR_061,PAR_024 → PAR_070 → PAR_061 → PAR_024,2.095,0.698,3_pares
PAR_005,PAR_021,PAR_027,PAR_005 → PAR_021 → PAR_027 → PAR_005,2.095,0.698,3_pares
PAR_053,PAR_061,PAR_070,PAR_053 → PAR_061 → PAR_070 → PAR_053,2.095,0.698,3_pares
PAR_003,PAR_094,PAR_032,PAR_003 → PAR_094 → PAR_032 → PAR_003,2.095,0.698,3_pares
PAR_027,PAR_055,PAR_037,PAR_027 → PAR_055 → PAR_037 → PAR_027,2.095,0.698,3_pares
PAR_027,PAR_058,PAR_061,PAR_027 → PAR_058 → PAR_061 → PAR_027,2.095,0.698,3_pares
PAR_029,PAR_037,PAR_053,PAR_029 → PAR_037 → PAR_053 → PAR_029,2.095,0.698,3_pares
PAR_028,PAR_070,PAR_064,PAR_028 → PAR_070 → PAR_064 → PAR_028,2.094,0.698,3_pares
PAR_070,PAR_085,PAR_090,PAR_070 → PAR_085 → PAR_090 → PAR_070,2.094,0.698,3_pares
PAR_046,PAR_099,PAR_109,PAR_046 → PAR_099 → PAR_109 → PAR_046,2.094,0.698,3_pares
PAR_012,PAR_021,PAR_029,PAR_012 → PAR_021 → PAR_029 → PAR_012,2.094,0.698,3_pares
PAR_007,PAR_028,PAR_034,PAR_007 → PAR_028 → PAR_034 → PAR_007,2.094,0.698,3_pares
PAR_061,PAR_097,PAR_069,PAR_061 → PAR_097 → PAR_069 → PAR_061,2.094,0.698,3_pares
PAR_034,PAR_075,PAR_093,PAR_034 → PAR_075 → PAR_093 → PAR_034,2.094,0.698,3_pares
PAR_003,PAR_027,PAR_073,PAR_003 → PAR_027 → PAR_073 → PAR_003,2.094,0.698,3_pares
PAR_064,PAR_075,PAR_099,PAR_064 → PAR_075 → PAR_099 → PAR_064,2.094,0.698,3_pares
PAR_003,PAR_027,PAR_075,PAR_003 → PAR_027 → PAR_075 → PAR_003,2.094,0.698,3_pares
PAR_012,PAR_037,PAR_033,PAR_012 → PAR_037 → PAR_033 → PAR_012,2.094,0.698,3_pares
PAR_037,PAR_073,PAR_111,PAR_037 → PAR_073 → PAR_111 → PAR_037,2.094,0.698,3_pares
PAR_052,PAR_068,PAR_061,PAR_052 → PAR_068 → PAR_061 → PAR_052,2.094,0.698,3_pares
PAR_003,PAR_094,PAR_016,PAR_003 → PAR_094 → PAR_016 → PAR_003,2.094,0.698,3_pares
PAR_075,PAR_101,PAR_109,PAR_075 → PAR_101 → PAR_109 → PAR_075,2.094,0.698,3_pares
PAR_002,PAR_069,PAR_070,PAR_002 → PAR_069 → PAR_070 → PAR_002,2.093,0.698,3_pares
PAR_028,PAR_051,PAR_053,PAR_028 → PAR_051 → PAR_053 → PAR_028,2.093,0.698,3_pares
PAR_032,PAR_109,PAR_046,PAR_032 → PAR_109 → PAR_046 → PAR_032,2.093,0.698,3_pares
PAR_032,PAR_061,PAR_109,PAR_032 → PAR_061 → PAR_109 → PAR_032,2.093,0.698,3_pares
PAR_052,PAR_112,PAR_070,PAR_052 → PAR_112 → PAR_070 → PAR_052,2.093,0.698,3_pares
PAR_061,PAR_111,PAR_069,PAR_061 → PAR_111 → PAR_069 → PAR_061,2.093,0.698,3_pares
PAR_026,PAR_101,PAR_027,PAR_026 → PAR_101 → PAR_027 → PAR_026,2.093,0.698,3_pares
PAR_026,PAR_028,PAR_034,PAR_026 → PAR_028 → PAR_034 → PAR_026,2.093,0.698,3_pares
PAR_034,PAR_099,PAR_073,PAR_034 → PAR_099 → PAR_073 → PAR_034,2.093,0.698,3_pares
PAR_034,PAR_064,PAR_075,PAR_034 → PAR_064 → PAR_075 → PAR_034,2.093,0.698,3_pares
PAR_012,PAR_034,PAR_085,PAR_012 → PAR_034 → PAR_085 → PAR_012,2.093,0.698,3_pares
PAR_029,PAR_094,PAR_075,PAR_029 → PAR_094 → PAR_075 → PAR_029,2.093,0.698,3_pares
PAR_037,PAR_058,PAR_117,PAR_037 → PAR_058 → PAR_117 → PAR_037,2.093,0.698,3_pares
PAR_029,PAR_094,PAR_034,PAR_029 → PAR_094 → PAR_034 → PAR_029,2.093,0.698,3_pares
PAR_073,PAR_075,PAR_111,PAR_073 → PAR_075 → PAR_111 → PAR_073,2.093,0.698,3_pares
PAR_012,PAR_021,PAR_040,PAR_012 → PAR_021 → PAR_040 → PAR_012,2.093,0.698,3_pares
PAR_003,PAR_109,PAR_015,PAR_003 → PAR_109 → PAR_015 → PAR_003,2.093,0.698,3_pares
PAR_021,PAR_075,PAR_101,PAR_021 → PAR_075 → PAR_101 → PAR_021,2.093,0.698,3_pares
PAR_024,PAR_029,PAR_075,PAR_024 → PAR_029 → PAR_075 → PAR_024,2.093,0.698,3_pares
PAR_021,PAR_093,PAR_094,PAR_021 → PAR_093 → PAR_094 → PAR_021,2.093,0.698,3_pares
PAR_052,PAR_103,PAR_075,PAR_052 → PAR_103 → PAR_075 → PAR_052,2.092,0.697,3_pares
PAR_053,PAR_061,PAR_065,PAR_053 → PAR_061 → PAR_065 → PAR_053,2.092,0.697,3_pares
PAR_012,PAR_034,PAR_110,PAR_012 → PAR_034 → PAR_110 → PAR_012,2.092,0.697,3_pares
PAR_026,PAR_080,PAR_027,PAR_026 → PAR_080 → PAR_027 → PAR_026,2.092,0.697,3_pares
PAR_034,PAR_120,PAR_075,PAR_034 → PAR_120 → PAR_075 → PAR_034,2.092,0.697,3_pares
PAR_038,PAR_075,PAR_046,PAR_038 → PAR_075 → PAR_046 → PAR_038,2.092,0.697,3_pares
PAR_028,PAR_061,PAR_058,PAR_028 → PAR_061 → PAR_058 → PAR_028,2.092,0.697,3_pares
PAR_027,PAR_061,PAR_070,PAR_027 → PAR_061 → PAR_070 → PAR_027,2.092,0.697,3_pares
PAR_053,PAR_080,PAR_070,PAR_053 → PAR_080 → PAR_070 → PAR_053,2.092,0.697,3_pares
PAR_034,PAR_075,PAR_099,PAR_034 → PAR_075 → PAR_099 → PAR_034,2.092,0.697,3_pares
PAR_030,PAR_094,PAR_046,PAR_030 → PAR_094 → PAR_046 → PAR_030,2.092,0.697,3_pares
PAR_015,PAR_028,PAR_027,PAR_015 → PAR_028 → PAR_027 → PAR_015,2.092,0.697,3_pares
PAR_002,PAR_061,PAR_103,PAR_002 → PAR_061 → PAR_103 → PAR_002,2.092,0.697,3_pares
PAR_070,PAR_110,PAR_090,PAR_070 → PAR_110 → PAR_090 → PAR_070,2.092,0.697,3_pares
PAR_068,PAR_070,PAR_111,PAR_068 → PAR_070 → PAR_111 → PAR_068,2.092,0.697,3_pares
PAR_003,PAR_021,PAR_015,PAR_003 → PAR_021 → PAR_015 → PAR_003,2.091,0.697,3_pares
PAR_015,PAR_055,PAR_038,PAR_015 → PAR_055 → PAR_038 → PAR_015,2.091,0.697,3_pares
PAR_014,PAR_015,PAR_099,PAR_014 → PAR_015 → PAR_099 → PAR_014,2.091,0.697,3_pares
PAR_058,PAR_068,PAR_061,PAR_058 → PAR_068 → PAR_061 → PAR_058,2.091,0.697,3_pares
PAR_058,PAR_067,PAR_094,PAR_058 → PAR_067 → PAR_094 → PAR_058,2.091,0.697,3_pares
PAR_046,PAR_110,PAR_094,PAR_046 → PAR_110 → PAR_094 → PAR_046,2.091,0.697,3_pares
PAR_037,PAR_097,PAR_061,PAR_037 → PAR_097 → PAR_061 → PAR_037,2.091,0.697,3_pares
PAR_034,PAR_101,PAR_069,PAR_034 → PAR_101 → PAR_069 → PAR_034,2.091,0.697,3_pares
PAR_034,PAR_068,PAR_070,PAR_034 → PAR_068 → PAR_070 → PAR_034,2.091,0.697,3_pares
PAR_021,PAR_096,PAR_094,PAR_021 → PAR_096 → PAR_094 → PAR_021,2.091,0.697,3_pares
PAR_030,PAR_109,PAR_052,PAR_030 → PAR_109 → PAR_052 → PAR_030,2.091,0.697,3_pares
PAR_061,PAR_099,PAR_093,PAR_061 → PAR_099 → PAR_093 → PAR_061,2.091,0.697,3_pares
PAR_002,PAR_090,PAR_037,PAR_002 → PAR_090 → PAR_037 → PAR_002,2.091,0.697,3_pares
PAR_021,PAR_034,PAR_080,PAR_021 → PAR_034 → PAR_080 → PAR_021,2.091,0.697,3_pares
PAR_069,PAR_111,PAR_080,PAR_069 → PAR_111 → PAR_080 → PAR_069,2.09,0.697,3_pares
PAR_061,PAR_075,PAR_097,PAR_061 → PAR_075 → PAR_097 → PAR_061,2.09,0.697,3_pares
PAR_002,PAR_090,PAR_075,PAR_002 → PAR_090 → PAR_075 → PAR_002,2.09,0.697,3_pares
PAR_027,PAR_080,PAR_070,PAR_027 → PAR_080 → PAR_070 → PAR_027,2.09,0.697,3_pares
PAR_021,PAR_052,PAR_070,PAR_021 → PAR_052 → PAR_070 → PAR_021,2.09,0.697,3_pares
PAR_058,PAR_075,PAR_103,PAR_058 → PAR_075 → PAR_103 → PAR_058,2.09,0.697,3_pares
PAR_021,PAR_061,PAR_046,PAR_021 → PAR_061 → PAR_046 → PAR_021,2.09,0.697,3_pares
PAR_064,PAR_117,PAR_070,PAR_064 → PAR_117 → PAR_070 → PAR_064,2.09,0.697,3_pares
PAR_068,PAR_069,PAR_109,PAR_068 → PAR_069 → PAR_109 → PAR_068,2.09,0.697,3_pares
PAR_037,PAR_053,PAR_120,PAR_037 → PAR_053 → PAR_120 → PAR_037,2.09,0.697,3_pares
PAR_058,PAR_109,PAR_070,PAR_058 → PAR_109 → PAR_070 → PAR_058,2.09,0.697,3_pares
PAR_021,PAR_058,PAR_057,PAR_021 → PAR_058 → PAR_057 → PAR_021,2.09,0.697,3_pares
PAR_038,PAR_051,PAR_055,PAR_038 → PAR_051 → PAR_055 → PAR_038,2.09,0.697,3_pares
PAR_053,PAR_093,PAR_092,PAR_053 → PAR_093 → PAR_092 → PAR_053,2.09,0.697,3_pares
PAR_015,PAR_091,PAR_037,PAR_015 → PAR_091 → PAR_037 → PAR_015,2.09,0.697,3_pares
PAR_028,PAR_094,PAR_058,PAR_028 → PAR_094 → PAR_058 → PAR_028,2.089,0.696,3_pares
PAR_055,PAR_109,PAR_058,PAR_055 → PAR_109 → PAR_058 → PAR_055,2.089,0.696,3_pares
PAR_069,PAR_111,PAR_094,PAR_069 → PAR_111 → PAR_094 → PAR_069,2.089,0.696,3_pares
PAR_046,PAR_092,PAR_099,PAR_046 → PAR_092 → PAR_099 → PAR_046,2.089,0.696,3_pares
PAR_021,PAR_046,PAR_101,PAR_021 → PAR_046 → PAR_101 → PAR_021,2.089,0.696,3_pares
PAR_039,PAR_069,PAR_111,PAR_039 → PAR_069 → PAR_111 → PAR_039,2.089,0.696,3_pares
PAR_051,PAR_053,PAR_117,PAR_051 → PAR_053 → PAR_117 → PAR_051,2.089,0.696,3_pares
PAR_027,PAR_039,PAR_070,PAR_027 → PAR_039 → PAR_070 → PAR_027,2.089,0.696,3_pares
PAR_052,PAR_058,PAR_075,PAR_052 → PAR_058 → PAR_075 → PAR_052,2.089,0.696,3_pares
PAR_034,PAR_046,PAR_073,PAR_034 → PAR_046 → PAR_073 → PAR_034,2.089,0.696,3_pares
PAR_037,PAR_053,PAR_064,PAR_037 → PAR_053 → PAR_064 → PAR_037,2.089,0.696,3_pares
PAR_040,PAR_061,PAR_094,PAR_040 → PAR_061 → PAR_094 → PAR_040,2.089,0.696,3_pares
PAR_061,PAR_111,PAR_073,PAR_061 → PAR_111 → PAR_073 → PAR_061,2.089,0.696,3_pares
PAR_055,PAR_090,PAR_065,PAR_055 → PAR_090 → PAR_065 → PAR_055,2.089,0.696,3_pares
PAR_064,PAR_093,PAR_094,PAR_064 → PAR_093 → PAR_094 → PAR_064,2.089,0.696,3_pares
PAR_034,PAR_046,PAR_096,PAR_034 → PAR_046 → PAR_096 → PAR_034,2.089,0.696,3_pares
PAR_003,PAR_070,PAR_030,PAR_003 → PAR_070 → PAR_030 → PAR_003,2.089,0.696,3_pares
PAR_037,PAR_101,PAR_111,PAR_037 → PAR_101 → PAR_111 → PAR_037,2.089,0.696,3_pares
PAR_003,PAR_070,PAR_033,PAR_003 → PAR_070 → PAR_033 → PAR_003,2.089,0.696,3_pares
PAR_003,PAR_027,PAR_061,PAR_003 → PAR_027 → PAR_061 → PAR_003,2.089,0.696,3_pares
PAR_070,PAR_085,PAR_109,PAR_070 → PAR_085 → PAR_109 → PAR_070,2.088,0.696,3_pares
PAR_058,PAR_117,PAR_061,PAR_058 → PAR_117 → PAR_061 → PAR_058,2.088,0.696,3_pares
PAR_029,PAR_070,PAR_090,PAR_029 → PAR_070 → PAR_090 → PAR_029,2.088,0.696,3_pares
PAR_003,PAR_021,PAR_052,PAR_003 → PAR_021 → PAR_052 → PAR_003,2.088,0.696,3_pares
PAR_053,PAR_073,PAR_092,PAR_053 → PAR_073 → PAR_092 → PAR_053,2.088,0.696,3_pares
PAR_037,PAR_097,PAR_094,PAR_037 → PAR_097 → PAR_094 → PAR_037,2.088,0.696,3_pares
PAR_075,PAR_099,PAR_101,PAR_075 → PAR_099 → PAR_101 → PAR_075,2.088,0.696,3_pares
PAR_093,PAR_094,PAR_099,PAR_093 → PAR_094 → PAR_099 → PAR_093,2.088,0.696,3_pares
PAR_046,PAR_073,PAR_111,PAR_046 → PAR_073 → PAR_111 → PAR_046,2.088,0.696,3_pares
PAR_046,PAR_053,PAR_109,PAR_046 → PAR_053 → PAR_109 → PAR_046,2.088,0.696,3_pares
PAR_070,PAR_111,PAR_117,PAR_070 → PAR_111 → PAR_117 → PAR_070,2.088,0.696,3_pares
PAR_037,PAR_067,PAR_069,PAR_037 → PAR_067 → PAR_069 → PAR_037,2.088,0.696,3_pares
PAR_029,PAR_094,PAR_080,PAR_029 → PAR_094 → PAR_080 → PAR_029,2.088,0.696,3_pares
PAR_015,PAR_032,PAR_090,PAR_015 → PAR_032 → PAR_090 → PAR_015,2.088,0.696,3_pares
PAR_016,PAR_075,PAR_061,PAR_016 → PAR_075 → PAR_061 → PAR_016,2.088,0.696,3_pares
PAR_021,PAR_070,PAR_058,PAR_021 → PAR_070 → PAR_058 → PAR_021,2.088,0.696,3_pares
PAR_034,PAR_117,PAR_070,PAR_034 → PAR_117 → PAR_070 → PAR_034,2.088,0.696,3_pares
PAR_034,PAR_093,PAR_094,PAR_034 → PAR_093 → PAR_094 → PAR_034,2.088,0.696,3_pares
PAR_034,PAR_117,PAR_090,PAR_034 → PAR_117 → PAR_090 → PAR_034,2.088,0.696,3_pares
PAR_034,PAR_037,PAR_046,PAR_034 → PAR_037 → PAR_046 → PAR_034,2.088,0.696,3_pares
PAR_012,PAR_037,PAR_038,PAR_012 → PAR_037 → PAR_038 → PAR_012,2.088,0.696,3_pares
PAR_003,PAR_109,PAR_058,PAR_003 → PAR_109 → PAR_058 → PAR_003,2.088,0.696,3_pares
PAR_032,PAR_075,PAR_061,PAR_032 → PAR_075 → PAR_061 → PAR_032,2.088,0.696,3_pares
PAR_021,PAR_052,PAR_055,PAR_021 → PAR_052 → PAR_055 → PAR_021,2.088,0.696,3_pares
PAR_052,PAR_096,PAR_070,PAR_052 → PAR_096 → PAR_070 → PAR_052,2.087,0.696,3_pares
PAR_003,PAR_090,PAR_029,PAR_003 → PAR_090 → PAR_029 → PAR_003,2.087,0.696,3_pares
PAR_075,PAR_097,PAR_094,PAR_075 → PAR_097 → PAR_094 → PAR_075,2.087,0.696,3_pares
PAR_021,PAR_058,PAR_055,PAR_021 → PAR_058 → PAR_055 → PAR_021,2.087,0.696,3_pares
PAR_003,PAR_111,PAR_015,PAR_003 → PAR_111 → PAR_015 → PAR_003,2.087,0.696,3_pares
PAR_032,PAR_075,PAR_046,PAR_032 → PAR_075 → PAR_046 → PAR_032,2.087,0.696,3_pares
PAR_003,PAR_015,PAR_099,PAR_003 → PAR_015 → PAR_099 → PAR_003,2.087,0.696,3_pares
PAR_007,PAR_012,PAR_027,PAR_007 → PAR_012 → PAR_027 → PAR_007,2.087,0.696,3_pares
PAR_051,PAR_091,PAR_075,PAR_051 → PAR_091 → PAR_075 → PAR_051,2.087,0.696,3_pares
PAR_012,PAR_027,PAR_058,PAR_012 → PAR_027 → PAR_058 → PAR_012,2.087,0.696,3_pares
PAR_052,PAR_120,PAR_070,PAR_052 → PAR_120 → PAR_070 → PAR_052,2.087,0.696,3_pares
PAR_026,PAR_103,PAR_034,PAR_026 → PAR_103 → PAR_034 → PAR_026,2.087,0.696,3_pares
PAR_021,PAR_109,PAR_117,PAR_021 → PAR_109 → PAR_117 → PAR_021,2.087,0.696,3_pares
PAR_034,PAR_103,PAR_057,PAR_034 → PAR_103 → PAR_057 → PAR_034,2.087,0.696,3_pares
PAR_034,PAR_099,PAR_101,PAR_034 → PAR_099 → PAR_101 → PAR_034,2.087,0.696,3_pares
PAR_046,PAR_076,PAR_094,PAR_046 → PAR_076 → PAR_094 → PAR_046,2.086,0.695,3_pares
PAR_027,PAR_058,PAR_028,PAR_027 → PAR_058 → PAR_028 → PAR_027,2.086,0.695,3_pares
PAR_029,PAR_075,PAR_068,PAR_029 → PAR_075 → PAR_068 → PAR_029,2.086,0.695,3_pares
PAR_075,PAR_111,PAR_094,PAR_075 → PAR_111 → PAR_094 → PAR_075,2.086,0.695,3_pares
PAR_028,PAR_070,PAR_053,PAR_028 → PAR_070 → PAR_053 → PAR_028,2.086,0.695,3_pares
PAR_002,PAR_003,PAR_034,PAR_002 → PAR_003 → PAR_034 → PAR_002,2.086,0.695,3_pares
PAR_046,PAR_064,PAR_061,PAR_046 → PAR_064 → PAR_061 → PAR_046,2.086,0.695,3_pares
PAR_007,PAR_028,PAR_027,PAR_007 → PAR_028 → PAR_027 → PAR_007,2.086,0.695,3_pares
PAR_053,PAR_068,PAR_070,PAR_053 → PAR_068 → PAR_070 → PAR_053,2.086,0.695,3_pares
PAR_016,PAR_094,PAR_037,PAR_016 → PAR_094 → PAR_037 → PAR_016,2.086,0.695,3_pares
PAR_021,PAR_070,PAR_085,PAR_021 → PAR_070 → PAR_085 → PAR_021,2.086,0.695,3_pares
PAR_070,PAR_109,PAR_110,PAR_070 → PAR_109 → PAR_110 → PAR_070,2.086,0.695,3_pares
PAR_075,PAR_103,PAR_091,PAR_075 → PAR_103 → PAR_091 → PAR_075,2.086,0.695,3_pares
PAR_027,PAR_037,PAR_073,PAR_027 → PAR_037 → PAR_073 → PAR_027,2.086,0.695,3_pares
PAR_068,PAR_075,PAR_109,PAR_068 → PAR_075 → PAR_109 → PAR_068,2.086,0.695,3_pares
PAR_012,PAR_021,PAR_111,PAR_012 → PAR_021 → PAR_111 → PAR_012,2.086,0.695,3_pares
PAR_003,PAR_034,PAR_015,PAR_003 → PAR_034 → PAR_015 → PAR_003,2.086,0.695,3_pares
PAR_012,PAR_038,PAR_075,PAR_012 → PAR_038 → PAR_075 → PAR_012,2.086,0.695,3_pares
PAR_003,PAR_027,PAR_039,PAR_003 → PAR_027 → PAR_039 → PAR_003,2.086,0.695,3_pares
PAR_003,PAR_021,PAR_058,PAR_003 → PAR_021 → PAR_058 → PAR_003,2.086,0.695,3_pares
PAR_024,PAR_029,PAR_094,PAR_024 → PAR_029 → PAR_094 → PAR_024,2.086,0.695,3_pares
PAR_052,PAR_091,PAR_075,PAR_052 → PAR_091 → PAR_075 → PAR_052,2.086,0.695,3_pares
PAR_003,PAR_051,PAR_099,PAR_003 → PAR_051 → PAR_099 → PAR_003,2.086,0.695,3_pares
PAR_027,PAR_096,PAR_037,PAR_027 → PAR_096 → PAR_037 → PAR_027,2.085,0.695,3_pares
PAR_061,PAR_067,PAR_109,PAR_061 → PAR_067 → PAR_109 → PAR_061,2.085,0.695,3_pares
PAR_053,PAR_093,PAR_061,PAR_053 → PAR_093 → PAR_061 → PAR_053,2.085,0.695,3_pares
PAR_058,PAR_117,PAR_094,PAR_058 → PAR_117 → PAR_094 → PAR_058,2.085,0.695,3_pares
PAR_028,PAR_038,PAR_092,PAR_028 → PAR_038 → PAR_092 → PAR_028,2.085,0.695,3_pares
PAR_073,PAR_094,PAR_111,PAR_073 → PAR_094 → PAR_111 → PAR_073,2.085,0.695,3_pares
PAR_034,PAR_099,PAR_039,PAR_034 → PAR_099 → PAR_039 → PAR_034,2.085,0.695,3_pares
PAR_034,PAR_099,PAR_080,PAR_034 → PAR_099 → PAR_080 → PAR_034,2.085,0.695,3_pares
PAR_034,PAR_099,PAR_094,PAR_034 → PAR_099 → PAR_094 → PAR_034,2.085,0.695,3_pares
PAR_024,PAR_034,PAR_075,PAR_024 → PAR_034 → PAR_075 → PAR_024,2.085,0.695,3_pares
PAR_051,PAR_055,PAR_111,PAR_051 → PAR_055 → PAR_111 → PAR_051,2.085,0.695,3_pares
PAR_016,PAR_094,PAR_075,PAR_016 → PAR_094 → PAR_075 → PAR_016,2.085,0.695,3_pares
PAR_037,PAR_068,PAR_038,PAR_037 → PAR_068 → PAR_038 → PAR_037,2.085,0.695,3_pares
PAR_037,PAR_070,PAR_102,PAR_037 → PAR_070 → PAR_102 → PAR_037,2.085,0.695,3_pares
PAR_058,PAR_096,PAR_070,PAR_058 → PAR_096 → PAR_070 → PAR_058,2.085,0.695,3_pares
PAR_075,PAR_103,PAR_110,PAR_075 → PAR_103 → PAR_110 → PAR_075,2.085,0.695,3_pares
PAR_012,PAR_021,PAR_016,PAR_012 → PAR_021 → PAR_016 → PAR_012,2.085,0.695,3_pares
PAR_012,PAR_027,PAR_090,PAR_012 → PAR_027 → PAR_090 → PAR_012,2.085,0.695,3_pares
PAR_018,PAR_101,PAR_109,PAR_018 → PAR_101 → PAR_109 → PAR_018,2.084,0.695,3_pares
PAR_021,PAR_070,PAR_110,PAR_021 → PAR_070 → PAR_110 → PAR_021,2.084,0.695,3_pares
PAR_061,PAR_094,PAR_097,PAR_061 → PAR_094 → PAR_097 → PAR_061,2.084,0.695,3_pares
PAR_003,PAR_070,PAR_076,PAR_003 → PAR_070 → PAR_076 → PAR_003,2.084,0.695,3_pares
PAR_061,PAR_099,PAR_101,PAR_061 → PAR_099 → PAR_101 → PAR_061,2.084,0.695,3_pares
PAR_027,PAR_075,PAR_037,PAR_027 → PAR_075 → PAR_037 → PAR_027,2.084,0.695,3_pares
PAR_058,PAR_094,PAR_103,PAR_058 → PAR_094 → PAR_103 → PAR_058,2.084,0.695,3_pares
PAR_053,PAR_120,PAR_061,PAR_053 → PAR_120 → PAR_061 → PAR_053,2.084,0.695,3_pares
PAR_005,PAR_021,PAR_058,PAR_005 → PAR_021 → PAR_058 → PAR_005,2.084,0.695,3_pares
PAR_003,PAR_037,PAR_102,PAR_003 → PAR_037 → PAR_102 → PAR_003,2.084,0.695,3_pares
PAR_034,PAR_070,PAR_052,PAR_034 → PAR_070 → PAR_052 → PAR_034,2.084,0.695,3_pares
PAR_069,PAR_109,PAR_103,PAR_069 → PAR_109 → PAR_103 → PAR_069,2.084,0.695,3_pares
PAR_046,PAR_067,PAR_109,PAR_046 → PAR_067 → PAR_109 → PAR_046,2.084,0.695,3_pares
PAR_037,PAR_058,PAR_110,PAR_037 → PAR_058 → PAR_110 → PAR_037,2.084,0.695,3_pares
PAR_061,PAR_111,PAR_080,PAR_061 → PAR_111 → PAR_080 → PAR_061,2.083,0.694,3_pares
PAR_007,PAR_051,PAR_053,PAR_007 → PAR_051 → PAR_053 → PAR_007,2.083,0.694,3_pares
PAR_012,PAR_061,PAR_038,PAR_012 → PAR_061 → PAR_038 → PAR_012,2.083,0.694,3_pares
PAR_018,PAR_101,PAR_021,PAR_018 → PAR_101 → PAR_021 → PAR_018,2.083,0.694,3_pares
PAR_007,PAR_058,PAR_061,PAR_007 → PAR_058 → PAR_061 → PAR_007,2.083,0.694,3_pares
PAR_007,PAR_090,PAR_034,PAR_007 → PAR_090 → PAR_034 → PAR_007,2.083,0.694,3_pares
PAR_055,PAR_109,PAR_065,PAR_055 → PAR_109 → PAR_065 → PAR_055,2.083,0.694,3_pares
PAR_015,PAR_053,PAR_070,PAR_015 → PAR_053 → PAR_070 → PAR_015,2.083,0.694,3_pares
PAR_099,PAR_117,PAR_109,PAR_099 → PAR_117 → PAR_109 → PAR_099,2.083,0.694,3_pares
PAR_029,PAR_070,PAR_109,PAR_029 → PAR_070 → PAR_109 → PAR_029,2.083,0.694,3_pares
PAR_037,PAR_067,PAR_075,PAR_037 → PAR_067 → PAR_075 → PAR_037,2.083,0.694,3_pares
PAR_046,PAR_101,PAR_111,PAR_046 → PAR_101 → PAR_111 → PAR_046,2.083,0.694,3_pares
PAR_029,PAR_037,PAR_103,PAR_029 → PAR_037 → PAR_103 → PAR_029,2.083,0.694,3_pares
PAR_068,PAR_069,PAR_111,PAR_068 → PAR_069 → PAR_111 → PAR_068,2.083,0.694,3_pares
PAR_030,PAR_069,PAR_070,PAR_030 → PAR_069 → PAR_070 → PAR_030,2.083,0.694,3_pares
PAR_034,PAR_046,PAR_101,PAR_034 → PAR_046 → PAR_101 → PAR_034,2.083,0.694,3_pares
PAR_005,PAR_029,PAR_070,PAR_005 → PAR_029 → PAR_070 → PAR_005,2.083,0.694,3_pares
PAR_027,PAR_068,PAR_070,PAR_027 → PAR_068 → PAR_070 → PAR_027,2.083,0.694,3_pares
PAR_005,PAR_051,PAR_099,PAR_005 → PAR_051 → PAR_099 → PAR_005,2.083,0.694,3_pares
PAR_051,PAR_101,PAR_070,PAR_051 → PAR_101 → PAR_070 → PAR_051,2.083,0.694,3_pares
PAR_003,PAR_109,PAR_110,PAR_003 → PAR_109 → PAR_110 → PAR_003,2.083,0.694,3_pares
PAR_053,PAR_101,PAR_092,PAR_053 → PAR_101 → PAR_092 → PAR_053,2.083,0.694,3_pares
PAR_061,PAR_103,PAR_070,PAR_061 → PAR_103 → PAR_070 → PAR_061,2.083,0.694,3_pares
PAR_061,PAR_103,PAR_085,PAR_061 → PAR_103 → PAR_085 → PAR_061,2.083,0.694,3_pares
PAR_015,PAR_103,PAR_028,PAR_015 → PAR_103 → PAR_028 → PAR_015,2.083,0.694,3_pares
PAR_053,PAR_061,PAR_092,PAR_053 → PAR_061 → PAR_092 → PAR_053,2.083,0.694,3_pares
PAR_003,PAR_021,PAR_114,PAR_003 → PAR_021 → PAR_114 → PAR_003,2.083,0.694,3_pares
PAR_070,PAR_102,PAR_075,PAR_070 → PAR_102 → PAR_075 → PAR_070,2.083,0.694,3_pares
PAR_064,PAR_090,PAR_070,PAR_064 → PAR_090 → PAR_070 → PAR_064,2.082,0.694,3_pares
PAR_029,PAR_075,PAR_103,PAR_029 → PAR_075 → PAR_103 → PAR_029,2.082,0.694,3_pares
PAR_026,PAR_103,PAR_053,PAR_026 → PAR_103 → PAR_053 → PAR_026,2.082,0.694,3_pares
PAR_007,PAR_070,PAR_034,PAR_007 → PAR_070 → PAR_034 → PAR_007,2.082,0.694,3_pares
PAR_012,PAR_034,PAR_097,PAR_012 → PAR_034 → PAR_097 → PAR_012,2.082,0.694,3_pares
PAR_046,PAR_064,PAR_094,PAR_046 → PAR_064 → PAR_094 → PAR_046,2.082,0.694,3_pares
PAR_053,PAR_117,PAR_070,PAR_053 → PAR_117 → PAR_070 → PAR_053,2.082,0.694,3_pares
PAR_018,PAR_032,PAR_037,PAR_018 → PAR_032 → PAR_037 → PAR_018,2.082,0.694,3_pares
PAR_015,PAR_091,PAR_094,PAR_015 → PAR_091 → PAR_094 → PAR_015,2.082,0.694,3_pares
PAR_021,PAR_045,PAR_080,PAR_021 → PAR_045 → PAR_080 → PAR_021,2.082,0.694,3_pares
PAR_070,PAR_097,PAR_090,PAR_070 → PAR_097 → PAR_090 → PAR_070,2.082,0.694,3_pares
PAR_003,PAR_075,PAR_102,PAR_003 → PAR_075 → PAR_102 → PAR_003,2.082,0.694,3_pares
PAR_057,PAR_070,PAR_111,PAR_057 → PAR_070 → PAR_111 → PAR_057,2.082,0.694,3_pares
PAR_034,PAR_068,PAR_069,PAR_034 → PAR_068 → PAR_069 → PAR_034,2.082,0.694,3_pares
PAR_034,PAR_109,PAR_117,PAR_034 → PAR_109 → PAR_117 → PAR_034,2.082,0.694,3_pares
PAR_070,PAR_112,PAR_109,PAR_070 → PAR_112 → PAR_109 → PAR_070,2.082,0.694,3_pares
PAR_094,PAR_099,PAR_101,PAR_094 → PAR_099 → PAR_101 → PAR_094,2.081,0.694,3_pares
PAR_003,PAR_111,PAR_058,PAR_003 → PAR_111 → PAR_058 → PAR_003,2.081,0.694,3_pares
PAR_001,PAR_003,PAR_027,PAR_001 → PAR_003 → PAR_027 → PAR_001,2.081,0.694,3_pares
PAR_090,PAR_094,PAR_103,PAR_090 → PAR_094 → PAR_103 → PAR_090,2.081,0.694,3_pares
PAR_094,PAR_101,PAR_111,PAR_094 → PAR_101 → PAR_111 → PAR_094,2.081,0.694,3_pares
PAR_018,PAR_032,PAR_075,PAR_018 → PAR_032 → PAR_075 → PAR_018,2.081,0.694,3_pares
PAR_014,PAR_021,PAR_109,PAR_014 → PAR_021 → PAR_109 → PAR_014,2.081,0.694,3_pares
PAR_070,PAR_111,PAR_090,PAR_070 → PAR_111 → PAR_090 → PAR_070,2.081,0.694,3_pares
PAR_027,PAR_120,PAR_061,PAR_027 → PAR_120 → PAR_061 → PAR_027,2.081,0.694,3_pares
PAR_028,PAR_029,PAR_094,PAR_028 → PAR_029 → PAR_094 → PAR_028,2.081,0.694,3_pares
PAR_021,PAR_057,PAR_029,PAR_021 → PAR_057 → PAR_029 → PAR_021,2.081,0.694,3_pares
PAR_069,PAR_109,PAR_102,PAR_069 → PAR_109 → PAR_102 → PAR_069,2.081,0.694,3_pares
PAR_052,PAR_101,PAR_070,PAR_052 → PAR_101 → PAR_070 → PAR_052,2.081,0.694,3_pares
PAR_034,PAR_101,PAR_094,PAR_034 → PAR_101 → PAR_094 → PAR_034,2.081,0.694,3_pares
PAR_021,PAR_052,PAR_069,PAR_021 → PAR_052 → PAR_069 → PAR_021,2.081,0.694,3_pares
PAR_032,PAR_061,PAR_094,PAR_032 → PAR_061 → PAR_094 → PAR_032,2.081,0.694,3_pares
PAR_034,PAR_046,PAR_039,PAR_034 → PAR_046 → PAR_039 → PAR_034,2.081,0.694,3_pares
PAR_021,PAR_029,PAR_070,PAR_021 → PAR_029 → PAR_070 → PAR_021,2.081,0.694,3_pares
PAR_046,PAR_099,PAR_094,PAR_046 → PAR_099 → PAR_094 → PAR_046,2.081,0.694,3_pares
PAR_026,PAR_091,PAR_075,PAR_026 → PAR_091 → PAR_075 → PAR_026,2.081,0.694,3_pares
PAR_027,PAR_037,PAR_101,PAR_027 → PAR_037 → PAR_101 → PAR_027,2.08,0.693,3_pares
PAR_026,PAR_103,PAR_027,PAR_026 → PAR_103 → PAR_027 → PAR_026,2.08,0.693,3_pares
PAR_051,PAR_053,PAR_110,PAR_051 → PAR_053 → PAR_110 → PAR_051,2.08,0.693,3_pares
PAR_027,PAR_061,PAR_037,PAR_027 → PAR_061 → PAR_037 → PAR_027,2.08,0.693,3_pares
PAR_052,PAR_111,PAR_109,PAR_052 → PAR_111 → PAR_109 → PAR_052,2.08,0.693,3_pares
PAR_003,PAR_070,PAR_097,PAR_003 → PAR_070 → PAR_097 → PAR_003,2.08,0.693,3_pares
PAR_027,PAR_061,PAR_073,PAR_027 → PAR_061 → PAR_073 → PAR_027,2.08,0.693,3_pares
PAR_075,PAR_103,PAR_109,PAR_075 → PAR_103 → PAR_109 → PAR_075,2.08,0.693,3_pares
PAR_070,PAR_094,PAR_103,PAR_070 → PAR_094 → PAR_103 → PAR_070,2.08,0.693,3_pares
PAR_052,PAR_053,PAR_070,PAR_052 → PAR_053 → PAR_070 → PAR_052,2.08,0.693,3_pares
PAR_021,PAR_067,PAR_094,PAR_021 → PAR_067 → PAR_094 → PAR_021,2.08,0.693,3_pares
PAR_068,PAR_075,PAR_099,PAR_068 → PAR_075 → PAR_099 → PAR_068,2.08,0.693,3_pares
PAR_015,PAR_099,PAR_069,PAR_015 → PAR_099 → PAR_069 → PAR_015,2.08,0.693,3_pares
PAR_021,PAR_034,PAR_117,PAR_021 → PAR_034 → PAR_117 → PAR_021,2.08,0.693,3_pares
PAR_037,PAR_067,PAR_061,PAR_037 → PAR_067 → PAR_061 → PAR_037,2.08,0.693,3_pares
PAR_037,PAR_068,PAR_111,PAR_037 → PAR_068 → PAR_111 → PAR_037,2.08,0.693,3_pares
PAR_029,PAR_109,PAR_055,PAR_029 → PAR_109 → PAR_055 → PAR_029,2.08,0.693,3_pares
PAR_021,PAR_070,PAR_112,PAR_021 → PAR_070 → PAR_112 → PAR_021,2.08,0.693,3_pares
PAR_030,PAR_090,PAR_037,PAR_030 → PAR_090 → PAR_037 → PAR_030,2.08,0.693,3_pares
PAR_027,PAR_117,PAR_070,PAR_027 → PAR_117 → PAR_070 → PAR_027,2.08,0.693,3_pares
PAR_021,PAR_052,PAR_093,PAR_021 → PAR_052 → PAR_093 → PAR_021,2.08,0.693,3_pares
PAR_029,PAR_069,PAR_090,PAR_029 → PAR_069 → PAR_090 → PAR_029,2.08,0.693,3_pares
PAR_027,PAR_075,PAR_101,PAR_027 → PAR_075 → PAR_101 → PAR_027,2.079,0.693,3_pares
PAR_027,PAR_075,PAR_046,PAR_027 → PAR_075 → PAR_046 → PAR_027,2.079,0.693,3_pares
PAR_026,PAR_091,PAR_061,PAR_026 → PAR_091 → PAR_061 → PAR_026,2.079,0.693,3_pares
PAR_046,PAR_053,PAR_061,PAR_046 → PAR_053 → PAR_061 → PAR_046,2.079,0.693,3_pares
PAR_068,PAR_075,PAR_111,PAR_068 → PAR_075 → PAR_111 → PAR_068,2.079,0.693,3_pares
PAR_021,PAR_052,PAR_037,PAR_021 → PAR_052 → PAR_037 → PAR_021,2.079,0.693,3_pares
PAR_032,PAR_109,PAR_052,PAR_032 → PAR_109 → PAR_052 → PAR_032,2.079,0.693,3_pares
PAR_027,PAR_037,PAR_080,PAR_027 → PAR_037 → PAR_080 → PAR_027,2.079,0.693,3_pares
PAR_034,PAR_109,PAR_052,PAR_034 → PAR_109 → PAR_052 → PAR_034,2.079,0.693,3_pares
PAR_012,PAR_038,PAR_094,PAR_012 → PAR_038 → PAR_094 → PAR_012,2.079,0.693,3_pares
PAR_012,PAR_027,PAR_109,PAR_012 → PAR_027 → PAR_109 → PAR_012,2.079,0.693,3_pares
PAR_058,PAR_101,PAR_070,PAR_058 → PAR_101 → PAR_070 → PAR_058,2.079,0.693,3_pares
PAR_037,PAR_109,PAR_058,PAR_037 → PAR_109 → PAR_058 → PAR_037,2.079,0.693,3_pares
PAR_028,PAR_034,PAR_099,PAR_028 → PAR_034 → PAR_099 → PAR_028,2.079,0.693,3_pares
PAR_002,PAR_069,PAR_034,PAR_002 → PAR_069 → PAR_034 → PAR_002,2.079,0.693,3_pares
PAR_003,PAR_037,PAR_033,PAR_003 → PAR_037 → PAR_033 → PAR_003,2.079,0.693,3_pares
PAR_030,PAR_090,PAR_075,PAR_030 → PAR_090 → PAR_075 → PAR_030,2.079,0.693,3_pares
PAR_021,PAR_052,PAR_096,PAR_021 → PAR_052 → PAR_096 → PAR_021,2.079,0.693,3_pares
PAR_046,PAR_070,PAR_058,PAR_046 → PAR_070 → PAR_058 → PAR_046,2.079,0.693,3_pares
PAR_018,PAR_101,PAR_111,PAR_018 → PAR_101 → PAR_111 → PAR_018,2.078,0.693,3_pares
PAR_034,PAR_068,PAR_075,PAR_034 → PAR_068 → PAR_075 → PAR_034,2.078,0.693,3_pares
PAR_003,PAR_027,PAR_117,PAR_003 → PAR_027 → PAR_117 → PAR_003,2.078,0.693,3_pares
PAR_034,PAR_070,PAR_110,PAR_034 → PAR_070 → PAR_110 → PAR_034,2.078,0.693,3_pares
PAR_027,PAR_075,PAR_080,PAR_027 → PAR_075 → PAR_080 → PAR_027,2.078,0.693,3_pares
PAR_003,PAR_021,PAR_112,PAR_003 → PAR_021 → PAR_112 → PAR_003,2.078,0.693,3_pares
PAR_053,PAR_101,PAR_061,PAR_053 → PAR_101 → PAR_061 → PAR_053,2.078,0.693,3_pares
PAR_069,PAR_070,PAR_076,PAR_069 → PAR_070 → PAR_076 → PAR_069,2.078,0.693,3_pares
PAR_053,PAR_070,PAR_058,PAR_053 → PAR_070 → PAR_058 → PAR_053,2.078,0.693,3_pares
PAR_027,PAR_092,PAR_080,PAR_027 → PAR_092 → PAR_080 → PAR_027,2.078,0.693,3_pares
PAR_018,PAR_099,PAR_046,PAR_018 → PAR_099 → PAR_046 → PAR_018,2.078,0.693,3_pares
PAR_032,PAR_061,PAR_045,PAR_032 → PAR_061 → PAR_045 → PAR_032,2.078,0.693,3_pares
PAR_038,PAR_069,PAR_090,PAR_038 → PAR_069 → PAR_090 → PAR_038,2.078,0.693,3_pares
PAR_027,PAR_037,PAR_039,PAR_027 → PAR_037 → PAR_039 → PAR_027,2.078,0.693,3_pares
PAR_003,PAR_070,PAR_111,PAR_003 → PAR_070 → PAR_111 → PAR_003,2.078,0.693,3_pares
PAR_015,PAR_101,PAR_109,PAR_015 → PAR_101 → PAR_109 → PAR_015,2.078,0.693,3_pares
PAR_090,PAR_094,PAR_102,PAR_090 → PAR_094 → PAR_102 → PAR_090,2.078,0.693,3_pares
PAR_021,PAR_052,PAR_075,PAR_021 → PAR_052 → PAR_075 → PAR_021,2.077,0.692,3_pares
PAR_003,PAR_075,PAR_033,PAR_003 → PAR_075 → PAR_033 → PAR_003,2.077,0.692,3_pares
PAR_015,PAR_101,PAR_021,PAR_015 → PAR_101 → PAR_021 → PAR_015,2.077,0.692,3_pares
PAR_029,PAR_070,PAR_096,PAR_029 → PAR_070 → PAR_096 → PAR_029,2.077,0.692,3_pares
PAR_046,PAR_067,PAR_075,PAR_046 → PAR_067 → PAR_075 → PAR_046,2.077,0.692,3_pares
PAR_018,PAR_032,PAR_061,PAR_018 → PAR_032 → PAR_061 → PAR_018,2.077,0.692,3_pares
PAR_034,PAR_103,PAR_069,PAR_034 → PAR_103 → PAR_069 → PAR_034,2.077,0.692,3_pares
PAR_024,PAR_070,PAR_058,PAR_024 → PAR_070 → PAR_058 → PAR_024,2.077,0.692,3_pares
PAR_069,PAR_109,PAR_110,PAR_069 → PAR_109 → PAR_110 → PAR_069,2.077,0.692,3_pares
PAR_029,PAR_037,PAR_085,PAR_029 → PAR_037 → PAR_085 → PAR_029,2.077,0.692,3_pares
PAR_034,PAR_064,PAR_117,PAR_034 → PAR_064 → PAR_117 → PAR_034,2.077,0.692,3_pares
PAR_028,PAR_109,PAR_045,PAR_028 → PAR_109 → PAR_045 → PAR_028,2.077,0.692,3_pares
PAR_051,PAR_101,PAR_109,PAR_051 → PAR_101 → PAR_109 → PAR_051,2.077,0.692,3_pares
PAR_003,PAR_111,PAR_110,PAR_003 → PAR_111 → PAR_110 → PAR_003,2.077,0.692,3_pares
PAR_015,PAR_032,PAR_037,PAR_015 → PAR_032 → PAR_037 → PAR_015,2.077,0.692,3_pares
PAR_051,PAR_099,PAR_073,PAR_051 → PAR_099 → PAR_073 → PAR_051,2.077,0.692,3_pares
PAR_061,PAR_099,PAR_068,PAR_061 → PAR_099 → PAR_068 → PAR_061,2.076,0.692,3_pares
PAR_003,PAR_034,PAR_110,PAR_003 → PAR_034 → PAR_110 → PAR_003,2.076,0.692,3_pares
PAR_061,PAR_111,PAR_068,PAR_061 → PAR_111 → PAR_068 → PAR_061,2.076,0.692,3_pares
PAR_012,PAR_021,PAR_067,PAR_012 → PAR_021 → PAR_067 → PAR_012,2.076,0.692,3_pares
PAR_027,PAR_101,PAR_061,PAR_027 → PAR_101 → PAR_061 → PAR_027,2.076,0.692,3_pares
PAR_018,PAR_103,PAR_070,PAR_018 → PAR_103 → PAR_070 → PAR_018,2.076,0.692,3_pares
PAR_012,PAR_051,PAR_091,PAR_012 → PAR_051 → PAR_091 → PAR_012,2.076,0.692,3_pares
PAR_028,PAR_061,PAR_111,PAR_028 → PAR_061 → PAR_111 → PAR_028,2.076,0.692,3_pares
PAR_007,PAR_070,PAR_053,PAR_007 → PAR_070 → PAR_053 → PAR_007,2.076,0.692,3_pares
PAR_032,PAR_094,PAR_045,PAR_032 → PAR_094 → PAR_045 → PAR_032,2.075,0.692,3_pares
PAR_038,PAR_070,PAR_093,PAR_038 → PAR_070 → PAR_093 → PAR_038,2.075,0.692,3_pares
PAR_034,PAR_109,PAR_057,PAR_034 → PAR_109 → PAR_057 → PAR_034,2.075,0.692,3_pares
PAR_021,PAR_046,PAR_052,PAR_021 → PAR_046 → PAR_052 → PAR_021,2.075,0.692,3_pares
PAR_051,PAR_053,PAR_109,PAR_051 → PAR_053 → PAR_109 → PAR_051,2.075,0.692,3_pares
PAR_026,PAR_091,PAR_094,PAR_026 → PAR_091 → PAR_094 → PAR_026,2.075,0.692,3_pares
PAR_015,PAR_080,PAR_021,PAR_015 → PAR_080 → PAR_021 → PAR_015,2.075,0.692,3_pares
PAR_014,PAR_021,PAR_099,PAR_014 → PAR_021 → PAR_099 → PAR_014,2.075,0.692,3_pares
PAR_029,PAR_090,PAR_034,PAR_029 → PAR_090 → PAR_034 → PAR_029,2.075,0.692,3_pares
PAR_033,PAR_061,PAR_070,PAR_033 → PAR_061 → PAR_070 → PAR_033,2.075,0.692,3_pares
PAR_021,PAR_061,PAR_052,PAR_021 → PAR_061 → PAR_052 → PAR_021,2.075,0.692,3_pares
PAR_037,PAR_076,PAR_090,PAR_037 → PAR_076 → PAR_090 → PAR_037,2.075,0.692,3_pares
PAR_021,PAR_037,PAR_085,PAR_021 → PAR_037 → PAR_085 → PAR_021,2.075,0.692,3_pares
PAR_028,PAR_034,PAR_046,PAR_028 → PAR_034 → PAR_046 → PAR_028,2.075,0.692,3_pares
PAR_005,PAR_090,PAR_034,PAR_005 → PAR_090 → PAR_034 → PAR_005,2.075,0.692,3_pares
PAR_029,PAR_037,PAR_110,PAR_029 → PAR_037 → PAR_110 → PAR_029,2.075,0.692,3_pares
PAR_005,PAR_070,PAR_111,PAR_005 → PAR_070 → PAR_111 → PAR_005,2.075,0.692,3_pares
PAR_067,PAR_094,PAR_099,PAR_067 → PAR_094 → PAR_099 → PAR_067,2.075,0.692,3_pares
PAR_053,PAR_090,PAR_070,PAR_053 → PAR_090 → PAR_070 → PAR_053,2.075,0.692,3_pares
PAR_032,PAR_070,PAR_109,PAR_032 → PAR_070 → PAR_109 → PAR_032,2.074,0.691,3_pares
PAR_053,PAR_068,PAR_092,PAR_053 → PAR_068 → PAR_092 → PAR_053,2.074,0.691,3_pares
PAR_021,PAR_051,PAR_080,PAR_021 → PAR_051 → PAR_080 → PAR_021,2.074,0.691,3_pares
PAR_027,PAR_061,PAR_080,PAR_027 → PAR_061 → PAR_080 → PAR_027,2.074,0.691,3_pares
PAR_075,PAR_076,PAR_090,PAR_075 → PAR_076 → PAR_090 → PAR_075,2.074,0.691,3_pares
PAR_037,PAR_058,PAR_064,PAR_037 → PAR_058 → PAR_064 → PAR_037,2.074,0.691,3_pares
PAR_021,PAR_070,PAR_097,PAR_021 → PAR_070 → PAR_097 → PAR_021,2.074,0.691,3_pares
PAR_015,PAR_053,PAR_069,PAR_015 → PAR_053 → PAR_069 → PAR_015,2.074,0.691,3_pares
PAR_045,PAR_053,PAR_061,PAR_045 → PAR_053 → PAR_061 → PAR_045,2.074,0.691,3_pares
PAR_021,PAR_064,PAR_070,PAR_021 → PAR_064 → PAR_070 → PAR_021,2.074,0.691,3_pares
PAR_037,PAR_038,PAR_090,PAR_037 → PAR_038 → PAR_090 → PAR_037,2.074,0.691,3_pares
PAR_058,PAR_061,PAR_109,PAR_058 → PAR_061 → PAR_109 → PAR_058,2.074,0.691,3_pares
PAR_053,PAR_085,PAR_070,PAR_053 → PAR_085 → PAR_070 → PAR_053,2.074,0.691,3_pares
PAR_021,PAR_057,PAR_111,PAR_021 → PAR_057 → PAR_111 → PAR_021,2.074,0.691,3_pares
PAR_007,PAR_040,PAR_061,PAR_007 → PAR_040 → PAR_061 → PAR_007,2.074,0.691,3_pares
PAR_065,PAR_101,PAR_070,PAR_065 → PAR_101 → PAR_070 → PAR_065,2.074,0.691,3_pares
PAR_038,PAR_075,PAR_057,PAR_038 → PAR_075 → PAR_057 → PAR_038,2.074,0.691,3_pares
PAR_025,PAR_080,PAR_069,PAR_025 → PAR_080 → PAR_069 → PAR_025,2.074,0.691,3_pares
PAR_003,PAR_111,PAR_112,PAR_003 → PAR_111 → PAR_112 → PAR_003,2.074,0.691,3_pares
PAR_052,PAR_053,PAR_109,PAR_052 → PAR_053 → PAR_109 → PAR_052,2.074,0.691,3_pares
PAR_034,PAR_037,PAR_103,PAR_034 → PAR_037 → PAR_103 → PAR_034,2.074,0.691,3_pares
PAR_024,PAR_090,PAR_070,PAR_024 → PAR_090 → PAR_070 → PAR_024,2.074,0.691,3_pares
PAR_007,PAR_070,PAR_027,PAR_007 → PAR_070 → PAR_027 → PAR_007,2.074,0.691,3_pares
PAR_053,PAR_110,PAR_070,PAR_053 → PAR_110 → PAR_070 → PAR_053,2.073,0.691,3_pares
PAR_003,PAR_075,PAR_040,PAR_003 → PAR_075 → PAR_040 → PAR_003,2.073,0.691,3_pares
PAR_003,PAR_034,PAR_112,PAR_003 → PAR_034 → PAR_112 → PAR_003,2.073,0.691,3_pares
PAR_075,PAR_109,PAR_110,PAR_075 → PAR_109 → PAR_110 → PAR_075,2.073,0.691,3_pares
PAR_069,PAR_070,PAR_097,PAR_069 → PAR_070 → PAR_097 → PAR_069,2.073,0.691,3_pares
PAR_024,PAR_109,PAR_052,PAR_024 → PAR_109 → PAR_052 → PAR_024,2.073,0.691,3_pares
PAR_040,PAR_070,PAR_061,PAR_040 → PAR_070 → PAR_061 → PAR_040,2.073,0.691,3_pares
PAR_003,PAR_109,PAR_099,PAR_003 → PAR_109 → PAR_099 → PAR_003,2.073,0.691,3_pares
PAR_046,PAR_058,PAR_109,PAR_046 → PAR_058 → PAR_109 → PAR_046,2.073,0.691,3_pares
PAR_027,PAR_046,PAR_080,PAR_027 → PAR_046 → PAR_080 → PAR_027,2.073,0.691,3_pares
PAR_015,PAR_099,PAR_061,PAR_015 → PAR_099 → PAR_061 → PAR_015,2.073,0.691,3_pares
PAR_021,PAR_092,PAR_091,PAR_021 → PAR_092 → PAR_091 → PAR_021,2.073,0.691,3_pares
PAR_032,PAR_075,PAR_052,PAR_032 → PAR_075 → PAR_052 → PAR_032,2.073,0.691,3_pares
PAR_021,PAR_037,PAR_110,PAR_021 → PAR_037 → PAR_110 → PAR_021,2.073,0.691,3_pares
PAR_053,PAR_068,PAR_111,PAR_053 → PAR_068 → PAR_111 → PAR_053,2.073,0.691,3_pares
PAR_034,PAR_075,PAR_103,PAR_034 → PAR_075 → PAR_103 → PAR_034,2.073,0.691,3_pares
PAR_003,PAR_037,PAR_038,PAR_003 → PAR_037 → PAR_038 → PAR_003,2.073,0.691,3_pares
PAR_007,PAR_093,PAR_034,PAR_007 → PAR_093 → PAR_034 → PAR_007,2.072,0.691,3_pares
PAR_021,PAR_032,PAR_070,PAR_021 → PAR_032 → PAR_070 → PAR_021,2.072,0.691,3_pares
PAR_003,PAR_065,PAR_101,PAR_003 → PAR_065 → PAR_101 → PAR_003,2.072,0.691,3_pares
PAR_003,PAR_027,PAR_007,PAR_003 → PAR_027 → PAR_007 → PAR_003,2.072,0.691,3_pares
PAR_028,PAR_094,PAR_111,PAR_028 → PAR_094 → PAR_111 → PAR_028,2.072,0.691,3_pares
PAR_053,PAR_070,PAR_065,PAR_053 → PAR_070 → PAR_065 → PAR_053,2.072,0.691,3_pares
PAR_025,PAR_080,PAR_037,PAR_025 → PAR_080 → PAR_037 → PAR_025,2.072,0.691,3_pares
PAR_034,PAR_109,PAR_055,PAR_034 → PAR_109 → PAR_055 → PAR_034,2.072,0.691,3_pares
PAR_016,PAR_075,PAR_052,PAR_016 → PAR_075 → PAR_052 → PAR_016,2.072,0.691,3_pares
PAR_015,PAR_101,PAR_111,PAR_015 → PAR_101 → PAR_111 → PAR_015,2.072,0.691,3_pares
PAR_027,PAR_085,PAR_070,PAR_027 → PAR_085 → PAR_070 → PAR_027,2.072,0.691,3_pares
PAR_027,PAR_090,PAR_070,PAR_027 → PAR_090 → PAR_070 → PAR_027,2.072,0.691,3_pares
PAR_021,PAR_064,PAR_055,PAR_021 → PAR_064 → PAR_055 → PAR_021,2.072,0.691,3_pares
PAR_069,PAR_070,PAR_111,PAR_069 → PAR_070 → PAR_111 → PAR_069,2.072,0.691,3_pares
PAR_003,PAR_021,PAR_097,PAR_003 → PAR_021 → PAR_097 → PAR_003,2.072,0.691,3_pares
PAR_015,PAR_099,PAR_101,PAR_015 → PAR_099 → PAR_101 → PAR_015,2.072,0.691,3_pares
PAR_003,PAR_038,PAR_092,PAR_003 → PAR_038 → PAR_092 → PAR_003,2.072,0.691,3_pares
PAR_029,PAR_037,PAR_112,PAR_029 → PAR_037 → PAR_112 → PAR_029,2.072,0.691,3_pares
PAR_003,PAR_021,PAR_099,PAR_003 → PAR_021 → PAR_099 → PAR_003,2.071,0.69,3_pares
PAR_053,PAR_117,PAR_092,PAR_053 → PAR_117 → PAR_092 → PAR_053,2.071,0.69,3_pares
PAR_034,PAR_085,PAR_069,PAR_034 → PAR_085 → PAR_069 → PAR_034,2.071,0.69,3_pares
PAR_003,PAR_021,PAR_064,PAR_003 → PAR_021 → PAR_064 → PAR_003,2.071,0.69,3_pares
PAR_007,PAR_073,PAR_111,PAR_007 → PAR_073 → PAR_111 → PAR_007,2.071,0.69,3_pares
PAR_003,PAR_109,PAR_032,PAR_003 → PAR_109 → PAR_032 → PAR_003,2.071,0.69,3_pares
PAR_029,PAR_037,PAR_109,PAR_029 → PAR_037 → PAR_109 → PAR_029,2.071,0.69,3_pares
PAR_021,PAR_052,PAR_094,PAR_021 → PAR_052 → PAR_094 → PAR_021,2.071,0.69,3_pares
PAR_014,PAR_029,PAR_094,PAR_014 → PAR_029 → PAR_094 → PAR_014,2.071,0.69,3_pares
PAR_052,PAR_064,PAR_061,PAR_052 → PAR_064 → PAR_061 → PAR_052,2.071,0.69,3_pares
PAR_061,PAR_070,PAR_076,PAR_061 → PAR_070 → PAR_076 → PAR_061,2.071,0.69,3_pares
PAR_034,PAR_093,PAR_090,PAR_034 → PAR_093 → PAR_090 → PAR_034,2.071,0.69,3_pares
PAR_027,PAR_037,PAR_068,PAR_027 → PAR_037 → PAR_068 → PAR_027,2.071,0.69,3_pares
PAR_038,PAR_069,PAR_109,PAR_038 → PAR_069 → PAR_109 → PAR_038,2.071,0.69,3_pares
PAR_067,PAR_090,PAR_070,PAR_067 → PAR_090 → PAR_070 → PAR_067,2.071,0.69,3_pares
PAR_051,PAR_053,PAR_093,PAR_051 → PAR_053 → PAR_093 → PAR_051,2.071,0.69,3_pares
PAR_007,PAR_075,PAR_111,PAR_007 → PAR_075 → PAR_111 → PAR_007,2.07,0.69,3_pares
PAR_046,PAR_052,PAR_099,PAR_046 → PAR_052 → PAR_099 → PAR_046,2.07,0.69,3_pares
PAR_021,PAR_037,PAR_112,PAR_021 → PAR_037 → PAR_112 → PAR_021,2.07,0.69,3_pares
PAR_052,PAR_067,PAR_109,PAR_052 → PAR_067 → PAR_109 → PAR_052,2.07,0.69,3_pares
PAR_034,PAR_051,PAR_101,PAR_034 → PAR_051 → PAR_101 → PAR_034,2.07,0.69,3_pares
PAR_021,PAR_055,PAR_111,PAR_021 → PAR_055 → PAR_111 → PAR_021,2.07,0.69,3_pares
PAR_058,PAR_093,PAR_061,PAR_058 → PAR_093 → PAR_061 → PAR_058,2.07,0.69,3_pares
PAR_034,PAR_110,PAR_069,PAR_034 → PAR_110 → PAR_069 → PAR_034,2.07,0.69,3_pares
PAR_053,PAR_068,PAR_061,PAR_053 → PAR_068 → PAR_061 → PAR_053,2.07,0.69,3_pares
PAR_027,PAR_055,PAR_090,PAR_027 → PAR_055 → PAR_090 → PAR_027,2.07,0.69,3_pares
PAR_027,PAR_045,PAR_101,PAR_027 → PAR_045 → PAR_101 → PAR_027,2.07,0.69,3_pares
PAR_029,PAR_075,PAR_109,PAR_029 → PAR_075 → PAR_109 → PAR_029,2.07,0.69,3_pares
PAR_034,PAR_064,PAR_057,PAR_034 → PAR_064 → PAR_057 → PAR_034,2.07,0.69,3_pares
PAR_061,PAR_110,PAR_109,PAR_061 → PAR_110 → PAR_109 → PAR_061,2.07,0.69,3_pares
PAR_015,PAR_099,PAR_094,PAR_015 → PAR_099 → PAR_094 → PAR_015,2.07,0.69,3_pares
PAR_021,PAR_058,PAR_094,PAR_021 → PAR_058 → PAR_094 → PAR_021,2.07,0.69,3_pares
PAR_029,PAR_037,PAR_076,PAR_029 → PAR_037 → PAR_076 → PAR_029,2.07,0.69,3_pares
PAR_014,PAR_111,PAR_037,PAR_014 → PAR_111 → PAR_037 → PAR_014,2.07,0.69,3_pares
PAR_003,PAR_027,PAR_085,PAR_003 → PAR_027 → PAR_085 → PAR_003,2.07,0.69,3_pares
PAR_003,PAR_021,PAR_032,PAR_003 → PAR_021 → PAR_032 → PAR_003,2.069,0.69,3_pares
PAR_061,PAR_091,PAR_069,PAR_061 → PAR_091 → PAR_069 → PAR_061,2.069,0.69,3_pares
PAR_007,PAR_034,PAR_099,PAR_007 → PAR_034 → PAR_099 → PAR_007,2.069,0.69,3_pares
PAR_051,PAR_099,PAR_080,PAR_051 → PAR_099 → PAR_080 → PAR_051,2.069,0.69,3_pares
PAR_039,PAR_051,PAR_099,PAR_039 → PAR_051 → PAR_099 → PAR_039,2.069,0.69,3_pares
PAR_075,PAR_099,PAR_085,PAR_075 → PAR_099 → PAR_085 → PAR_075,2.069,0.69,3_pares
PAR_046,PAR_052,PAR_111,PAR_046 → PAR_052 → PAR_111 → PAR_046,2.069,0.69,3_pares
PAR_021,PAR_029,PAR_037,PAR_021 → PAR_029 → PAR_037 → PAR_021,2.069,0.69,3_pares
PAR_018,PAR_101,PAR_027,PAR_018 → PAR_101 → PAR_027 → PAR_018,2.069,0.69,3_pares
PAR_003,PAR_015,PAR_103,PAR_003 → PAR_015 → PAR_103 → PAR_003,2.069,0.69,3_pares
PAR_094,PAR_103,PAR_096,PAR_094 → PAR_103 → PAR_096 → PAR_094,2.069,0.69,3_pares
PAR_051,PAR_053,PAR_096,PAR_051 → PAR_053 → PAR_096 → PAR_051,2.069,0.69,3_pares
PAR_003,PAR_027,PAR_090,PAR_003 → PAR_027 → PAR_090 → PAR_003,2.069,0.69,3_pares
PAR_040,PAR_070,PAR_094,PAR_040 → PAR_070 → PAR_094 → PAR_040,2.069,0.69,3_pares
PAR_034,PAR_064,PAR_085,PAR_034 → PAR_064 → PAR_085 → PAR_034,2.069,0.69,3_pares
PAR_051,PAR_099,PAR_094,PAR_051 → PAR_099 → PAR_094 → PAR_051,2.069,0.69,3_pares
PAR_040,PAR_090,PAR_094,PAR_040 → PAR_090 → PAR_094 → PAR_040,2.069,0.69,3_pares
PAR_021,PAR_046,PAR_085,PAR_021 → PAR_046 → PAR_085 → PAR_021,2.069,0.69,3_pares
PAR_034,PAR_120,PAR_090,PAR_034 → PAR_120 → PAR_090 → PAR_034,2.069,0.69,3_pares
PAR_015,PAR_080,PAR_034,PAR_015 → PAR_080 → PAR_034 → PAR_015,2.069,0.69,3_pares
PAR_027,PAR_045,PAR_080,PAR_027 → PAR_045 → PAR_080 → PAR_027,2.069,0.69,3_pares
PAR_029,PAR_075,PAR_076,PAR_029 → PAR_075 → PAR_076 → PAR_029,2.069,0.69,3_pares
PAR_029,PAR_070,PAR_053,PAR_029 → PAR_070 → PAR_053 → PAR_029,2.069,0.69,3_pares
PAR_021,PAR_029,PAR_075,PAR_021 → PAR_029 → PAR_075 → PAR_021,2.068,0.689,3_pares
PAR_053,PAR_103,PAR_092,PAR_053 → PAR_103 → PAR_092 → PAR_053,2.068,0.689,3_pares
PAR_053,PAR_075,PAR_103,PAR_053 → PAR_075 → PAR_103 → PAR_053,2.068,0.689,3_pares
PAR_053,PAR_109,PAR_070,PAR_053 → PAR_109 → PAR_070 → PAR_053,2.068,0.689,3_pares
PAR_021,PAR_061,PAR_110,PAR_021 → PAR_061 → PAR_110 → PAR_021,2.068,0.689,3_pares
PAR_024,PAR_037,PAR_103,PAR_024 → PAR_037 → PAR_103 → PAR_024,2.068,0.689,3_pares
PAR_028,PAR_109,PAR_103,PAR_028 → PAR_109 → PAR_103 → PAR_028,2.068,0.689,3_pares
PAR_034,PAR_120,PAR_070,PAR_034 → PAR_120 → PAR_070 → PAR_034,2.068,0.689,3_pares
PAR_024,PAR_070,PAR_109,PAR_024 → PAR_070 → PAR_109 → PAR_024,2.068,0.689,3_pares
PAR_064,PAR_110,PAR_075,PAR_064 → PAR_110 → PAR_075 → PAR_064,2.068,0.689,3_pares
PAR_034,PAR_085,PAR_075,PAR_034 → PAR_085 → PAR_075 → PAR_034,2.068,0.689,3_pares
PAR_012,PAR_027,PAR_101,PAR_012 → PAR_027 → PAR_101 → PAR_012,2.068,0.689,3_pares
PAR_016,PAR_070,PAR_037,PAR_016 → PAR_070 → PAR_037 → PAR_016,2.068,0.689,3_pares
PAR_034,PAR_099,PAR_090,PAR_034 → PAR_099 → PAR_090 → PAR_034,2.068,0.689,3_pares
PAR_034,PAR_051,PAR_080,PAR_034 → PAR_051 → PAR_080 → PAR_034,2.068,0.689,3_pares
PAR_033,PAR_109,PAR_046,PAR_033 → PAR_109 → PAR_046 → PAR_033,2.068,0.689,3_pares
PAR_018,PAR_080,PAR_027,PAR_018 → PAR_080 → PAR_027 → PAR_018,2.068,0.689,3_pares
PAR_037,PAR_053,PAR_058,PAR_037 → PAR_053 → PAR_058 → PAR_037,2.067,0.689,3_pares
PAR_005,PAR_021,PAR_111,PAR_005 → PAR_021 → PAR_111 → PAR_005,2.067,0.689,3_pares
PAR_034,PAR_103,PAR_080,PAR_034 → PAR_103 → PAR_080 → PAR_034,2.067,0.689,3_pares
PAR_015,PAR_053,PAR_061,PAR_015 → PAR_053 → PAR_061 → PAR_015,2.067,0.689,3_pares
PAR_030,PAR_075,PAR_064,PAR_030 → PAR_075 → PAR_064 → PAR_030,2.067,0.689,3_pares
PAR_005,PAR_069,PAR_111,PAR_005 → PAR_069 → PAR_111 → PAR_005,2.067,0.689,3_pares
PAR_034,PAR_099,PAR_085,PAR_034 → PAR_099 → PAR_085 → PAR_034,2.067,0.689,3_pares
PAR_005,PAR_090,PAR_027,PAR_005 → PAR_090 → PAR_027 → PAR_005,2.067,0.689,3_pares
PAR_058,PAR_093,PAR_094,PAR_058 → PAR_093 → PAR_094 → PAR_058,2.067,0.689,3_pares
PAR_024,PAR_075,PAR_103,PAR_024 → PAR_075 → PAR_103 → PAR_024,2.067,0.689,3_pares
PAR_032,PAR_090,PAR_092,PAR_032 → PAR_090 → PAR_092 → PAR_032,2.067,0.689,3_pares
PAR_021,PAR_046,PAR_030,PAR_021 → PAR_046 → PAR_030 → PAR_021,2.067,0.689,3_pares
PAR_012,PAR_027,PAR_046,PAR_012 → PAR_027 → PAR_046 → PAR_012,2.067,0.689,3_pares
PAR_002,PAR_061,PAR_053,PAR_002 → PAR_061 → PAR_053 → PAR_002,2.067,0.689,3_pares
PAR_034,PAR_037,PAR_110,PAR_034 → PAR_037 → PAR_110 → PAR_034,2.067,0.689,3_pares
PAR_003,PAR_111,PAR_064,PAR_003 → PAR_111 → PAR_064 → PAR_003,2.067,0.689,3_pares
PAR_034,PAR_064,PAR_055,PAR_034 → PAR_064 → PAR_055 → PAR_034,2.067,0.689,3_pares
PAR_021,PAR_034,PAR_029,PAR_021 → PAR_034 → PAR_029 → PAR_021,2.067,0.689,3_pares
PAR_021,PAR_046,PAR_110,PAR_021 → PAR_046 → PAR_110 → PAR_021,2.067,0.689,3_pares
PAR_075,PAR_099,PAR_110,PAR_075 → PAR_099 → PAR_110 → PAR_075,2.067,0.689,3_pares
PAR_061,PAR_103,PAR_101,PAR_061 → PAR_103 → PAR_101 → PAR_061,2.066,0.689,3_pares
PAR_058,PAR_096,PAR_094,PAR_058 → PAR_096 → PAR_094 → PAR_058,2.066,0.689,3_pares
PAR_027,PAR_061,PAR_068,PAR_027 → PAR_061 → PAR_068 → PAR_027,2.066,0.689,3_pares
PAR_061,PAR_070,PAR_097,PAR_061 → PAR_070 → PAR_097 → PAR_061,2.066,0.689,3_pares
PAR_002,PAR_090,PAR_070,PAR_002 → PAR_090 → PAR_070 → PAR_002,2.066,0.689,3_pares
PAR_025,PAR_028,PAR_037,PAR_025 → PAR_028 → PAR_037 → PAR_025,2.066,0.689,3_pares
PAR_003,PAR_034,PAR_064,PAR_003 → PAR_034 → PAR_064 → PAR_003,2.066,0.689,3_pares
PAR_025,PAR_080,PAR_061,PAR_025 → PAR_080 → PAR_061 → PAR_025,2.066,0.689,3_pares
PAR_027,PAR_109,PAR_070,PAR_027 → PAR_109 → PAR_070 → PAR_027,2.066,0.689,3_pares
PAR_061,PAR_112,PAR_109,PAR_061 → PAR_112 → PAR_109 → PAR_061,2.066,0.689,3_pares
PAR_007,PAR_101,PAR_111,PAR_007 → PAR_101 → PAR_111 → PAR_007,2.066,0.689,3_pares
PAR_012,PAR_027,PAR_053,PAR_012 → PAR_027 → PAR_053 → PAR_012,2.066,0.689,3_pares
PAR_065,PAR_099,PAR_073,PAR_065 → PAR_099 → PAR_073 → PAR_065,2.066,0.689,3_pares
PAR_021,PAR_070,PAR_053,PAR_021 → PAR_070 → PAR_053 → PAR_021,2.066,0.689,3_pares
PAR_003,PAR_111,PAR_099,PAR_003 → PAR_111 → PAR_099 → PAR_003,2.066,0.689,3_pares
PAR_034,PAR_110,PAR_075,PAR_034 → PAR_110 → PAR_075 → PAR_034,2.066,0.689,3_pares
PAR_069,PAR_109,PAR_099,PAR_069 → PAR_109 → PAR_099 → PAR_069,2.066,0.689,3_pares
PAR_027,PAR_046,PAR_028,PAR_027 → PAR_046 → PAR_028 → PAR_027,2.066,0.689,3_pares
PAR_024,PAR_037,PAR_058,PAR_024 → PAR_037 → PAR_058 → PAR_024,2.066,0.689,3_pares
PAR_021,PAR_024,PAR_070,PAR_021 → PAR_024 → PAR_070 → PAR_021,2.066,0.689,3_pares
PAR_046,PAR_102,PAR_075,PAR_046 → PAR_102 → PAR_075 → PAR_046,2.066,0.689,3_pares
PAR_015,PAR_053,PAR_101,PAR_015 → PAR_053 → PAR_101 → PAR_015,2.066,0.689,3_pares
PAR_021,PAR_064,PAR_069,PAR_021 → PAR_064 → PAR_069 → PAR_021,2.065,0.688,3_pares
PAR_027,PAR_075,PAR_052,PAR_027 → PAR_075 → PAR_052 → PAR_027,2.065,0.688,3_pares
PAR_003,PAR_109,PAR_024,PAR_003 → PAR_109 → PAR_024 → PAR_003,2.065,0.688,3_pares
PAR_067,PAR_109,PAR_070,PAR_067 → PAR_109 → PAR_070 → PAR_067,2.065,0.688,3_pares
PAR_029,PAR_037,PAR_097,PAR_029 → PAR_037 → PAR_097 → PAR_029,2.065,0.688,3_pares
PAR_003,PAR_092,PAR_032,PAR_003 → PAR_092 → PAR_032 → PAR_003,2.065,0.688,3_pares
PAR_058,PAR_094,PAR_099,PAR_058 → PAR_094 → PAR_099 → PAR_058,2.065,0.688,3_pares
PAR_046,PAR_070,PAR_064,PAR_046 → PAR_070 → PAR_064 → PAR_046,2.065,0.688,3_pares
PAR_034,PAR_069,PAR_109,PAR_034 → PAR_069 → PAR_109 → PAR_034,2.065,0.688,3_pares
PAR_007,PAR_032,PAR_061,PAR_007 → PAR_032 → PAR_061 → PAR_007,2.065,0.688,3_pares
PAR_052,PAR_070,PAR_058,PAR_052 → PAR_070 → PAR_058 → PAR_052,2.065,0.688,3_pares
PAR_029,PAR_109,PAR_046,PAR_029 → PAR_109 → PAR_046 → PAR_029,2.065,0.688,3_pares
PAR_021,PAR_097,PAR_069,PAR_021 → PAR_097 → PAR_069 → PAR_021,2.065,0.688,3_pares
PAR_015,PAR_099,PAR_028,PAR_015 → PAR_099 → PAR_028 → PAR_015,2.064,0.688,3_pares
PAR_021,PAR_064,PAR_093,PAR_021 → PAR_064 → PAR_093 → PAR_021,2.064,0.688,3_pares
PAR_061,PAR_099,PAR_085,PAR_061 → PAR_099 → PAR_085 → PAR_061,2.064,0.688,3_pares
PAR_021,PAR_061,PAR_112,PAR_021 → PAR_061 → PAR_112 → PAR_021,2.064,0.688,3_pares
PAR_021,PAR_099,PAR_069,PAR_021 → PAR_099 → PAR_069 → PAR_021,2.064,0.688,3_pares
PAR_029,PAR_092,PAR_099,PAR_029 → PAR_092 → PAR_099 → PAR_029,2.064,0.688,3_pares
PAR_033,PAR_037,PAR_046,PAR_033 → PAR_037 → PAR_046 → PAR_033,2.064,0.688,3_pares
PAR_052,PAR_053,PAR_061,PAR_052 → PAR_053 → PAR_061 → PAR_052,2.064,0.688,3_pares
PAR_033,PAR_061,PAR_037,PAR_033 → PAR_061 → PAR_037 → PAR_033,2.064,0.688,3_pares
PAR_014,PAR_111,PAR_046,PAR_014 → PAR_111 → PAR_046 → PAR_014,2.064,0.688,3_pares
PAR_032,PAR_070,PAR_061,PAR_032 → PAR_070 → PAR_061 → PAR_032,2.064,0.688,3_pares
PAR_029,PAR_075,PAR_064,PAR_029 → PAR_075 → PAR_064 → PAR_029,2.064,0.688,3_pares
PAR_021,PAR_070,PAR_027,PAR_021 → PAR_070 → PAR_027 → PAR_021,2.064,0.688,3_pares
PAR_029,PAR_075,PAR_097,PAR_029 → PAR_075 → PAR_097 → PAR_029,2.064,0.688,3_pares
PAR_034,PAR_101,PAR_090,PAR_034 → PAR_101 → PAR_090 → PAR_034,2.064,0.688,3_pares
PAR_073,PAR_109,PAR_099,PAR_073 → PAR_109 → PAR_099 → PAR_073,2.064,0.688,3_pares
PAR_034,PAR_046,PAR_090,PAR_034 → PAR_046 → PAR_090 → PAR_034,2.064,0.688,3_pares
PAR_046,PAR_058,PAR_061,PAR_046 → PAR_058 → PAR_061 → PAR_046,2.064,0.688,3_pares
PAR_038,PAR_094,PAR_055,PAR_038 → PAR_094 → PAR_055 → PAR_038,2.064,0.688,3_pares
PAR_016,PAR_069,PAR_109,PAR_016 → PAR_069 → PAR_109 → PAR_016,2.064,0.688,3_pares
PAR_016,PAR_070,PAR_061,PAR_016 → PAR_070 → PAR_061 → PAR_016,2.064,0.688,3_pares
PAR_007,PAR_037,PAR_027,PAR_007 → PAR_037 → PAR_027 → PAR_007,2.063,0.688,3_pares
PAR_028,PAR_051,PAR_099,PAR_028 → PAR_051 → PAR_099 → PAR_028,2.063,0.688,3_pares
PAR_015,PAR_101,PAR_027,PAR_015 → PAR_101 → PAR_027 → PAR_015,2.063,0.688,3_pares
PAR_053,PAR_085,PAR_092,PAR_053 → PAR_085 → PAR_092 → PAR_053,2.063,0.688,3_pares
PAR_014,PAR_111,PAR_094,PAR_014 → PAR_111 → PAR_094 → PAR_014,2.063,0.688,3_pares
PAR_034,PAR_046,PAR_070,PAR_034 → PAR_046 → PAR_070 → PAR_034,2.063,0.688,3_pares
PAR_053,PAR_120,PAR_070,PAR_053 → PAR_120 → PAR_070 → PAR_053,2.063,0.688,3_pares
PAR_007,PAR_073,PAR_027,PAR_007 → PAR_073 → PAR_027 → PAR_007,2.063,0.688,3_pares
PAR_021,PAR_099,PAR_093,PAR_021 → PAR_099 → PAR_093 → PAR_021,2.063,0.688,3_pares
PAR_034,PAR_046,PAR_085,PAR_034 → PAR_046 → PAR_085 → PAR_034,2.063,0.688,3_pares
PAR_046,PAR_076,PAR_109,PAR_046 → PAR_076 → PAR_109 → PAR_046,2.063,0.688,3_pares
PAR_092,PAR_099,PAR_109,PAR_092 → PAR_099 → PAR_109 → PAR_092,2.063,0.688,3_pares
PAR_033,PAR_061,PAR_075,PAR_033 → PAR_061 → PAR_075 → PAR_033,2.063,0.688,3_pares
PAR_021,PAR_037,PAR_097,PAR_021 → PAR_037 → PAR_097 → PAR_021,2.063,0.688,3_pares
PAR_005,PAR_075,PAR_111,PAR_005 → PAR_075 → PAR_111 → PAR_005,2.063,0.688,3_pares
PAR_003,PAR_021,PAR_024,PAR_003 → PAR_021 → PAR_024 → PAR_003,2.063,0.688,3_pares
PAR_046,PAR_070,PAR_111,PAR_046 → PAR_070 → PAR_111 → PAR_046,2.063,0.688,3_pares
PAR_027,PAR_058,PAR_073,PAR_027 → PAR_058 → PAR_073 → PAR_027,2.063,0.688,3_pares
PAR_058,PAR_101,PAR_061,PAR_058 → PAR_101 → PAR_061 → PAR_058,2.063,0.688,3_pares
PAR_052,PAR_067,PAR_075,PAR_052 → PAR_067 → PAR_075 → PAR_052,2.063,0.688,3_pares
PAR_094,PAR_103,PAR_101,PAR_094 → PAR_103 → PAR_101 → PAR_094,2.063,0.688,3_pares
PAR_034,PAR_109,PAR_073,PAR_034 → PAR_109 → PAR_073 → PAR_034,2.063,0.688,3_pares
PAR_029,PAR_070,PAR_068,PAR_029 → PAR_070 → PAR_068 → PAR_029,2.062,0.687,3_pares
PAR_018,PAR_103,PAR_034,PAR_018 → PAR_103 → PAR_034 → PAR_018,2.062,0.687,3_pares
PAR_034,PAR_037,PAR_109,PAR_034 → PAR_037 → PAR_109 → PAR_034,2.062,0.687,3_pares
PAR_058,PAR_117,PAR_109,PAR_058 → PAR_117 → PAR_109 → PAR_058,2.062,0.687,3_pares
PAR_012,PAR_034,PAR_103,PAR_012 → PAR_034 → PAR_103 → PAR_012,2.062,0.687,3_pares
PAR_016,PAR_037,PAR_109,PAR_016 → PAR_037 → PAR_109 → PAR_016,2.062,0.687,3_pares
PAR_038,PAR_109,PAR_046,PAR_038 → PAR_109 → PAR_046 → PAR_038,2.062,0.687,3_pares
PAR_016,PAR_069,PAR_021,PAR_016 → PAR_069 → PAR_021 → PAR_016,2.062,0.687,3_pares
PAR_070,PAR_111,PAR_080,PAR_070 → PAR_111 → PAR_080 → PAR_070,2.062,0.687,3_pares
PAR_028,PAR_034,PAR_051,PAR_028 → PAR_034 → PAR_051 → PAR_028,2.062,0.687,3_pares
PAR_075,PAR_099,PAR_109,PAR_075 → PAR_099 → PAR_109 → PAR_075,2.062,0.687,3_pares
PAR_029,PAR_094,PAR_076,PAR_029 → PAR_094 → PAR_076 → PAR_029,2.062,0.687,3_pares
PAR_027,PAR_046,PAR_117,PAR_027 → PAR_046 → PAR_117 → PAR_027,2.062,0.687,3_pares
PAR_032,PAR_037,PAR_109,PAR_032 → PAR_037 → PAR_109 → PAR_032,2.062,0.687,3_pares
PAR_021,PAR_064,PAR_073,PAR_021 → PAR_064 → PAR_073 → PAR_021,2.062,0.687,3_pares
PAR_027,PAR_093,PAR_090,PAR_027 → PAR_093 → PAR_090 → PAR_027,2.062,0.687,3_pares
PAR_012,PAR_038,PAR_070,PAR_012 → PAR_038 → PAR_070 → PAR_012,2.062,0.687,3_pares
PAR_067,PAR_069,PAR_070,PAR_067 → PAR_069 → PAR_070 → PAR_067,2.062,0.687,3_pares
PAR_052,PAR_103,PAR_109,PAR_052 → PAR_103 → PAR_109 → PAR_052,2.062,0.687,3_pares
PAR_021,PAR_099,PAR_073,PAR_021 → PAR_099 → PAR_073 → PAR_021,2.062,0.687,3_pares
PAR_029,PAR_109,PAR_039,PAR_029 → PAR_109 → PAR_039 → PAR_029,2.062,0.687,3_pares
PAR_053,PAR_096,PAR_070,PAR_053 → PAR_096 → PAR_070 → PAR_053,2.062,0.687,3_pares
PAR_021,PAR_075,PAR_097,PAR_021 → PAR_075 → PAR_097 → PAR_021,2.061,0.687,3_pares
PAR_024,PAR_051,PAR_053,PAR_024 → PAR_051 → PAR_053 → PAR_024,2.061,0.687,3_pares
PAR_021,PAR_075,PAR_099,PAR_021 → PAR_075 → PAR_099 → PAR_021,2.061,0.687,3_pares
PAR_037,PAR_038,PAR_075,PAR_037 → PAR_038 → PAR_075 → PAR_037,2.061,0.687,3_pares
PAR_021,PAR_052,PAR_117,PAR_021 → PAR_052 → PAR_117 → PAR_021,2.061,0.687,3_pares
PAR_033,PAR_094,PAR_037,PAR_033 → PAR_094 → PAR_037 → PAR_033,2.061,0.687,3_pares
PAR_027,PAR_037,PAR_090,PAR_027 → PAR_037 → PAR_090 → PAR_027,2.061,0.687,3_pares
PAR_091,PAR_094,PAR_092,PAR_091 → PAR_094 → PAR_092 → PAR_091,2.061,0.687,3_pares
PAR_032,PAR_070,PAR_094,PAR_032 → PAR_070 → PAR_094 → PAR_032,2.061,0.687,3_pares
PAR_028,PAR_034,PAR_103,PAR_028 → PAR_034 → PAR_103 → PAR_028,2.061,0.687,3_pares
PAR_032,PAR_075,PAR_109,PAR_032 → PAR_075 → PAR_109 → PAR_032,2.061,0.687,3_pares
PAR_034,PAR_075,PAR_109,PAR_034 → PAR_075 → PAR_109 → PAR_034,2.061,0.687,3_pares
PAR_065,PAR_101,PAR_075,PAR_065 → PAR_101 → PAR_075 → PAR_065,2.061,0.687,3_pares
PAR_032,PAR_090,PAR_094,PAR_032 → PAR_090 → PAR_094 → PAR_032,2.061,0.687,3_pares
PAR_039,PAR_070,PAR_111,PAR_039 → PAR_070 → PAR_111 → PAR_039,2.061,0.687,3_pares
PAR_021,PAR_112,PAR_094,PAR_021 → PAR_112 → PAR_094 → PAR_021,2.061,0.687,3_pares
PAR_033,PAR_094,PAR_075,PAR_033 → PAR_094 → PAR_075 → PAR_033,2.06,0.687,3_pares
PAR_064,PAR_110,PAR_094,PAR_064 → PAR_110 → PAR_094 → PAR_064,2.06,0.687,3_pares
PAR_058,PAR_101,PAR_094,PAR_058 → PAR_101 → PAR_094 → PAR_058,2.06,0.687,3_pares
PAR_016,PAR_070,PAR_094,PAR_016 → PAR_070 → PAR_094 → PAR_016,2.06,0.687,3_pares
PAR_025,PAR_028,PAR_061,PAR_025 → PAR_028 → PAR_061 → PAR_025,2.06,0.687,3_pares
PAR_024,PAR_034,PAR_070,PAR_024 → PAR_034 → PAR_070 → PAR_024,2.06,0.687,3_pares
PAR_030,PAR_094,PAR_064,PAR_030 → PAR_094 → PAR_064 → PAR_030,2.06,0.687,3_pares
PAR_061,PAR_099,PAR_112,PAR_061 → PAR_099 → PAR_112 → PAR_061,2.06,0.687,3_pares
PAR_027,PAR_096,PAR_070,PAR_027 → PAR_096 → PAR_070 → PAR_027,2.06,0.687,3_pares
PAR_069,PAR_111,PAR_096,PAR_069 → PAR_111 → PAR_096 → PAR_069,2.06,0.687,3_pares
PAR_069,PAR_111,PAR_120,PAR_069 → PAR_111 → PAR_120 → PAR_069,2.06,0.687,3_pares
PAR_053,PAR_073,PAR_065,PAR_053 → PAR_073 → PAR_065 → PAR_053,2.06,0.687,3_pares
PAR_027,PAR_073,PAR_090,PAR_027 → PAR_073 → PAR_090 → PAR_027,2.06,0.687,3_pares
PAR_021,PAR_032,PAR_037,PAR_021 → PAR_032 → PAR_037 → PAR_021,2.06,0.687,3_pares
PAR_021,PAR_034,PAR_099,PAR_021 → PAR_034 → PAR_099 → PAR_021,2.06,0.687,3_pares
PAR_027,PAR_120,PAR_070,PAR_027 → PAR_120 → PAR_070 → PAR_027,2.06,0.687,3_pares
PAR_034,PAR_070,PAR_053,PAR_034 → PAR_070 → PAR_053 → PAR_034,2.06,0.687,3_pares
PAR_034,PAR_064,PAR_069,PAR_034 → PAR_064 → PAR_069 → PAR_034,2.06,0.687,3_pares
PAR_012,PAR_021,PAR_033,PAR_012 → PAR_021 → PAR_033 → PAR_012,2.06,0.687,3_pares
PAR_021,PAR_039,PAR_029,PAR_021 → PAR_039 → PAR_029 → PAR_021,2.06,0.687,3_pares
PAR_040,PAR_075,PAR_046,PAR_040 → PAR_075 → PAR_046 → PAR_040,2.059,0.686,3_pares
PAR_094,PAR_099,PAR_110,PAR_094 → PAR_099 → PAR_110 → PAR_094,2.059,0.686,3_pares
PAR_027,PAR_075,PAR_090,PAR_027 → PAR_075 → PAR_090 → PAR_027,2.059,0.686,3_pares
PAR_061,PAR_094,PAR_091,PAR_061 → PAR_094 → PAR_091 → PAR_061,2.059,0.686,3_pares
PAR_002,PAR_109,PAR_070,PAR_002 → PAR_109 → PAR_070 → PAR_002,2.059,0.686,3_pares
PAR_051,PAR_099,PAR_117,PAR_051 → PAR_099 → PAR_117 → PAR_051,2.059,0.686,3_pares
PAR_021,PAR_032,PAR_075,PAR_021 → PAR_032 → PAR_075 → PAR_021,2.059,0.686,3_pares
PAR_052,PAR_058,PAR_109,PAR_052 → PAR_058 → PAR_109 → PAR_052,2.059,0.686,3_pares
PAR_027,PAR_057,PAR_034,PAR_027 → PAR_057 → PAR_034 → PAR_027,2.059,0.686,3_pares
PAR_040,PAR_061,PAR_075,PAR_040 → PAR_061 → PAR_075 → PAR_040,2.059,0.686,3_pares
PAR_039,PAR_065,PAR_099,PAR_039 → PAR_065 → PAR_099 → PAR_039,2.059,0.686,3_pares
PAR_024,PAR_069,PAR_109,PAR_024 → PAR_069 → PAR_109 → PAR_024,2.059,0.686,3_pares
PAR_034,PAR_110,PAR_094,PAR_034 → PAR_110 → PAR_094 → PAR_034,2.059,0.686,3_pares
PAR_029,PAR_094,PAR_093,PAR_029 → PAR_094 → PAR_093 → PAR_029,2.059,0.686,3_pares
PAR_018,PAR_103,PAR_046,PAR_018 → PAR_103 → PAR_046 → PAR_018,2.059,0.686,3_pares
PAR_003,PAR_111,PAR_024,PAR_003 → PAR_111 → PAR_024 → PAR_003,2.059,0.686,3_pares
PAR_033,PAR_061,PAR_046,PAR_033 → PAR_061 → PAR_046 → PAR_033,2.059,0.686,3_pares
PAR_027,PAR_034,PAR_070,PAR_027 → PAR_034 → PAR_070 → PAR_027,2.058,0.686,3_pares
PAR_061,PAR_099,PAR_109,PAR_061 → PAR_099 → PAR_109 → PAR_061,2.058,0.686,3_pares
PAR_061,PAR_103,PAR_068,PAR_061 → PAR_103 → PAR_068 → PAR_061,2.058,0.686,3_pares
PAR_101,PAR_111,PAR_109,PAR_101 → PAR_111 → PAR_109 → PAR_101,2.058,0.686,3_pares
PAR_015,PAR_053,PAR_028,PAR_015 → PAR_053 → PAR_028 → PAR_015,2.058,0.686,3_pares
PAR_021,PAR_061,PAR_097,PAR_021 → PAR_061 → PAR_097 → PAR_021,2.058,0.686,3_pares
PAR_053,PAR_085,PAR_061,PAR_053 → PAR_085 → PAR_061 → PAR_053,2.058,0.686,3_pares
PAR_037,PAR_046,PAR_038,PAR_037 → PAR_046 → PAR_038 → PAR_037,2.058,0.686,3_pares
PAR_003,PAR_034,PAR_024,PAR_003 → PAR_034 → PAR_024 → PAR_003,2.058,0.686,3_pares
PAR_058,PAR_110,PAR_070,PAR_058 → PAR_110 → PAR_070 → PAR_058,2.058,0.686,3_pares
PAR_003,PAR_027,PAR_120,PAR_003 → PAR_027 → PAR_120 → PAR_003,2.058,0.686,3_pares
PAR_003,PAR_027,PAR_096,PAR_003 → PAR_027 → PAR_096 → PAR_003,2.058,0.686,3_pares
PAR_046,PAR_097,PAR_109,PAR_046 → PAR_097 → PAR_109 → PAR_046,2.058,0.686,3_pares
PAR_038,PAR_075,PAR_061,PAR_038 → PAR_075 → PAR_061 → PAR_038,2.057,0.686,3_pares
PAR_003,PAR_070,PAR_102,PAR_003 → PAR_070 → PAR_102 → PAR_003,2.057,0.686,3_pares
PAR_094,PAR_099,PAR_112,PAR_094 → PAR_099 → PAR_112 → PAR_094,2.057,0.686,3_pares
PAR_007,PAR_027,PAR_061,PAR_007 → PAR_027 → PAR_061 → PAR_007,2.057,0.686,3_pares
PAR_007,PAR_068,PAR_034,PAR_007 → PAR_068 → PAR_034 → PAR_007,2.057,0.686,3_pares
PAR_067,PAR_094,PAR_103,PAR_067 → PAR_094 → PAR_103 → PAR_067,2.057,0.686,3_pares
PAR_053,PAR_101,PAR_070,PAR_053 → PAR_101 → PAR_070 → PAR_053,2.057,0.686,3_pares
PAR_021,PAR_061,PAR_099,PAR_021 → PAR_061 → PAR_099 → PAR_021,2.057,0.686,3_pares
PAR_007,PAR_067,PAR_061,PAR_007 → PAR_067 → PAR_061 → PAR_007,2.057,0.686,3_pares
PAR_029,PAR_070,PAR_052,PAR_029 → PAR_070 → PAR_052 → PAR_029,2.057,0.686,3_pares
PAR_038,PAR_094,PAR_069,PAR_038 → PAR_094 → PAR_069 → PAR_038,2.057,0.686,3_pares
PAR_018,PAR_032,PAR_070,PAR_018 → PAR_032 → PAR_070 → PAR_018,2.057,0.686,3_pares
PAR_003,PAR_027,PAR_092,PAR_003 → PAR_027 → PAR_092 → PAR_003,2.057,0.686,3_pares
PAR_025,PAR_028,PAR_094,PAR_025 → PAR_028 → PAR_094 → PAR_025,2.057,0.686,3_pares
PAR_025,PAR_055,PAR_109,PAR_025 → PAR_055 → PAR_109 → PAR_025,2.057,0.686,3_pares
PAR_016,PAR_069,PAR_034,PAR_016 → PAR_069 → PAR_034 → PAR_016,2.057,0.686,3_pares
PAR_034,PAR_099,PAR_093,PAR_034 → PAR_099 → PAR_093 → PAR_034,2.057,0.686,3_pares
PAR_027,PAR_058,PAR_101,PAR_027 → PAR_058 → PAR_101 → PAR_027,2.057,0.686,3_pares
PAR_005,PAR_092,PAR_053,PAR_005 → PAR_092 → PAR_053 → PAR_005,2.057,0.686,3_pares
PAR_021,PAR_024,PAR_069,PAR_021 → PAR_024 → PAR_069 → PAR_021,2.057,0.686,3_pares
PAR_021,PAR_046,PAR_064,PAR_021 → PAR_046 → PAR_064 → PAR_021,2.057,0.686,3_pares
PAR_021,PAR_046,PAR_097,PAR_021 → PAR_046 → PAR_097 → PAR_021,2.057,0.686,3_pares
PAR_021,PAR_046,PAR_099,PAR_021 → PAR_046 → PAR_099 → PAR_021,2.057,0.686,3_pares
PAR_034,PAR_064,PAR_073,PAR_034 → PAR_064 → PAR_073 → PAR_034,2.057,0.686,3_pares
PAR_007,PAR_101,PAR_027,PAR_007 → PAR_101 → PAR_027 → PAR_007,2.057,0.686,3_pares
PAR_064,PAR_075,PAR_111,PAR_064 → PAR_075 → PAR_111 → PAR_064,2.057,0.686,3_pares
PAR_002,PAR_021,PAR_070,PAR_002 → PAR_021 → PAR_070 → PAR_002,2.057,0.686,3_pares
PAR_027,PAR_069,PAR_109,PAR_027 → PAR_069 → PAR_109 → PAR_027,2.056,0.685,3_pares
PAR_021,PAR_034,PAR_046,PAR_021 → PAR_034 → PAR_046 → PAR_021,2.056,0.685,3_pares
PAR_003,PAR_027,PAR_034,PAR_003 → PAR_027 → PAR_034 → PAR_003,2.056,0.685,3_pares
PAR_021,PAR_037,PAR_053,PAR_021 → PAR_037 → PAR_053 → PAR_021,2.056,0.685,3_pares
PAR_039,PAR_109,PAR_099,PAR_039 → PAR_109 → PAR_099 → PAR_039,2.056,0.685,3_pares
PAR_021,PAR_034,PAR_101,PAR_021 → PAR_034 → PAR_101 → PAR_021,2.056,0.685,3_pares
PAR_040,PAR_094,PAR_075,PAR_040 → PAR_094 → PAR_075 → PAR_040,2.056,0.685,3_pares
PAR_070,PAR_109,PAR_103,PAR_070 → PAR_109 → PAR_103 → PAR_070,2.056,0.685,3_pares
PAR_027,PAR_058,PAR_080,PAR_027 → PAR_058 → PAR_080 → PAR_027,2.056,0.685,3_pares
PAR_007,PAR_080,PAR_027,PAR_007 → PAR_080 → PAR_027 → PAR_007,2.056,0.685,3_pares
PAR_034,PAR_112,PAR_094,PAR_034 → PAR_112 → PAR_094 → PAR_034,2.056,0.685,3_pares
PAR_012,PAR_034,PAR_091,PAR_012 → PAR_034 → PAR_091 → PAR_012,2.056,0.685,3_pares
PAR_029,PAR_094,PAR_099,PAR_029 → PAR_094 → PAR_099 → PAR_029,2.056,0.685,3_pares
PAR_027,PAR_085,PAR_061,PAR_027 → PAR_085 → PAR_061 → PAR_027,2.056,0.685,3_pares
PAR_075,PAR_111,PAR_120,PAR_075 → PAR_111 → PAR_120 → PAR_075,2.056,0.685,3_pares
PAR_075,PAR_111,PAR_096,PAR_075 → PAR_111 → PAR_096 → PAR_075,2.056,0.685,3_pares
PAR_051,PAR_053,PAR_068,PAR_051 → PAR_053 → PAR_068 → PAR_051,2.056,0.685,3_pares
PAR_012,PAR_038,PAR_109,PAR_012 → PAR_038 → PAR_109 → PAR_012,2.056,0.685,3_pares
PAR_015,PAR_091,PAR_069,PAR_015 → PAR_091 → PAR_069 → PAR_015,2.056,0.685,3_pares
PAR_003,PAR_109,PAR_025,PAR_003 → PAR_109 → PAR_025 → PAR_003,2.056,0.685,3_pares
PAR_024,PAR_037,PAR_109,PAR_024 → PAR_037 → PAR_109 → PAR_024,2.056,0.685,3_pares
PAR_021,PAR_064,PAR_080,PAR_021 → PAR_064 → PAR_080 → PAR_021,2.056,0.685,3_pares
PAR_007,PAR_039,PAR_027,PAR_007 → PAR_039 → PAR_027 → PAR_007,2.055,0.685,3_pares
PAR_027,PAR_101,PAR_070,PAR_027 → PAR_101 → PAR_070 → PAR_027,2.055,0.685,3_pares
PAR_015,PAR_103,PAR_061,PAR_015 → PAR_103 → PAR_061 → PAR_015,2.055,0.685,3_pares
PAR_069,PAR_111,PAR_101,PAR_069 → PAR_111 → PAR_101 → PAR_069,2.055,0.685,3_pares
PAR_021,PAR_064,PAR_094,PAR_021 → PAR_064 → PAR_094 → PAR_021,2.055,0.685,3_pares
PAR_024,PAR_075,PAR_109,PAR_024 → PAR_075 → PAR_109 → PAR_024,2.055,0.685,3_pares
PAR_033,PAR_094,PAR_046,PAR_033 → PAR_094 → PAR_046 → PAR_033,2.055,0.685,3_pares
PAR_033,PAR_090,PAR_070,PAR_033 → PAR_090 → PAR_070 → PAR_033,2.055,0.685,3_pares
PAR_027,PAR_061,PAR_090,PAR_027 → PAR_061 → PAR_090 → PAR_027,2.055,0.685,3_pares
PAR_021,PAR_025,PAR_055,PAR_021 → PAR_025 → PAR_055 → PAR_021,2.055,0.685,3_pares
PAR_003,PAR_038,PAR_015,PAR_003 → PAR_038 → PAR_015 → PAR_003,2.055,0.685,3_pares
PAR_037,PAR_038,PAR_094,PAR_037 → PAR_038 → PAR_094 → PAR_037,2.055,0.685,3_pares
PAR_030,PAR_090,PAR_070,PAR_030 → PAR_090 → PAR_070 → PAR_030,2.055,0.685,3_pares
PAR_034,PAR_109,PAR_080,PAR_034 → PAR_109 → PAR_080 → PAR_034,2.055,0.685,3_pares
PAR_061,PAR_070,PAR_067,PAR_061 → PAR_070 → PAR_067 → PAR_061,2.055,0.685,3_pares
PAR_021,PAR_099,PAR_080,PAR_021 → PAR_099 → PAR_080 → PAR_021,2.055,0.685,3_pares
PAR_037,PAR_058,PAR_052,PAR_037 → PAR_058 → PAR_052 → PAR_037,2.055,0.685,3_pares
PAR_021,PAR_097,PAR_094,PAR_021 → PAR_097 → PAR_094 → PAR_021,2.055,0.685,3_pares
PAR_028,PAR_070,PAR_111,PAR_028 → PAR_070 → PAR_111 → PAR_028,2.055,0.685,3_pares
PAR_005,PAR_027,PAR_075,PAR_005 → PAR_027 → PAR_075 → PAR_005,2.054,0.685,3_pares
PAR_003,PAR_109,PAR_103,PAR_003 → PAR_109 → PAR_103 → PAR_003,2.054,0.685,3_pares
PAR_021,PAR_027,PAR_069,PAR_021 → PAR_027 → PAR_069 → PAR_021,2.054,0.685,3_pares
PAR_034,PAR_068,PAR_090,PAR_034 → PAR_068 → PAR_090 → PAR_034,2.054,0.685,3_pares
PAR_027,PAR_046,PAR_070,PAR_027 → PAR_046 → PAR_070 → PAR_027,2.054,0.685,3_pares
PAR_021,PAR_052,PAR_085,PAR_021 → PAR_052 → PAR_085 → PAR_021,2.054,0.685,3_pares
PAR_027,PAR_051,PAR_028,PAR_027 → PAR_051 → PAR_028 → PAR_027,2.054,0.685,3_pares
PAR_003,PAR_021,PAR_025,PAR_003 → PAR_021 → PAR_025 → PAR_003,2.054,0.685,3_pares
PAR_070,PAR_109,PAR_102,PAR_070 → PAR_109 → PAR_102 → PAR_070,2.054,0.685,3_pares
PAR_007,PAR_117,PAR_111,PAR_007 → PAR_117 → PAR_111 → PAR_007,2.054,0.685,3_pares
PAR_021,PAR_024,PAR_037,PAR_021 → PAR_024 → PAR_037 → PAR_021,2.054,0.685,3_pares
PAR_021,PAR_099,PAR_094,PAR_021 → PAR_099 → PAR_094 → PAR_021,2.054,0.685,3_pares
PAR_037,PAR_046,PAR_097,PAR_037 → PAR_046 → PAR_097 → PAR_037,2.054,0.685,3_pares
PAR_027,PAR_080,PAR_090,PAR_027 → PAR_080 → PAR_090 → PAR_027,2.054,0.685,3_pares
PAR_012,PAR_034,PAR_030,PAR_012 → PAR_034 → PAR_030 → PAR_012,2.054,0.685,3_pares
PAR_034,PAR_039,PAR_109,PAR_034 → PAR_039 → PAR_109 → PAR_034,2.054,0.685,3_pares
PAR_002,PAR_034,PAR_007,PAR_002 → PAR_034 → PAR_007 → PAR_002,2.054,0.685,3_pares
PAR_046,PAR_076,PAR_061,PAR_046 → PAR_076 → PAR_061 → PAR_046,2.054,0.685,3_pares
PAR_015,PAR_103,PAR_101,PAR_015 → PAR_103 → PAR_101 → PAR_015,2.054,0.685,3_pares
PAR_076,PAR_094,PAR_099,PAR_076 → PAR_094 → PAR_099 → PAR_076,2.054,0.685,3_pares
PAR_061,PAR_111,PAR_120,PAR_061 → PAR_111 → PAR_120 → PAR_061,2.053,0.684,3_pares
PAR_003,PAR_027,PAR_101,PAR_003 → PAR_027 → PAR_101 → PAR_003,2.053,0.684,3_pares
PAR_061,PAR_099,PAR_064,PAR_061 → PAR_099 → PAR_064 → PAR_061,2.053,0.684,3_pares
PAR_021,PAR_111,PAR_053,PAR_021 → PAR_111 → PAR_053 → PAR_021,2.053,0.684,3_pares
PAR_021,PAR_027,PAR_093,PAR_021 → PAR_027 → PAR_093 → PAR_021,2.053,0.684,3_pares
PAR_021,PAR_024,PAR_075,PAR_021 → PAR_024 → PAR_075 → PAR_021,2.053,0.684,3_pares
PAR_034,PAR_046,PAR_093,PAR_034 → PAR_046 → PAR_093 → PAR_034,2.053,0.684,3_pares
PAR_007,PAR_051,PAR_099,PAR_007 → PAR_051 → PAR_099 → PAR_007,2.053,0.684,3_pares
PAR_027,PAR_103,PAR_028,PAR_027 → PAR_103 → PAR_028 → PAR_027,2.053,0.684,3_pares
PAR_034,PAR_076,PAR_094,PAR_034 → PAR_076 → PAR_094 → PAR_034,2.053,0.684,3_pares
PAR_027,PAR_053,PAR_070,PAR_027 → PAR_053 → PAR_070 → PAR_027,2.053,0.684,3_pares
PAR_032,PAR_037,PAR_046,PAR_032 → PAR_037 → PAR_046 → PAR_032,2.052,0.684,3_pares
PAR_027,PAR_039,PAR_090,PAR_027 → PAR_039 → PAR_090 → PAR_027,2.052,0.684,3_pares
PAR_024,PAR_070,PAR_027,PAR_024 → PAR_070 → PAR_027 → PAR_024,2.052,0.684,3_pares
PAR_018,PAR_099,PAR_109,PAR_018 → PAR_099 → PAR_109 → PAR_018,2.052,0.684,3_pares
PAR_024,PAR_069,PAR_034,PAR_024 → PAR_069 → PAR_034 → PAR_024,2.052,0.684,3_pares
PAR_029,PAR_070,PAR_085,PAR_029 → PAR_070 → PAR_085 → PAR_029,2.052,0.684,3_pares
PAR_015,PAR_103,PAR_094,PAR_015 → PAR_103 → PAR_094 → PAR_015,2.052,0.684,3_pares
PAR_052,PAR_102,PAR_075,PAR_052 → PAR_102 → PAR_075 → PAR_052,2.052,0.684,3_pares
PAR_021,PAR_032,PAR_094,PAR_021 → PAR_032 → PAR_094 → PAR_021,2.052,0.684,3_pares
PAR_002,PAR_061,PAR_058,PAR_002 → PAR_061 → PAR_058 → PAR_002,2.052,0.684,3_pares
PAR_002,PAR_090,PAR_034,PAR_002 → PAR_090 → PAR_034 → PAR_002,2.052,0.684,3_pares
PAR_052,PAR_103,PAR_061,PAR_052 → PAR_103 → PAR_061 → PAR_052,2.052,0.684,3_pares
PAR_003,PAR_027,PAR_046,PAR_003 → PAR_027 → PAR_046 → PAR_003,2.052,0.684,3_pares
PAR_021,PAR_052,PAR_110,PAR_021 → PAR_052 → PAR_110 → PAR_021,2.052,0.684,3_pares
PAR_029,PAR_094,PAR_046,PAR_029 → PAR_094 → PAR_046 → PAR_029,2.052,0.684,3_pares
PAR_024,PAR_109,PAR_061,PAR_024 → PAR_109 → PAR_061 → PAR_024,2.052,0.684,3_pares
PAR_053,PAR_109,PAR_061,PAR_053 → PAR_109 → PAR_061 → PAR_053,2.052,0.684,3_pares
PAR_053,PAR_120,PAR_092,PAR_053 → PAR_120 → PAR_092 → PAR_053,2.052,0.684,3_pares
PAR_018,PAR_099,PAR_021,PAR_018 → PAR_099 → PAR_021 → PAR_018,2.051,0.684,3_pares
PAR_034,PAR_046,PAR_099,PAR_034 → PAR_046 → PAR_099 → PAR_034,2.051,0.684,3_pares
PAR_027,PAR_037,PAR_093,PAR_027 → PAR_037 → PAR_093 → PAR_027,2.051,0.684,3_pares
PAR_012,PAR_034,PAR_040,PAR_012 → PAR_034 → PAR_040 → PAR_012,2.051,0.684,3_pares
PAR_032,PAR_109,PAR_045,PAR_032 → PAR_109 → PAR_045 → PAR_032,2.051,0.684,3_pares
PAR_053,PAR_096,PAR_092,PAR_053 → PAR_096 → PAR_092 → PAR_053,2.051,0.684,3_pares
PAR_037,PAR_103,PAR_091,PAR_037 → PAR_103 → PAR_091 → PAR_037,2.051,0.684,3_pares
PAR_075,PAR_111,PAR_101,PAR_075 → PAR_111 → PAR_101 → PAR_075,2.051,0.684,3_pares
PAR_029,PAR_109,PAR_052,PAR_029 → PAR_109 → PAR_052 → PAR_029,2.051,0.684,3_pares
PAR_057,PAR_111,PAR_103,PAR_057 → PAR_111 → PAR_103 → PAR_057,2.051,0.684,3_pares
PAR_002,PAR_003,PAR_111,PAR_002 → PAR_003 → PAR_111 → PAR_002,2.051,0.684,3_pares
PAR_002,PAR_034,PAR_070,PAR_002 → PAR_034 → PAR_070 → PAR_002,2.051,0.684,3_pares
PAR_052,PAR_064,PAR_070,PAR_052 → PAR_064 → PAR_070 → PAR_052,2.05,0.683,3_pares
PAR_033,PAR_037,PAR_103,PAR_033 → PAR_037 → PAR_103 → PAR_033,2.05,0.683,3_pares
PAR_034,PAR_064,PAR_080,PAR_034 → PAR_064 → PAR_080 → PAR_034,2.05,0.683,3_pares
PAR_028,PAR_109,PAR_099,PAR_028 → PAR_109 → PAR_099 → PAR_028,2.05,0.683,3_pares
PAR_070,PAR_076,PAR_090,PAR_070 → PAR_076 → PAR_090 → PAR_070,2.05,0.683,3_pares
PAR_034,PAR_064,PAR_094,PAR_034 → PAR_064 → PAR_094 → PAR_034,2.05,0.683,3_pares
PAR_021,PAR_061,PAR_053,PAR_021 → PAR_061 → PAR_053 → PAR_021,2.05,0.683,3_pares
PAR_032,PAR_037,PAR_053,PAR_032 → PAR_037 → PAR_053 → PAR_032,2.05,0.683,3_pares
PAR_032,PAR_061,PAR_092,PAR_032 → PAR_061 → PAR_092 → PAR_032,2.05,0.683,3_pares
PAR_027,PAR_075,PAR_093,PAR_027 → PAR_075 → PAR_093 → PAR_027,2.05,0.683,3_pares
PAR_058,PAR_061,PAR_103,PAR_058 → PAR_061 → PAR_103 → PAR_058,2.05,0.683,3_pares
PAR_024,PAR_075,PAR_064,PAR_024 → PAR_075 → PAR_064 → PAR_024,2.05,0.683,3_pares
PAR_021,PAR_061,PAR_024,PAR_021 → PAR_061 → PAR_024 → PAR_021,2.05,0.683,3_pares
PAR_005,PAR_027,PAR_061,PAR_005 → PAR_027 → PAR_061 → PAR_005,2.05,0.683,3_pares
PAR_034,PAR_037,PAR_053,PAR_034 → PAR_037 → PAR_053 → PAR_034,2.05,0.683,3_pares
PAR_021,PAR_046,PAR_053,PAR_021 → PAR_046 → PAR_053 → PAR_021,2.05,0.683,3_pares
PAR_064,PAR_094,PAR_099,PAR_064 → PAR_094 → PAR_099 → PAR_064,2.05,0.683,3_pares
PAR_029,PAR_070,PAR_110,PAR_029 → PAR_070 → PAR_110 → PAR_029,2.05,0.683,3_pares
PAR_018,PAR_032,PAR_109,PAR_018 → PAR_032 → PAR_109 → PAR_018,2.05,0.683,3_pares
PAR_015,PAR_091,PAR_061,PAR_015 → PAR_091 → PAR_061 → PAR_015,2.049,0.683,3_pares
PAR_003,PAR_109,PAR_114,PAR_003 → PAR_109 → PAR_114 → PAR_003,2.049,0.683,3_pares
PAR_034,PAR_064,PAR_039,PAR_034 → PAR_064 → PAR_039 → PAR_034,2.049,0.683,3_pares
PAR_027,PAR_120,PAR_037,PAR_027 → PAR_120 → PAR_037 → PAR_027,2.049,0.683,3_pares
PAR_002,PAR_029,PAR_037,PAR_002 → PAR_029 → PAR_037 → PAR_002,2.049,0.683,3_pares
PAR_003,PAR_027,PAR_024,PAR_003 → PAR_027 → PAR_024 → PAR_003,2.049,0.683,3_pares
PAR_046,PAR_097,PAR_061,PAR_046 → PAR_097 → PAR_061 → PAR_046,2.049,0.683,3_pares
PAR_052,PAR_076,PAR_109,PAR_052 → PAR_076 → PAR_109 → PAR_052,2.049,0.683,3_pares
PAR_038,PAR_094,PAR_046,PAR_038 → PAR_094 → PAR_046 → PAR_038,2.049,0.683,3_pares
PAR_052,PAR_058,PAR_061,PAR_052 → PAR_058 → PAR_061 → PAR_052,2.049,0.683,3_pares
PAR_028,PAR_034,PAR_109,PAR_028 → PAR_034 → PAR_109 → PAR_028,2.049,0.683,3_pares
PAR_003,PAR_015,PAR_032,PAR_003 → PAR_015 → PAR_032 → PAR_003,2.049,0.683,3_pares
PAR_034,PAR_103,PAR_085,PAR_034 → PAR_103 → PAR_085 → PAR_034,2.049,0.683,3_pares
PAR_024,PAR_075,PAR_099,PAR_024 → PAR_075 → PAR_099 → PAR_024,2.049,0.683,3_pares
PAR_034,PAR_092,PAR_053,PAR_034 → PAR_092 → PAR_053 → PAR_034,2.049,0.683,3_pares
PAR_094,PAR_111,PAR_096,PAR_094 → PAR_111 → PAR_096 → PAR_094,2.049,0.683,3_pares
PAR_046,PAR_103,PAR_058,PAR_046 → PAR_103 → PAR_058 → PAR_046,2.049,0.683,3_pares
PAR_025,PAR_055,PAR_034,PAR_025 → PAR_055 → PAR_034 → PAR_025,2.049,0.683,3_pares
PAR_029,PAR_070,PAR_033,PAR_029 → PAR_070 → PAR_033 → PAR_029,2.049,0.683,3_pares
PAR_030,PAR_109,PAR_070,PAR_030 → PAR_109 → PAR_070 → PAR_030,2.049,0.683,3_pares
PAR_037,PAR_102,PAR_090,PAR_037 → PAR_102 → PAR_090 → PAR_037,2.049,0.683,3_pares
PAR_027,PAR_069,PAR_034,PAR_027 → PAR_069 → PAR_034 → PAR_027,2.049,0.683,3_pares
PAR_002,PAR_029,PAR_075,PAR_002 → PAR_029 → PAR_075 → PAR_002,2.048,0.683,3_pares
PAR_045,PAR_101,PAR_109,PAR_045 → PAR_101 → PAR_109 → PAR_045,2.048,0.683,3_pares
PAR_027,PAR_099,PAR_037,PAR_027 → PAR_099 → PAR_037 → PAR_027,2.048,0.683,3_pares
PAR_012,PAR_027,PAR_091,PAR_012 → PAR_027 → PAR_091 → PAR_012,2.048,0.683,3_pares
PAR_033,PAR_109,PAR_070,PAR_033 → PAR_109 → PAR_070 → PAR_033,2.048,0.683,3_pares
PAR_027,PAR_061,PAR_109,PAR_027 → PAR_061 → PAR_109 → PAR_027,2.048,0.683,3_pares
PAR_003,PAR_034,PAR_025,PAR_003 → PAR_034 → PAR_025 → PAR_003,2.048,0.683,3_pares
PAR_061,PAR_111,PAR_101,PAR_061 → PAR_111 → PAR_101 → PAR_061,2.048,0.683,3_pares
PAR_027,PAR_058,PAR_068,PAR_027 → PAR_058 → PAR_068 → PAR_027,2.048,0.683,3_pares
PAR_028,PAR_038,PAR_075,PAR_028 → PAR_038 → PAR_075 → PAR_028,2.048,0.683,3_pares
PAR_012,PAR_027,PAR_085,PAR_012 → PAR_027 → PAR_085 → PAR_012,2.048,0.683,3_pares
PAR_075,PAR_102,PAR_090,PAR_075 → PAR_102 → PAR_090 → PAR_075,2.048,0.683,3_pares
PAR_005,PAR_015,PAR_099,PAR_005 → PAR_015 → PAR_099 → PAR_005,2.048,0.683,3_pares
PAR_021,PAR_052,PAR_112,PAR_021 → PAR_052 → PAR_112 → PAR_021,2.048,0.683,3_pares
PAR_003,PAR_111,PAR_103,PAR_003 → PAR_111 → PAR_103 → PAR_003,2.048,0.683,3_pares
PAR_058,PAR_064,PAR_070,PAR_058 → PAR_064 → PAR_070 → PAR_058,2.048,0.683,3_pares
PAR_021,PAR_061,PAR_027,PAR_021 → PAR_061 → PAR_027 → PAR_021,2.048,0.683,3_pares
PAR_029,PAR_065,PAR_055,PAR_029 → PAR_065 → PAR_055 → PAR_029,2.047,0.682,3_pares
PAR_025,PAR_080,PAR_090,PAR_025 → PAR_080 → PAR_090 → PAR_025,2.047,0.682,3_pares
PAR_053,PAR_064,PAR_061,PAR_053 → PAR_064 → PAR_061 → PAR_053,2.047,0.682,3_pares
PAR_032,PAR_061,PAR_046,PAR_032 → PAR_061 → PAR_046 → PAR_032,2.047,0.682,3_pares
PAR_021,PAR_070,PAR_030,PAR_021 → PAR_070 → PAR_030 → PAR_021,2.047,0.682,3_pares
PAR_032,PAR_094,PAR_092,PAR_032 → PAR_094 → PAR_092 → PAR_032,2.047,0.682,3_pares
PAR_003,PAR_034,PAR_103,PAR_003 → PAR_034 → PAR_103 → PAR_003,2.047,0.682,3_pares
PAR_021,PAR_033,PAR_070,PAR_021 → PAR_033 → PAR_070 → PAR_021,2.047,0.682,3_pares
PAR_026,PAR_091,PAR_037,PAR_026 → PAR_091 → PAR_037 → PAR_026,2.047,0.682,3_pares
PAR_021,PAR_045,PAR_101,PAR_021 → PAR_045 → PAR_101 → PAR_021,2.047,0.682,3_pares
PAR_027,PAR_061,PAR_093,PAR_027 → PAR_061 → PAR_093 → PAR_027,2.046,0.682,3_pares
PAR_052,PAR_094,PAR_058,PAR_052 → PAR_094 → PAR_058 → PAR_052,2.046,0.682,3_pares
PAR_007,PAR_070,PAR_111,PAR_007 → PAR_070 → PAR_111 → PAR_007,2.046,0.682,3_pares
PAR_038,PAR_075,PAR_068,PAR_038 → PAR_075 → PAR_068 → PAR_038,2.046,0.682,3_pares
PAR_029,PAR_109,PAR_057,PAR_029 → PAR_109 → PAR_057 → PAR_029,2.046,0.682,3_pares
PAR_024,PAR_038,PAR_094,PAR_024 → PAR_038 → PAR_094 → PAR_024,2.046,0.682,3_pares
PAR_002,PAR_109,PAR_075,PAR_002 → PAR_109 → PAR_075 → PAR_002,2.046,0.682,3_pares
PAR_093,PAR_109,PAR_103,PAR_093 → PAR_109 → PAR_103 → PAR_093,2.046,0.682,3_pares
PAR_002,PAR_021,PAR_037,PAR_002 → PAR_021 → PAR_037 → PAR_002,2.046,0.682,3_pares
PAR_003,PAR_109,PAR_030,PAR_003 → PAR_109 → PAR_030 → PAR_003,2.046,0.682,3_pares
PAR_029,PAR_070,PAR_112,PAR_029 → PAR_070 → PAR_112 → PAR_029,2.046,0.682,3_pares
PAR_012,PAR_027,PAR_030,PAR_012 → PAR_027 → PAR_030 → PAR_012,2.046,0.682,3_pares
PAR_038,PAR_070,PAR_055,PAR_038 → PAR_070 → PAR_055 → PAR_038,2.046,0.682,3_pares
PAR_064,PAR_067,PAR_075,PAR_064 → PAR_067 → PAR_075 → PAR_064,2.046,0.682,3_pares
PAR_067,PAR_092,PAR_099,PAR_067 → PAR_092 → PAR_099 → PAR_067,2.046,0.682,3_pares
PAR_037,PAR_109,PAR_103,PAR_037 → PAR_109 → PAR_103 → PAR_037,2.045,0.682,3_pares
PAR_027,PAR_058,PAR_117,PAR_027 → PAR_058 → PAR_117 → PAR_027,2.045,0.682,3_pares
PAR_015,PAR_053,PAR_110,PAR_015 → PAR_053 → PAR_110 → PAR_015,2.045,0.682,3_pares
PAR_051,PAR_053,PAR_085,PAR_051 → PAR_053 → PAR_085 → PAR_051,2.045,0.682,3_pares
PAR_029,PAR_070,PAR_076,PAR_029 → PAR_070 → PAR_076 → PAR_029,2.045,0.682,3_pares
PAR_058,PAR_069,PAR_109,PAR_058 → PAR_069 → PAR_109 → PAR_058,2.045,0.682,3_pares
PAR_021,PAR_064,PAR_117,PAR_021 → PAR_064 → PAR_117 → PAR_021,2.045,0.682,3_pares
PAR_007,PAR_117,PAR_027,PAR_007 → PAR_117 → PAR_027 → PAR_007,2.045,0.682,3_pares
PAR_046,PAR_097,PAR_094,PAR_046 → PAR_097 → PAR_094 → PAR_046,2.045,0.682,3_pares
PAR_051,PAR_099,PAR_109,PAR_051 → PAR_099 → PAR_109 → PAR_051,2.045,0.682,3_pares
PAR_073,PAR_109,PAR_103,PAR_073 → PAR_109 → PAR_103 → PAR_073,2.045,0.682,3_pares
PAR_002,PAR_021,PAR_075,PAR_002 → PAR_021 → PAR_075 → PAR_002,2.044,0.681,3_pares
PAR_090,PAR_092,PAR_091,PAR_090 → PAR_092 → PAR_091 → PAR_090,2.044,0.681,3_pares
PAR_070,PAR_111,PAR_085,PAR_070 → PAR_111 → PAR_085 → PAR_070,2.044,0.681,3_pares
PAR_007,PAR_110,PAR_034,PAR_007 → PAR_110 → PAR_034 → PAR_007,2.044,0.681,3_pares
PAR_027,PAR_037,PAR_046,PAR_027 → PAR_037 → PAR_046 → PAR_027,2.044,0.681,3_pares
PAR_052,PAR_097,PAR_109,PAR_052 → PAR_097 → PAR_109 → PAR_052,2.044,0.681,3_pares
PAR_033,PAR_090,PAR_037,PAR_033 → PAR_090 → PAR_037 → PAR_033,2.044,0.681,3_pares
PAR_028,PAR_034,PAR_064,PAR_028 → PAR_034 → PAR_064 → PAR_028,2.044,0.681,3_pares
PAR_003,PAR_021,PAR_030,PAR_003 → PAR_021 → PAR_030 → PAR_003,2.044,0.681,3_pares
PAR_051,PAR_091,PAR_094,PAR_051 → PAR_091 → PAR_094 → PAR_051,2.044,0.681,3_pares
PAR_070,PAR_076,PAR_109,PAR_070 → PAR_076 → PAR_109 → PAR_070,2.044,0.681,3_pares
PAR_003,PAR_109,PAR_029,PAR_003 → PAR_109 → PAR_029 → PAR_003,2.044,0.681,3_pares
PAR_034,PAR_085,PAR_090,PAR_034 → PAR_085 → PAR_090 → PAR_034,2.044,0.681,3_pares
PAR_064,PAR_110,PAR_070,PAR_064 → PAR_110 → PAR_070 → PAR_064,2.044,0.681,3_pares
PAR_029,PAR_070,PAR_038,PAR_029 → PAR_070 → PAR_038 → PAR_029,2.044,0.681,3_pares
PAR_021,PAR_065,PAR_055,PAR_021 → PAR_065 → PAR_055 → PAR_021,2.044,0.681,3_pares
PAR_021,PAR_099,PAR_117,PAR_021 → PAR_099 → PAR_117 → PAR_021,2.044,0.681,3_pares
PAR_024,PAR_037,PAR_053,PAR_024 → PAR_037 → PAR_053 → PAR_024,2.044,0.681,3_pares
PAR_055,PAR_111,PAR_058,PAR_055 → PAR_111 → PAR_058 → PAR_055,2.044,0.681,3_pares
PAR_032,PAR_061,PAR_053,PAR_032 → PAR_061 → PAR_053 → PAR_032,2.044,0.681,3_pares
PAR_091,PAR_094,PAR_103,PAR_091 → PAR_094 → PAR_103 → PAR_091,2.043,0.681,3_pares
PAR_029,PAR_094,PAR_068,PAR_029 → PAR_094 → PAR_068 → PAR_029,2.043,0.681,3_pares
PAR_002,PAR_109,PAR_061,PAR_002 → PAR_109 → PAR_061 → PAR_002,2.043,0.681,3_pares
PAR_002,PAR_021,PAR_034,PAR_002 → PAR_021 → PAR_034 → PAR_002,2.043,0.681,3_pares
PAR_027,PAR_046,PAR_073,PAR_027 → PAR_046 → PAR_073 → PAR_027,2.043,0.681,3_pares
PAR_034,PAR_064,PAR_068,PAR_034 → PAR_064 → PAR_068 → PAR_034,2.043,0.681,3_pares
PAR_032,PAR_094,PAR_046,PAR_032 → PAR_094 → PAR_046 → PAR_032,2.043,0.681,3_pares
PAR_007,PAR_091,PAR_061,PAR_007 → PAR_091 → PAR_061 → PAR_007,2.043,0.681,3_pares
PAR_033,PAR_090,PAR_075,PAR_033 → PAR_090 → PAR_075 → PAR_033,2.043,0.681,3_pares
PAR_038,PAR_070,PAR_109,PAR_038 → PAR_070 → PAR_109 → PAR_038,2.043,0.681,3_pares
PAR_058,PAR_073,PAR_109,PAR_058 → PAR_073 → PAR_109 → PAR_058,2.043,0.681,3_pares
PAR_027,PAR_117,PAR_090,PAR_027 → PAR_117 → PAR_090 → PAR_027,2.043,0.681,3_pares
PAR_018,PAR_032,PAR_034,PAR_018 → PAR_032 → PAR_034 → PAR_018,2.043,0.681,3_pares
PAR_021,PAR_058,PAR_069,PAR_021 → PAR_058 → PAR_069 → PAR_021,2.043,0.681,3_pares
PAR_021,PAR_111,PAR_117,PAR_021 → PAR_111 → PAR_117 → PAR_021,2.043,0.681,3_pares
PAR_037,PAR_046,PAR_067,PAR_037 → PAR_046 → PAR_067 → PAR_037,2.043,0.681,3_pares
PAR_012,PAR_034,PAR_016,PAR_012 → PAR_034 → PAR_016 → PAR_012,2.043,0.681,3_pares
PAR_012,PAR_034,PAR_032,PAR_012 → PAR_034 → PAR_032 → PAR_012,2.042,0.681,3_pares
PAR_034,PAR_099,PAR_068,PAR_034 → PAR_099 → PAR_068 → PAR_034,2.042,0.681,3_pares
PAR_003,PAR_111,PAR_114,PAR_003 → PAR_111 → PAR_114 → PAR_003,2.042,0.681,3_pares
PAR_024,PAR_070,PAR_052,PAR_024 → PAR_070 → PAR_052 → PAR_024,2.042,0.681,3_pares
PAR_021,PAR_052,PAR_099,PAR_021 → PAR_052 → PAR_099 → PAR_021,2.042,0.681,3_pares
PAR_034,PAR_110,PAR_090,PAR_034 → PAR_110 → PAR_090 → PAR_034,2.042,0.681,3_pares
PAR_045,PAR_101,PAR_111,PAR_045 → PAR_101 → PAR_111 → PAR_045,2.042,0.681,3_pares
PAR_003,PAR_021,PAR_029,PAR_003 → PAR_021 → PAR_029 → PAR_003,2.042,0.681,3_pares
PAR_016,PAR_109,PAR_052,PAR_016 → PAR_109 → PAR_052 → PAR_016,2.042,0.681,3_pares
PAR_021,PAR_058,PAR_093,PAR_021 → PAR_058 → PAR_093 → PAR_021,2.042,0.681,3_pares
PAR_002,PAR_021,PAR_061,PAR_002 → PAR_021 → PAR_061 → PAR_002,2.041,0.68,3_pares
PAR_002,PAR_075,PAR_064,PAR_002 → PAR_075 → PAR_064 → PAR_002,2.041,0.68,3_pares
PAR_003,PAR_109,PAR_038,PAR_003 → PAR_109 → PAR_038 → PAR_003,2.041,0.68,3_pares
PAR_021,PAR_058,PAR_073,PAR_021 → PAR_058 → PAR_073 → PAR_021,2.041,0.68,3_pares
PAR_021,PAR_058,PAR_096,PAR_021 → PAR_058 → PAR_096 → PAR_021,2.041,0.68,3_pares
PAR_003,PAR_109,PAR_076,PAR_003 → PAR_109 → PAR_076 → PAR_003,2.041,0.68,3_pares
PAR_058,PAR_075,PAR_109,PAR_058 → PAR_075 → PAR_109 → PAR_058,2.041,0.68,3_pares
PAR_021,PAR_109,PAR_110,PAR_021 → PAR_109 → PAR_110 → PAR_021,2.041,0.68,3_pares
PAR_021,PAR_037,PAR_058,PAR_021 → PAR_037 → PAR_058 → PAR_021,2.041,0.68,3_pares
PAR_003,PAR_027,PAR_015,PAR_003 → PAR_027 → PAR_015 → PAR_003,2.041,0.68,3_pares
PAR_051,PAR_099,PAR_093,PAR_051 → PAR_099 → PAR_093 → PAR_051,2.041,0.68,3_pares
PAR_027,PAR_109,PAR_028,PAR_027 → PAR_109 → PAR_028 → PAR_027,2.041,0.68,3_pares
PAR_028,PAR_038,PAR_094,PAR_028 → PAR_038 → PAR_094 → PAR_028,2.041,0.68,3_pares
PAR_005,PAR_015,PAR_053,PAR_005 → PAR_015 → PAR_053 → PAR_005,2.041,0.68,3_pares
PAR_038,PAR_075,PAR_052,PAR_038 → PAR_075 → PAR_052 → PAR_038,2.041,0.68,3_pares
PAR_061,PAR_091,PAR_070,PAR_061 → PAR_091 → PAR_070 → PAR_061,2.041,0.68,3_pares
PAR_069,PAR_111,PAR_103,PAR_069 → PAR_111 → PAR_103 → PAR_069,2.041,0.68,3_pares
PAR_003,PAR_034,PAR_114,PAR_003 → PAR_034 → PAR_114 → PAR_003,2.041,0.68,3_pares
PAR_094,PAR_103,PAR_110,PAR_094 → PAR_103 → PAR_110 → PAR_094,2.041,0.68,3_pares
PAR_005,PAR_029,PAR_109,PAR_005 → PAR_029 → PAR_109 → PAR_005,2.04,0.68,3_pares
PAR_030,PAR_069,PAR_109,PAR_030 → PAR_069 → PAR_109 → PAR_030,2.04,0.68,3_pares
PAR_038,PAR_094,PAR_068,PAR_038 → PAR_094 → PAR_068 → PAR_038,2.04,0.68,3_pares
PAR_029,PAR_070,PAR_097,PAR_029 → PAR_070 → PAR_097 → PAR_029,2.04,0.68,3_pares
PAR_002,PAR_034,PAR_037,PAR_002 → PAR_034 → PAR_037 → PAR_002,2.04,0.68,3_pares
PAR_003,PAR_027,PAR_025,PAR_003 → PAR_027 → PAR_025 → PAR_003,2.04,0.68,3_pares
PAR_037,PAR_103,PAR_097,PAR_037 → PAR_103 → PAR_097 → PAR_037,2.04,0.68,3_pares
PAR_029,PAR_070,PAR_064,PAR_029 → PAR_070 → PAR_064 → PAR_029,2.04,0.68,3_pares
PAR_012,PAR_027,PAR_021,PAR_012 → PAR_027 → PAR_021 → PAR_012,2.04,0.68,3_pares
PAR_061,PAR_103,PAR_109,PAR_061 → PAR_103 → PAR_109 → PAR_061,2.04,0.68,3_pares
PAR_024,PAR_037,PAR_027,PAR_024 → PAR_037 → PAR_027 → PAR_024,2.04,0.68,3_pares
PAR_024,PAR_027,PAR_075,PAR_024 → PAR_027 → PAR_075 → PAR_024,2.04,0.68,3_pares
PAR_033,PAR_034,PAR_070,PAR_033 → PAR_034 → PAR_070 → PAR_033,2.04,0.68,3_pares
PAR_029,PAR_051,PAR_080,PAR_029 → PAR_051 → PAR_080 → PAR_029,2.04,0.68,3_pares
PAR_002,PAR_034,PAR_075,PAR_002 → PAR_034 → PAR_075 → PAR_002,2.039,0.68,3_pares
PAR_003,PAR_111,PAR_030,PAR_003 → PAR_111 → PAR_030 → PAR_003,2.039,0.68,3_pares
PAR_021,PAR_058,PAR_075,PAR_021 → PAR_058 → PAR_075 → PAR_021,2.039,0.68,3_pares
PAR_053,PAR_067,PAR_111,PAR_053 → PAR_067 → PAR_111 → PAR_053,2.039,0.68,3_pares
PAR_052,PAR_076,PAR_061,PAR_052 → PAR_076 → PAR_061 → PAR_052,2.039,0.68,3_pares
PAR_015,PAR_099,PAR_034,PAR_015 → PAR_099 → PAR_034 → PAR_015,2.039,0.68,3_pares
PAR_029,PAR_051,PAR_053,PAR_029 → PAR_051 → PAR_053 → PAR_029,2.039,0.68,3_pares
PAR_021,PAR_028,PAR_027,PAR_021 → PAR_028 → PAR_027 → PAR_021,2.039,0.68,3_pares
PAR_057,PAR_111,PAR_109,PAR_057 → PAR_111 → PAR_109 → PAR_057,2.039,0.68,3_pares
PAR_003,PAR_065,PAR_099,PAR_003 → PAR_065 → PAR_099 → PAR_003,2.039,0.68,3_pares
PAR_021,PAR_051,PAR_101,PAR_021 → PAR_051 → PAR_101 → PAR_021,2.039,0.68,3_pares
PAR_034,PAR_103,PAR_093,PAR_034 → PAR_103 → PAR_093 → PAR_034,2.039,0.68,3_pares
PAR_070,PAR_097,PAR_109,PAR_070 → PAR_097 → PAR_109 → PAR_070,2.039,0.68,3_pares
PAR_040,PAR_051,PAR_053,PAR_040 → PAR_051 → PAR_053 → PAR_040,2.039,0.68,3_pares
PAR_040,PAR_090,PAR_075,PAR_040 → PAR_090 → PAR_075 → PAR_040,2.039,0.68,3_pares
PAR_064,PAR_103,PAR_075,PAR_064 → PAR_103 → PAR_075 → PAR_064,2.038,0.679,3_pares
PAR_090,PAR_094,PAR_091,PAR_090 → PAR_094 → PAR_091 → PAR_090,2.038,0.679,3_pares
PAR_070,PAR_094,PAR_091,PAR_070 → PAR_094 → PAR_091 → PAR_070,2.038,0.679,3_pares
PAR_034,PAR_109,PAR_090,PAR_034 → PAR_109 → PAR_090 → PAR_034,2.038,0.679,3_pares
PAR_021,PAR_030,PAR_069,PAR_021 → PAR_030 → PAR_069 → PAR_021,2.038,0.679,3_pares
PAR_046,PAR_068,PAR_111,PAR_046 → PAR_068 → PAR_111 → PAR_046,2.038,0.679,3_pares
PAR_029,PAR_037,PAR_030,PAR_029 → PAR_037 → PAR_030 → PAR_029,2.038,0.679,3_pares
PAR_046,PAR_067,PAR_061,PAR_046 → PAR_067 → PAR_061 → PAR_046,2.038,0.679,3_pares
PAR_034,PAR_046,PAR_068,PAR_034 → PAR_046 → PAR_068 → PAR_034,2.038,0.679,3_pares
PAR_058,PAR_110,PAR_094,PAR_058 → PAR_110 → PAR_094 → PAR_058,2.038,0.679,3_pares
PAR_021,PAR_064,PAR_085,PAR_021 → PAR_064 → PAR_085 → PAR_021,2.038,0.679,3_pares
PAR_034,PAR_112,PAR_070,PAR_034 → PAR_112 → PAR_070 → PAR_034,2.038,0.679,3_pares
PAR_070,PAR_111,PAR_109,PAR_070 → PAR_111 → PAR_109 → PAR_070,2.038,0.679,3_pares
PAR_007,PAR_090,PAR_027,PAR_007 → PAR_090 → PAR_027 → PAR_007,2.038,0.679,3_pares
PAR_067,PAR_094,PAR_111,PAR_067 → PAR_094 → PAR_111 → PAR_067,2.038,0.679,3_pares
PAR_029,PAR_037,PAR_033,PAR_029 → PAR_037 → PAR_033 → PAR_029,2.038,0.679,3_pares
PAR_034,PAR_051,PAR_099,PAR_034 → PAR_051 → PAR_099 → PAR_034,2.038,0.679,3_pares
PAR_061,PAR_065,PAR_091,PAR_061 → PAR_065 → PAR_091 → PAR_061,2.038,0.679,3_pares
PAR_034,PAR_103,PAR_096,PAR_034 → PAR_103 → PAR_096 → PAR_034,2.038,0.679,3_pares
PAR_065,PAR_101,PAR_090,PAR_065 → PAR_101 → PAR_090 → PAR_065,2.038,0.679,3_pares
PAR_034,PAR_103,PAR_073,PAR_034 → PAR_103 → PAR_073 → PAR_034,2.038,0.679,3_pares
PAR_003,PAR_034,PAR_030,PAR_003 → PAR_034 → PAR_030 → PAR_003,2.038,0.679,3_pares
PAR_027,PAR_046,PAR_101,PAR_027 → PAR_046 → PAR_101 → PAR_027,2.037,0.679,3_pares
PAR_029,PAR_075,PAR_033,PAR_029 → PAR_075 → PAR_033 → PAR_029,2.037,0.679,3_pares
PAR_002,PAR_061,PAR_111,PAR_002 → PAR_061 → PAR_111 → PAR_002,2.037,0.679,3_pares
PAR_039,PAR_109,PAR_103,PAR_039 → PAR_109 → PAR_103 → PAR_039,2.037,0.679,3_pares
PAR_030,PAR_037,PAR_109,PAR_030 → PAR_037 → PAR_109 → PAR_030,2.037,0.679,3_pares
PAR_029,PAR_069,PAR_109,PAR_029 → PAR_069 → PAR_109 → PAR_029,2.037,0.679,3_pares
PAR_027,PAR_053,PAR_061,PAR_027 → PAR_053 → PAR_061 → PAR_027,2.037,0.679,3_pares
PAR_037,PAR_038,PAR_070,PAR_037 → PAR_038 → PAR_070 → PAR_037,2.037,0.679,3_pares
PAR_012,PAR_027,PAR_097,PAR_012 → PAR_027 → PAR_097 → PAR_012,2.037,0.679,3_pares
PAR_016,PAR_070,PAR_109,PAR_016 → PAR_070 → PAR_109 → PAR_016,2.037,0.679,3_pares
PAR_069,PAR_111,PAR_102,PAR_069 → PAR_111 → PAR_102 → PAR_069,2.037,0.679,3_pares
PAR_021,PAR_052,PAR_101,PAR_021 → PAR_052 → PAR_101 → PAR_021,2.037,0.679,3_pares
PAR_029,PAR_075,PAR_030,PAR_029 → PAR_075 → PAR_030 → PAR_029,2.037,0.679,3_pares
PAR_003,PAR_111,PAR_029,PAR_003 → PAR_111 → PAR_029 → PAR_003,2.037,0.679,3_pares
PAR_003,PAR_109,PAR_097,PAR_003 → PAR_109 → PAR_097 → PAR_003,2.037,0.679,3_pares
PAR_002,PAR_037,PAR_053,PAR_002 → PAR_037 → PAR_053 → PAR_002,2.036,0.679,3_pares
PAR_068,PAR_111,PAR_094,PAR_068 → PAR_111 → PAR_094 → PAR_068,2.036,0.679,3_pares
PAR_021,PAR_034,PAR_085,PAR_021 → PAR_034 → PAR_085 → PAR_021,2.036,0.679,3_pares
PAR_027,PAR_045,PAR_032,PAR_027 → PAR_045 → PAR_032 → PAR_027,2.036,0.679,3_pares
PAR_058,PAR_092,PAR_099,PAR_058 → PAR_092 → PAR_099 → PAR_058,2.036,0.679,3_pares
PAR_014,PAR_015,PAR_103,PAR_014 → PAR_015 → PAR_103 → PAR_014,2.036,0.679,3_pares
PAR_030,PAR_075,PAR_109,PAR_030 → PAR_075 → PAR_109 → PAR_030,2.036,0.679,3_pares
PAR_005,PAR_065,PAR_099,PAR_005 → PAR_065 → PAR_099 → PAR_005,2.036,0.679,3_pares
PAR_021,PAR_051,PAR_053,PAR_021 → PAR_051 → PAR_053 → PAR_021,2.036,0.679,3_pares
PAR_038,PAR_075,PAR_090,PAR_038 → PAR_075 → PAR_090 → PAR_038,2.036,0.679,3_pares
PAR_021,PAR_070,PAR_111,PAR_021 → PAR_070 → PAR_111 → PAR_021,2.036,0.679,3_pares
PAR_021,PAR_030,PAR_037,PAR_021 → PAR_030 → PAR_037 → PAR_021,2.035,0.678,3_pares
PAR_058,PAR_075,PAR_064,PAR_058 → PAR_075 → PAR_064 → PAR_058,2.035,0.678,3_pares
PAR_069,PAR_111,PAR_085,PAR_069 → PAR_111 → PAR_085 → PAR_069,2.035,0.678,3_pares
PAR_012,PAR_027,PAR_099,PAR_012 → PAR_027 → PAR_099 → PAR_012,2.035,0.678,3_pares
PAR_058,PAR_075,PAR_099,PAR_058 → PAR_075 → PAR_099 → PAR_058,2.035,0.678,3_pares
PAR_021,PAR_046,PAR_058,PAR_021 → PAR_046 → PAR_058 → PAR_021,2.035,0.678,3_pares
PAR_027,PAR_109,PAR_052,PAR_027 → PAR_109 → PAR_052 → PAR_027,2.035,0.678,3_pares
PAR_016,PAR_070,PAR_021,PAR_016 → PAR_070 → PAR_021 → PAR_016,2.035,0.678,3_pares
PAR_015,PAR_103,PAR_085,PAR_015 → PAR_103 → PAR_085 → PAR_015,2.035,0.678,3_pares
PAR_069,PAR_109,PAR_076,PAR_069 → PAR_109 → PAR_076 → PAR_069,2.035,0.678,3_pares
PAR_027,PAR_046,PAR_039,PAR_027 → PAR_046 → PAR_039 → PAR_027,2.035,0.678,3_pares
PAR_021,PAR_061,PAR_102,PAR_021 → PAR_061 → PAR_102 → PAR_021,2.035,0.678,3_pares
PAR_021,PAR_061,PAR_058,PAR_021 → PAR_061 → PAR_058 → PAR_021,2.035,0.678,3_pares
PAR_015,PAR_032,PAR_061,PAR_015 → PAR_032 → PAR_061 → PAR_015,2.035,0.678,3_pares
PAR_012,PAR_027,PAR_034,PAR_012 → PAR_027 → PAR_034 → PAR_012,2.035,0.678,3_pares
PAR_055,PAR_111,PAR_109,PAR_055 → PAR_111 → PAR_109 → PAR_055,2.035,0.678,3_pares
PAR_015,PAR_099,PAR_046,PAR_015 → PAR_099 → PAR_046 → PAR_015,2.035,0.678,3_pares
PAR_021,PAR_029,PAR_069,PAR_021 → PAR_029 → PAR_069 → PAR_021,2.035,0.678,3_pares
PAR_028,PAR_029,PAR_051,PAR_028 → PAR_029 → PAR_051 → PAR_028,2.034,0.678,3_pares
PAR_038,PAR_092,PAR_055,PAR_038 → PAR_092 → PAR_055 → PAR_038,2.034,0.678,3_pares
PAR_015,PAR_053,PAR_096,PAR_015 → PAR_053 → PAR_096 → PAR_015,2.034,0.678,3_pares
PAR_007,PAR_097,PAR_034,PAR_007 → PAR_097 → PAR_034 → PAR_007,2.034,0.678,3_pares
PAR_021,PAR_034,PAR_110,PAR_021 → PAR_034 → PAR_110 → PAR_021,2.034,0.678,3_pares
PAR_069,PAR_111,PAR_110,PAR_069 → PAR_111 → PAR_110 → PAR_069,2.034,0.678,3_pares
PAR_052,PAR_097,PAR_061,PAR_052 → PAR_097 → PAR_061 → PAR_052,2.034,0.678,3_pares
PAR_046,PAR_052,PAR_064,PAR_046 → PAR_052 → PAR_064 → PAR_046,2.034,0.678,3_pares
PAR_057,PAR_111,PAR_064,PAR_057 → PAR_111 → PAR_064 → PAR_057,2.034,0.678,3_pares
PAR_005,PAR_109,PAR_099,PAR_005 → PAR_109 → PAR_099 → PAR_005,2.034,0.678,3_pares
PAR_021,PAR_058,PAR_080,PAR_021 → PAR_058 → PAR_080 → PAR_021,2.034,0.678,3_pares
PAR_015,PAR_103,PAR_070,PAR_015 → PAR_103 → PAR_070 → PAR_015,2.034,0.678,3_pares
PAR_021,PAR_030,PAR_075,PAR_021 → PAR_030 → PAR_075 → PAR_021,2.034,0.678,3_pares
PAR_051,PAR_101,PAR_111,PAR_051 → PAR_101 → PAR_111 → PAR_051,2.034,0.678,3_pares
PAR_003,PAR_111,PAR_076,PAR_003 → PAR_111 → PAR_076 → PAR_003,2.034,0.678,3_pares
PAR_046,PAR_051,PAR_099,PAR_046 → PAR_051 → PAR_099 → PAR_046,2.034,0.678,3_pares
PAR_029,PAR_109,PAR_073,PAR_029 → PAR_109 → PAR_073 → PAR_029,2.034,0.678,3_pares
PAR_007,PAR_064,PAR_099,PAR_007 → PAR_064 → PAR_099 → PAR_007,2.034,0.678,3_pares
PAR_027,PAR_099,PAR_028,PAR_027 → PAR_099 → PAR_028 → PAR_027,2.034,0.678,3_pares
PAR_007,PAR_064,PAR_034,PAR_007 → PAR_064 → PAR_034 → PAR_007,2.034,0.678,3_pares
PAR_003,PAR_038,PAR_111,PAR_003 → PAR_038 → PAR_111 → PAR_003,2.034,0.678,3_pares
PAR_003,PAR_109,PAR_016,PAR_003 → PAR_109 → PAR_016 → PAR_003,2.034,0.678,3_pares
PAR_057,PAR_111,PAR_099,PAR_057 → PAR_111 → PAR_099 → PAR_057,2.033,0.678,3_pares
PAR_058,PAR_076,PAR_094,PAR_058 → PAR_076 → PAR_094 → PAR_058,2.033,0.678,3_pares
PAR_038,PAR_070,PAR_061,PAR_038 → PAR_070 → PAR_061 → PAR_038,2.033,0.678,3_pares
PAR_027,PAR_075,PAR_068,PAR_027 → PAR_075 → PAR_068 → PAR_027,2.033,0.678,3_pares
PAR_018,PAR_103,PAR_109,PAR_018 → PAR_103 → PAR_109 → PAR_018,2.033,0.678,3_pares
PAR_027,PAR_034,PAR_028,PAR_027 → PAR_034 → PAR_028 → PAR_027,2.033,0.678,3_pares
PAR_003,PAR_034,PAR_076,PAR_003 → PAR_034 → PAR_076 → PAR_003,2.033,0.678,3_pares
PAR_005,PAR_027,PAR_058,PAR_005 → PAR_027 → PAR_058 → PAR_005,2.033,0.678,3_pares
PAR_002,PAR_111,PAR_053,PAR_002 → PAR_111 → PAR_053 → PAR_002,2.033,0.678,3_pares
PAR_003,PAR_021,PAR_111,PAR_003 → PAR_021 → PAR_111 → PAR_003,2.033,0.678,3_pares
PAR_037,PAR_053,PAR_103,PAR_037 → PAR_053 → PAR_103 → PAR_037,2.033,0.678,3_pares
PAR_021,PAR_073,PAR_029,PAR_021 → PAR_073 → PAR_029 → PAR_021,2.032,0.677,3_pares
PAR_034,PAR_064,PAR_090,PAR_034 → PAR_064 → PAR_090 → PAR_034,2.032,0.677,3_pares
PAR_034,PAR_057,PAR_111,PAR_034 → PAR_057 → PAR_111 → PAR_034,2.032,0.677,3_pares
PAR_029,PAR_094,PAR_085,PAR_029 → PAR_094 → PAR_085 → PAR_029,2.032,0.677,3_pares
PAR_029,PAR_109,PAR_034,PAR_029 → PAR_109 → PAR_034 → PAR_029,2.032,0.677,3_pares
PAR_034,PAR_103,PAR_101,PAR_034 → PAR_103 → PAR_101 → PAR_034,2.032,0.677,3_pares
PAR_032,PAR_061,PAR_052,PAR_032 → PAR_061 → PAR_052 → PAR_032,2.032,0.677,3_pares
PAR_014,PAR_111,PAR_099,PAR_014 → PAR_111 → PAR_099 → PAR_014,2.032,0.677,3_pares
PAR_003,PAR_021,PAR_016,PAR_003 → PAR_021 → PAR_016 → PAR_003,2.032,0.677,3_pares
PAR_034,PAR_064,PAR_070,PAR_034 → PAR_064 → PAR_070 → PAR_034,2.032,0.677,3_pares
PAR_034,PAR_046,PAR_103,PAR_034 → PAR_046 → PAR_103 → PAR_034,2.032,0.677,3_pares
PAR_037,PAR_046,PAR_102,PAR_037 → PAR_046 → PAR_102 → PAR_037,2.032,0.677,3_pares
PAR_070,PAR_111,PAR_096,PAR_070 → PAR_111 → PAR_096 → PAR_070,2.032,0.677,3_pares
PAR_070,PAR_111,PAR_120,PAR_070 → PAR_111 → PAR_120 → PAR_070,2.032,0.677,3_pares
PAR_064,PAR_091,PAR_075,PAR_064 → PAR_091 → PAR_075 → PAR_064,2.032,0.677,3_pares
PAR_030,PAR_109,PAR_061,PAR_030 → PAR_109 → PAR_061 → PAR_030,2.032,0.677,3_pares
PAR_015,PAR_028,PAR_038,PAR_015 → PAR_028 → PAR_038 → PAR_015,2.032,0.677,3_pares
PAR_015,PAR_032,PAR_094,PAR_015 → PAR_032 → PAR_094 → PAR_015,2.032,0.677,3_pares
PAR_037,PAR_109,PAR_038,PAR_037 → PAR_109 → PAR_038 → PAR_037,2.032,0.677,3_pares
PAR_030,PAR_069,PAR_034,PAR_030 → PAR_069 → PAR_034 → PAR_030,2.032,0.677,3_pares
PAR_024,PAR_029,PAR_070,PAR_024 → PAR_029 → PAR_070 → PAR_024,2.032,0.677,3_pares
PAR_005,PAR_109,PAR_034,PAR_005 → PAR_109 → PAR_034 → PAR_005,2.032,0.677,3_pares
PAR_014,PAR_111,PAR_034,PAR_014 → PAR_111 → PAR_034 → PAR_014,2.032,0.677,3_pares
PAR_058,PAR_064,PAR_061,PAR_058 → PAR_064 → PAR_061 → PAR_058,2.032,0.677,3_pares
PAR_075,PAR_099,PAR_091,PAR_075 → PAR_099 → PAR_091 → PAR_075,2.032,0.677,3_pares
PAR_075,PAR_111,PAR_085,PAR_075 → PAR_111 → PAR_085 → PAR_075,2.032,0.677,3_pares
PAR_034,PAR_046,PAR_052,PAR_034 → PAR_046 → PAR_052 → PAR_034,2.032,0.677,3_pares
PAR_034,PAR_097,PAR_090,PAR_034 → PAR_097 → PAR_090 → PAR_034,2.032,0.677,3_pares
PAR_032,PAR_051,PAR_053,PAR_032 → PAR_051 → PAR_053 → PAR_032,2.031,0.677,3_pares
PAR_065,PAR_101,PAR_109,PAR_065 → PAR_101 → PAR_109 → PAR_065,2.031,0.677,3_pares
PAR_029,PAR_094,PAR_110,PAR_029 → PAR_094 → PAR_110 → PAR_029,2.031,0.677,3_pares
PAR_024,PAR_051,PAR_099,PAR_024 → PAR_051 → PAR_099 → PAR_024,2.031,0.677,3_pares
PAR_028,PAR_038,PAR_051,PAR_028 → PAR_038 → PAR_051 → PAR_028,2.031,0.677,3_pares
PAR_075,PAR_076,PAR_109,PAR_075 → PAR_076 → PAR_109 → PAR_075,2.031,0.677,3_pares
PAR_021,PAR_046,PAR_033,PAR_021 → PAR_046 → PAR_033 → PAR_021,2.031,0.677,3_pares
PAR_064,PAR_103,PAR_094,PAR_064 → PAR_103 → PAR_094 → PAR_064,2.031,0.677,3_pares
PAR_021,PAR_109,PAR_099,PAR_021 → PAR_109 → PAR_099 → PAR_021,2.031,0.677,3_pares
PAR_052,PAR_103,PAR_070,PAR_052 → PAR_103 → PAR_070 → PAR_052,2.031,0.677,3_pares
PAR_058,PAR_061,PAR_099,PAR_058 → PAR_061 → PAR_099 → PAR_058,2.031,0.677,3_pares
PAR_007,PAR_058,PAR_052,PAR_007 → PAR_058 → PAR_052 → PAR_007,2.031,0.677,3_pares
PAR_034,PAR_051,PAR_053,PAR_034 → PAR_051 → PAR_053 → PAR_034,2.031,0.677,3_pares
PAR_021,PAR_109,PAR_097,PAR_021 → PAR_109 → PAR_097 → PAR_021,2.031,0.677,3_pares
PAR_034,PAR_070,PAR_097,PAR_034 → PAR_070 → PAR_097 → PAR_034,2.031,0.677,3_pares
PAR_027,PAR_037,PAR_103,PAR_027 → PAR_037 → PAR_103 → PAR_027,2.03,0.677,3_pares
PAR_038,PAR_094,PAR_090,PAR_038 → PAR_094 → PAR_090 → PAR_038,2.03,0.677,3_pares
PAR_016,PAR_090,PAR_034,PAR_016 → PAR_090 → PAR_034 → PAR_016,2.03,0.677,3_pares
PAR_034,PAR_103,PAR_039,PAR_034 → PAR_103 → PAR_039 → PAR_034,2.03,0.677,3_pares
PAR_034,PAR_103,PAR_094,PAR_034 → PAR_103 → PAR_094 → PAR_034,2.03,0.677,3_pares
PAR_005,PAR_038,PAR_075,PAR_005 → PAR_038 → PAR_075 → PAR_005,2.03,0.677,3_pares
PAR_075,PAR_111,PAR_110,PAR_075 → PAR_111 → PAR_110 → PAR_075,2.03,0.677,3_pares
PAR_055,PAR_111,PAR_064,PAR_055 → PAR_111 → PAR_064 → PAR_055,2.03,0.677,3_pares
PAR_021,PAR_034,PAR_112,PAR_021 → PAR_034 → PAR_112 → PAR_021,2.03,0.677,3_pares
PAR_003,PAR_034,PAR_097,PAR_003 → PAR_034 → PAR_097 → PAR_003,2.03,0.677,3_pares
PAR_034,PAR_070,PAR_111,PAR_034 → PAR_070 → PAR_111 → PAR_034,2.03,0.677,3_pares
PAR_034,PAR_091,PAR_075,PAR_034 → PAR_091 → PAR_075 → PAR_034,2.03,0.677,3_pares
PAR_069,PAR_109,PAR_097,PAR_069 → PAR_109 → PAR_097 → PAR_069,2.03,0.677,3_pares
PAR_029,PAR_094,PAR_030,PAR_029 → PAR_094 → PAR_030 → PAR_029,2.03,0.677,3_pares
PAR_038,PAR_075,PAR_109,PAR_038 → PAR_075 → PAR_109 → PAR_038,2.03,0.677,3_pares
PAR_027,PAR_029,PAR_070,PAR_027 → PAR_029 → PAR_070 → PAR_027,2.03,0.677,3_pares
PAR_003,PAR_027,PAR_030,PAR_003 → PAR_027 → PAR_030 → PAR_003,2.03,0.677,3_pares
PAR_021,PAR_061,PAR_030,PAR_021 → PAR_061 → PAR_030 → PAR_021,2.03,0.677,3_pares
PAR_005,PAR_015,PAR_103,PAR_005 → PAR_015 → PAR_103 → PAR_005,2.03,0.677,3_pares
PAR_034,PAR_099,PAR_110,PAR_034 → PAR_099 → PAR_110 → PAR_034,2.029,0.676,3_pares
PAR_005,PAR_065,PAR_053,PAR_005 → PAR_065 → PAR_053 → PAR_005,2.029,0.676,3_pares
PAR_029,PAR_109,PAR_061,PAR_029 → PAR_109 → PAR_061 → PAR_029,2.029,0.676,3_pares
PAR_037,PAR_103,PAR_067,PAR_037 → PAR_103 → PAR_067 → PAR_037,2.029,0.676,3_pares
PAR_069,PAR_111,PAR_109,PAR_069 → PAR_111 → PAR_109 → PAR_069,2.029,0.676,3_pares
PAR_058,PAR_064,PAR_094,PAR_058 → PAR_064 → PAR_094 → PAR_058,2.029,0.676,3_pares
PAR_040,PAR_109,PAR_046,PAR_040 → PAR_109 → PAR_046 → PAR_040,2.029,0.676,3_pares
PAR_021,PAR_109,PAR_032,PAR_021 → PAR_109 → PAR_032 → PAR_021,2.029,0.676,3_pares
PAR_027,PAR_075,PAR_103,PAR_027 → PAR_075 → PAR_103 → PAR_027,2.029,0.676,3_pares
PAR_028,PAR_109,PAR_058,PAR_028 → PAR_109 → PAR_058 → PAR_028,2.029,0.676,3_pares
PAR_065,PAR_099,PAR_075,PAR_065 → PAR_099 → PAR_075 → PAR_065,2.028,0.676,3_pares
PAR_061,PAR_092,PAR_091,PAR_061 → PAR_092 → PAR_091 → PAR_061,2.028,0.676,3_pares
PAR_007,PAR_093,PAR_027,PAR_007 → PAR_093 → PAR_027 → PAR_007,2.028,0.676,3_pares
PAR_061,PAR_111,PAR_085,PAR_061 → PAR_111 → PAR_085 → PAR_061,2.028,0.676,3_pares
PAR_053,PAR_061,PAR_103,PAR_053 → PAR_061 → PAR_103 → PAR_053,2.028,0.676,3_pares
PAR_052,PAR_102,PAR_070,PAR_052 → PAR_102 → PAR_070 → PAR_052,2.028,0.676,3_pares
PAR_037,PAR_112,PAR_111,PAR_037 → PAR_112 → PAR_111 → PAR_037,2.028,0.676,3_pares
PAR_027,PAR_058,PAR_093,PAR_027 → PAR_058 → PAR_093 → PAR_027,2.028,0.676,3_pares
PAR_037,PAR_109,PAR_097,PAR_037 → PAR_109 → PAR_097 → PAR_037,2.028,0.676,3_pares
PAR_015,PAR_091,PAR_070,PAR_015 → PAR_091 → PAR_070 → PAR_015,2.028,0.676,3_pares
PAR_040,PAR_061,PAR_109,PAR_040 → PAR_061 → PAR_109 → PAR_040,2.028,0.676,3_pares
PAR_027,PAR_053,PAR_028,PAR_027 → PAR_053 → PAR_028 → PAR_027,2.028,0.676,3_pares
PAR_021,PAR_061,PAR_040,PAR_021 → PAR_061 → PAR_040 → PAR_021,2.028,0.676,3_pares
PAR_030,PAR_075,PAR_034,PAR_030 → PAR_075 → PAR_034 → PAR_030,2.028,0.676,3_pares
PAR_003,PAR_111,PAR_032,PAR_003 → PAR_111 → PAR_032 → PAR_003,2.028,0.676,3_pares
PAR_037,PAR_093,PAR_038,PAR_037 → PAR_093 → PAR_038 → PAR_037,2.028,0.676,3_pares
PAR_003,PAR_111,PAR_016,PAR_003 → PAR_111 → PAR_016 → PAR_003,2.028,0.676,3_pares
PAR_021,PAR_030,PAR_094,PAR_021 → PAR_030 → PAR_094 → PAR_021,2.028,0.676,3_pares
PAR_093,PAR_109,PAR_099,PAR_093 → PAR_109 → PAR_099 → PAR_093,2.028,0.676,3_pares
PAR_067,PAR_075,PAR_103,PAR_067 → PAR_075 → PAR_103 → PAR_067,2.027,0.676,3_pares
PAR_029,PAR_109,PAR_080,PAR_029 → PAR_109 → PAR_080 → PAR_029,2.027,0.676,3_pares
PAR_021,PAR_061,PAR_029,PAR_021 → PAR_061 → PAR_029 → PAR_021,2.027,0.676,3_pares
PAR_003,PAR_034,PAR_016,PAR_003 → PAR_034 → PAR_016 → PAR_003,2.027,0.676,3_pares
PAR_037,PAR_096,PAR_038,PAR_037 → PAR_096 → PAR_038 → PAR_037,2.027,0.676,3_pares
PAR_058,PAR_094,PAR_111,PAR_058 → PAR_094 → PAR_111 → PAR_058,2.027,0.676,3_pares
PAR_027,PAR_055,PAR_109,PAR_027 → PAR_055 → PAR_109 → PAR_027,2.027,0.676,3_pares
PAR_021,PAR_069,PAR_111,PAR_021 → PAR_069 → PAR_111 → PAR_021,2.027,0.676,3_pares
PAR_064,PAR_109,PAR_099,PAR_064 → PAR_109 → PAR_099 → PAR_064,2.027,0.676,3_pares
PAR_038,PAR_069,PAR_111,PAR_038 → PAR_069 → PAR_111 → PAR_038,2.027,0.676,3_pares
PAR_007,PAR_053,PAR_034,PAR_007 → PAR_053 → PAR_034 → PAR_007,2.027,0.676,3_pares
PAR_037,PAR_058,PAR_067,PAR_037 → PAR_058 → PAR_067 → PAR_037,2.027,0.676,3_pares
PAR_034,PAR_093,PAR_109,PAR_034 → PAR_093 → PAR_109 → PAR_034,2.027,0.676,3_pares
PAR_034,PAR_076,PAR_069,PAR_034 → PAR_076 → PAR_069 → PAR_034,2.027,0.676,3_pares
PAR_034,PAR_038,PAR_069,PAR_034 → PAR_038 → PAR_069 → PAR_034,2.027,0.676,3_pares
PAR_015,PAR_099,PAR_068,PAR_015 → PAR_099 → PAR_068 → PAR_015,2.027,0.676,3_pares
PAR_037,PAR_120,PAR_038,PAR_037 → PAR_120 → PAR_038 → PAR_037,2.027,0.676,3_pares
PAR_070,PAR_111,PAR_101,PAR_070 → PAR_111 → PAR_101 → PAR_070,2.027,0.676,3_pares
PAR_003,PAR_034,PAR_032,PAR_003 → PAR_034 → PAR_032 → PAR_003,2.027,0.676,3_pares
PAR_021,PAR_046,PAR_029,PAR_021 → PAR_046 → PAR_029 → PAR_021,2.027,0.676,3_pares
PAR_061,PAR_076,PAR_109,PAR_061 → PAR_076 → PAR_109 → PAR_061,2.027,0.676,3_pares
PAR_058,PAR_102,PAR_070,PAR_058 → PAR_102 → PAR_070 → PAR_058,2.026,0.675,3_pares
PAR_016,PAR_029,PAR_037,PAR_016 → PAR_029 → PAR_037 → PAR_016,2.026,0.675,3_pares
PAR_007,PAR_024,PAR_034,PAR_007 → PAR_024 → PAR_034 → PAR_007,2.026,0.675,3_pares
PAR_003,PAR_109,PAR_027,PAR_003 → PAR_109 → PAR_027 → PAR_003,2.026,0.675,3_pares
PAR_073,PAR_111,PAR_109,PAR_073 → PAR_111 → PAR_109 → PAR_073,2.026,0.675,3_pares
PAR_024,PAR_070,PAR_064,PAR_024 → PAR_070 → PAR_064 → PAR_024,2.026,0.675,3_pares
PAR_053,PAR_064,PAR_070,PAR_053 → PAR_064 → PAR_070 → PAR_053,2.026,0.675,3_pares
PAR_038,PAR_075,PAR_093,PAR_038 → PAR_075 → PAR_093 → PAR_038,2.026,0.675,3_pares
PAR_075,PAR_097,PAR_109,PAR_075 → PAR_097 → PAR_109 → PAR_075,2.026,0.675,3_pares
PAR_051,PAR_099,PAR_068,PAR_051 → PAR_099 → PAR_068 → PAR_051,2.026,0.675,3_pares
PAR_029,PAR_075,PAR_111,PAR_029 → PAR_075 → PAR_111 → PAR_029,2.026,0.675,3_pares
PAR_034,PAR_064,PAR_109,PAR_034 → PAR_064 → PAR_109 → PAR_034,2.026,0.675,3_pares
PAR_033,PAR_111,PAR_046,PAR_033 → PAR_111 → PAR_046 → PAR_033,2.025,0.675,3_pares
PAR_012,PAR_027,PAR_067,PAR_012 → PAR_027 → PAR_067 → PAR_012,2.025,0.675,3_pares
PAR_021,PAR_080,PAR_029,PAR_021 → PAR_080 → PAR_029 → PAR_021,2.025,0.675,3_pares
PAR_015,PAR_080,PAR_027,PAR_015 → PAR_080 → PAR_027 → PAR_015,2.025,0.675,3_pares
PAR_053,PAR_058,PAR_061,PAR_053 → PAR_058 → PAR_061 → PAR_053,2.025,0.675,3_pares
PAR_075,PAR_111,PAR_109,PAR_075 → PAR_111 → PAR_109 → PAR_075,2.025,0.675,3_pares
PAR_064,PAR_091,PAR_094,PAR_064 → PAR_091 → PAR_094 → PAR_064,2.025,0.675,3_pares
PAR_016,PAR_029,PAR_075,PAR_016 → PAR_029 → PAR_075 → PAR_016,2.025,0.675,3_pares
PAR_034,PAR_046,PAR_110,PAR_034 → PAR_046 → PAR_110 → PAR_034,2.025,0.675,3_pares
PAR_034,PAR_120,PAR_109,PAR_034 → PAR_120 → PAR_109 → PAR_034,2.025,0.675,3_pares
PAR_027,PAR_051,PAR_101,PAR_027 → PAR_051 → PAR_101 → PAR_027,2.025,0.675,3_pares
PAR_091,PAR_094,PAR_099,PAR_091 → PAR_094 → PAR_099 → PAR_091,2.025,0.675,3_pares
PAR_030,PAR_037,PAR_053,PAR_030 → PAR_037 → PAR_053 → PAR_030,2.025,0.675,3_pares
PAR_076,PAR_092,PAR_099,PAR_076 → PAR_092 → PAR_099 → PAR_076,2.025,0.675,3_pares
PAR_003,PAR_027,PAR_076,PAR_003 → PAR_027 → PAR_076 → PAR_003,2.025,0.675,3_pares
PAR_021,PAR_027,PAR_055,PAR_021 → PAR_027 → PAR_055 → PAR_021,2.025,0.675,3_pares
PAR_021,PAR_029,PAR_094,PAR_021 → PAR_029 → PAR_094 → PAR_021,2.025,0.675,3_pares
PAR_021,PAR_034,PAR_097,PAR_021 → PAR_034 → PAR_097 → PAR_021,2.024,0.675,3_pares
PAR_021,PAR_073,PAR_111,PAR_021 → PAR_073 → PAR_111 → PAR_021,2.024,0.675,3_pares
PAR_027,PAR_051,PAR_080,PAR_027 → PAR_051 → PAR_080 → PAR_027,2.024,0.675,3_pares
PAR_005,PAR_027,PAR_109,PAR_005 → PAR_027 → PAR_109 → PAR_005,2.024,0.675,3_pares
PAR_021,PAR_034,PAR_064,PAR_021 → PAR_034 → PAR_064 → PAR_021,2.024,0.675,3_pares
PAR_032,PAR_070,PAR_053,PAR_032 → PAR_070 → PAR_053 → PAR_032,2.024,0.675,3_pares
PAR_016,PAR_075,PAR_109,PAR_016 → PAR_075 → PAR_109 → PAR_016,2.024,0.675,3_pares
PAR_027,PAR_096,PAR_090,PAR_027 → PAR_096 → PAR_090 → PAR_027,2.024,0.675,3_pares
PAR_027,PAR_037,PAR_085,PAR_027 → PAR_037 → PAR_085 → PAR_027,2.024,0.675,3_pares
PAR_037,PAR_046,PAR_040,PAR_037 → PAR_046 → PAR_040 → PAR_037,2.024,0.675,3_pares
PAR_053,PAR_091,PAR_111,PAR_053 → PAR_091 → PAR_111 → PAR_053,2.024,0.675,3_pares
PAR_003,PAR_021,PAR_027,PAR_003 → PAR_021 → PAR_027 → PAR_003,2.024,0.675,3_pares
PAR_034,PAR_099,PAR_109,PAR_034 → PAR_099 → PAR_109 → PAR_034,2.024,0.675,3_pares
PAR_021,PAR_111,PAR_096,PAR_021 → PAR_111 → PAR_096 → PAR_021,2.024,0.675,3_pares
PAR_002,PAR_029,PAR_070,PAR_002 → PAR_029 → PAR_070 → PAR_002,2.024,0.675,3_pares
PAR_016,PAR_021,PAR_037,PAR_016 → PAR_021 → PAR_037 → PAR_016,2.024,0.675,3_pares
PAR_021,PAR_111,PAR_037,PAR_021 → PAR_111 → PAR_037 → PAR_021,2.024,0.675,3_pares
PAR_064,PAR_069,PAR_111,PAR_064 → PAR_069 → PAR_111 → PAR_064,2.024,0.675,3_pares
PAR_024,PAR_090,PAR_034,PAR_024 → PAR_090 → PAR_034 → PAR_024,2.024,0.675,3_pares
PAR_028,PAR_029,PAR_065,PAR_028 → PAR_029 → PAR_065 → PAR_028,2.024,0.675,3_pares
PAR_038,PAR_075,PAR_120,PAR_038 → PAR_075 → PAR_120 → PAR_038,2.024,0.675,3_pares
PAR_027,PAR_061,PAR_052,PAR_027 → PAR_061 → PAR_052 → PAR_027,2.024,0.675,3_pares
PAR_028,PAR_038,PAR_070,PAR_028 → PAR_038 → PAR_070 → PAR_028,2.024,0.675,3_pares
PAR_034,PAR_091,PAR_094,PAR_034 → PAR_091 → PAR_094 → PAR_034,2.024,0.675,3_pares
PAR_027,PAR_120,PAR_090,PAR_027 → PAR_120 → PAR_090 → PAR_027,2.024,0.675,3_pares
PAR_032,PAR_109,PAR_092,PAR_032 → PAR_109 → PAR_092 → PAR_032,2.024,0.675,3_pares
PAR_070,PAR_102,PAR_090,PAR_070 → PAR_102 → PAR_090 → PAR_070,2.023,0.674,3_pares
PAR_021,PAR_058,PAR_117,PAR_021 → PAR_058 → PAR_117 → PAR_021,2.023,0.674,3_pares
PAR_021,PAR_109,PAR_024,PAR_021 → PAR_109 → PAR_024 → PAR_021,2.023,0.674,3_pares
PAR_027,PAR_103,PAR_080,PAR_027 → PAR_103 → PAR_080 → PAR_027,2.023,0.674,3_pares
PAR_015,PAR_103,PAR_096,PAR_015 → PAR_103 → PAR_096 → PAR_015,2.023,0.674,3_pares
PAR_034,PAR_097,PAR_069,PAR_034 → PAR_097 → PAR_069 → PAR_034,2.023,0.674,3_pares
PAR_033,PAR_111,PAR_053,PAR_033 → PAR_111 → PAR_053 → PAR_033,2.023,0.674,3_pares
PAR_061,PAR_111,PAR_112,PAR_061 → PAR_111 → PAR_112 → PAR_061,2.023,0.674,3_pares
PAR_061,PAR_097,PAR_109,PAR_061 → PAR_097 → PAR_109 → PAR_061,2.023,0.674,3_pares
PAR_021,PAR_075,PAR_111,PAR_021 → PAR_075 → PAR_111 → PAR_021,2.023,0.674,3_pares
PAR_027,PAR_057,PAR_111,PAR_027 → PAR_057 → PAR_111 → PAR_027,2.023,0.674,3_pares
PAR_052,PAR_067,PAR_061,PAR_052 → PAR_067 → PAR_061 → PAR_052,2.023,0.674,3_pares
PAR_038,PAR_070,PAR_068,PAR_038 → PAR_070 → PAR_068 → PAR_038,2.022,0.674,3_pares
PAR_061,PAR_111,PAR_109,PAR_061 → PAR_111 → PAR_109 → PAR_061,2.022,0.674,3_pares
PAR_037,PAR_053,PAR_040,PAR_037 → PAR_053 → PAR_040 → PAR_037,2.022,0.674,3_pares
PAR_034,PAR_069,PAR_111,PAR_034 → PAR_069 → PAR_111 → PAR_034,2.022,0.674,3_pares
PAR_034,PAR_064,PAR_093,PAR_034 → PAR_064 → PAR_093 → PAR_034,2.022,0.674,3_pares
PAR_030,PAR_094,PAR_034,PAR_030 → PAR_094 → PAR_034 → PAR_030,2.022,0.674,3_pares
PAR_094,PAR_111,PAR_110,PAR_094 → PAR_111 → PAR_110 → PAR_094,2.022,0.674,3_pares
PAR_016,PAR_021,PAR_075,PAR_016 → PAR_021 → PAR_075 → PAR_016,2.022,0.674,3_pares
PAR_065,PAR_099,PAR_080,PAR_065 → PAR_099 → PAR_080 → PAR_065,2.022,0.674,3_pares
PAR_069,PAR_111,PAR_099,PAR_069 → PAR_111 → PAR_099 → PAR_069,2.022,0.674,3_pares
PAR_053,PAR_075,PAR_065,PAR_053 → PAR_075 → PAR_065 → PAR_053,2.022,0.674,3_pares
PAR_015,PAR_053,PAR_068,PAR_015 → PAR_053 → PAR_068 → PAR_015,2.021,0.674,3_pares
PAR_026,PAR_091,PAR_070,PAR_026 → PAR_091 → PAR_070 → PAR_026,2.021,0.674,3_pares
PAR_028,PAR_029,PAR_109,PAR_028 → PAR_029 → PAR_109 → PAR_028,2.021,0.674,3_pares
PAR_029,PAR_092,PAR_053,PAR_029 → PAR_092 → PAR_053 → PAR_029,2.021,0.674,3_pares
PAR_028,PAR_038,PAR_065,PAR_028 → PAR_038 → PAR_065 → PAR_028,2.021,0.674,3_pares
PAR_016,PAR_069,PAR_111,PAR_016 → PAR_069 → PAR_111 → PAR_016,2.021,0.674,3_pares
PAR_027,PAR_058,PAR_046,PAR_027 → PAR_058 → PAR_046 → PAR_027,2.021,0.674,3_pares
PAR_027,PAR_030,PAR_037,PAR_027 → PAR_030 → PAR_037 → PAR_027,2.021,0.674,3_pares
PAR_018,PAR_103,PAR_053,PAR_018 → PAR_103 → PAR_053 → PAR_018,2.021,0.674,3_pares
PAR_092,PAR_099,PAR_097,PAR_092 → PAR_099 → PAR_097 → PAR_092,2.021,0.674,3_pares
PAR_058,PAR_067,PAR_061,PAR_058 → PAR_067 → PAR_061 → PAR_058,2.021,0.674,3_pares
PAR_029,PAR_094,PAR_097,PAR_029 → PAR_094 → PAR_097 → PAR_029,2.021,0.674,3_pares
PAR_002,PAR_037,PAR_058,PAR_002 → PAR_037 → PAR_058 → PAR_002,2.021,0.674,3_pares
PAR_099,PAR_101,PAR_109,PAR_099 → PAR_101 → PAR_109 → PAR_099,2.021,0.674,3_pares
PAR_007,PAR_068,PAR_111,PAR_007 → PAR_068 → PAR_111 → PAR_007,2.021,0.674,3_pares
PAR_037,PAR_101,PAR_038,PAR_037 → PAR_101 → PAR_038 → PAR_037,2.021,0.674,3_pares
PAR_016,PAR_109,PAR_061,PAR_016 → PAR_109 → PAR_061 → PAR_016,2.021,0.674,3_pares
PAR_061,PAR_099,PAR_076,PAR_061 → PAR_099 → PAR_076 → PAR_061,2.021,0.674,3_pares
PAR_021,PAR_061,PAR_111,PAR_021 → PAR_061 → PAR_111 → PAR_021,2.02,0.673,3_pares
PAR_064,PAR_073,PAR_111,PAR_064 → PAR_073 → PAR_111 → PAR_064,2.02,0.673,3_pares
PAR_021,PAR_099,PAR_101,PAR_021 → PAR_099 → PAR_101 → PAR_021,2.02,0.673,3_pares
PAR_003,PAR_111,PAR_027,PAR_003 → PAR_111 → PAR_027 → PAR_003,2.02,0.673,3_pares
PAR_085,PAR_109,PAR_103,PAR_085 → PAR_109 → PAR_103 → PAR_085,2.02,0.673,3_pares
PAR_053,PAR_109,PAR_092,PAR_053 → PAR_109 → PAR_092 → PAR_053,2.02,0.673,3_pares
PAR_003,PAR_027,PAR_099,PAR_003 → PAR_027 → PAR_099 → PAR_003,2.02,0.673,3_pares
PAR_029,PAR_094,PAR_064,PAR_029 → PAR_094 → PAR_064 → PAR_029,2.02,0.673,3_pares
PAR_034,PAR_037,PAR_097,PAR_034 → PAR_037 → PAR_097 → PAR_034,2.02,0.673,3_pares
PAR_034,PAR_070,PAR_067,PAR_034 → PAR_070 → PAR_067 → PAR_034,2.02,0.673,3_pares
PAR_034,PAR_046,PAR_109,PAR_034 → PAR_046 → PAR_109 → PAR_034,2.02,0.673,3_pares
PAR_034,PAR_101,PAR_109,PAR_034 → PAR_101 → PAR_109 → PAR_034,2.02,0.673,3_pares
PAR_027,PAR_055,PAR_034,PAR_027 → PAR_055 → PAR_034 → PAR_027,2.02,0.673,3_pares
PAR_021,PAR_028,PAR_029,PAR_021 → PAR_028 → PAR_029 → PAR_021,2.019,0.673,3_pares
PAR_002,PAR_012,PAR_027,PAR_002 → PAR_012 → PAR_027 → PAR_002,2.019,0.673,3_pares
PAR_038,PAR_111,PAR_046,PAR_038 → PAR_111 → PAR_046 → PAR_038,2.019,0.673,3_pares
PAR_034,PAR_064,PAR_099,PAR_034 → PAR_064 → PAR_099 → PAR_034,2.019,0.673,3_pares
PAR_021,PAR_111,PAR_046,PAR_021 → PAR_111 → PAR_046 → PAR_021,2.019,0.673,3_pares
PAR_034,PAR_075,PAR_097,PAR_034 → PAR_075 → PAR_097 → PAR_034,2.019,0.673,3_pares
PAR_040,PAR_111,PAR_053,PAR_040 → PAR_111 → PAR_053 → PAR_040,2.019,0.673,3_pares
PAR_067,PAR_069,PAR_109,PAR_067 → PAR_069 → PAR_109 → PAR_067,2.019,0.673,3_pares
PAR_027,PAR_101,PAR_090,PAR_027 → PAR_101 → PAR_090 → PAR_027,2.019,0.673,3_pares
PAR_073,PAR_111,PAR_099,PAR_073 → PAR_111 → PAR_099 → PAR_073,2.019,0.673,3_pares
PAR_040,PAR_061,PAR_046,PAR_040 → PAR_061 → PAR_046 → PAR_040,2.019,0.673,3_pares
PAR_021,PAR_061,PAR_032,PAR_021 → PAR_061 → PAR_032 → PAR_021,2.019,0.673,3_pares
PAR_094,PAR_111,PAR_112,PAR_094 → PAR_111 → PAR_112 → PAR_094,2.019,0.673,3_pares
PAR_021,PAR_046,PAR_032,PAR_021 → PAR_046 → PAR_032 → PAR_021,2.019,0.673,3_pares
PAR_016,PAR_021,PAR_061,PAR_016 → PAR_021 → PAR_061 → PAR_016,2.019,0.673,3_pares
PAR_038,PAR_094,PAR_093,PAR_038 → PAR_094 → PAR_093 → PAR_038,2.019,0.673,3_pares
PAR_038,PAR_075,PAR_101,PAR_038 → PAR_075 → PAR_101 → PAR_038,2.019,0.673,3_pares
PAR_032,PAR_075,PAR_064,PAR_032 → PAR_075 → PAR_064 → PAR_032,2.019,0.673,3_pares
PAR_024,PAR_070,PAR_053,PAR_024 → PAR_070 → PAR_053 → PAR_024,2.018,0.673,3_pares
PAR_002,PAR_111,PAR_007,PAR_002 → PAR_111 → PAR_007 → PAR_002,2.018,0.673,3_pares
PAR_027,PAR_029,PAR_037,PAR_027 → PAR_029 → PAR_037 → PAR_027,2.018,0.673,3_pares
PAR_027,PAR_046,PAR_090,PAR_027 → PAR_046 → PAR_090 → PAR_027,2.018,0.673,3_pares
PAR_027,PAR_093,PAR_109,PAR_027 → PAR_093 → PAR_109 → PAR_027,2.018,0.673,3_pares
PAR_075,PAR_111,PAR_099,PAR_075 → PAR_111 → PAR_099 → PAR_075,2.018,0.673,3_pares
PAR_038,PAR_094,PAR_120,PAR_038 → PAR_094 → PAR_120 → PAR_038,2.018,0.673,3_pares
PAR_016,PAR_034,PAR_037,PAR_016 → PAR_034 → PAR_037 → PAR_016,2.018,0.673,3_pares
PAR_024,PAR_027,PAR_058,PAR_024 → PAR_027 → PAR_058 → PAR_024,2.018,0.673,3_pares
PAR_021,PAR_111,PAR_080,PAR_021 → PAR_111 → PAR_080 → PAR_021,2.018,0.673,3_pares
PAR_025,PAR_028,PAR_027,PAR_025 → PAR_028 → PAR_027 → PAR_025,2.018,0.673,3_pares
PAR_053,PAR_076,PAR_111,PAR_053 → PAR_076 → PAR_111 → PAR_053,2.018,0.673,3_pares
PAR_034,PAR_075,PAR_111,PAR_034 → PAR_075 → PAR_111 → PAR_034,2.018,0.673,3_pares
PAR_029,PAR_037,PAR_067,PAR_029 → PAR_037 → PAR_067 → PAR_029,2.018,0.673,3_pares
PAR_032,PAR_075,PAR_034,PAR_032 → PAR_075 → PAR_034 → PAR_032,2.017,0.672,3_pares
PAR_021,PAR_068,PAR_029,PAR_021 → PAR_068 → PAR_029 → PAR_021,2.017,0.672,3_pares
PAR_014,PAR_021,PAR_058,PAR_014 → PAR_021 → PAR_058 → PAR_014,2.017,0.672,3_pares
PAR_021,PAR_067,PAR_069,PAR_021 → PAR_067 → PAR_069 → PAR_021,2.017,0.672,3_pares
PAR_027,PAR_073,PAR_109,PAR_027 → PAR_073 → PAR_109 → PAR_027,2.017,0.672,3_pares
PAR_061,PAR_111,PAR_064,PAR_061 → PAR_111 → PAR_064 → PAR_061,2.017,0.672,3_pares
PAR_032,PAR_034,PAR_092,PAR_032 → PAR_034 → PAR_092 → PAR_032,2.017,0.672,3_pares
PAR_016,PAR_034,PAR_075,PAR_016 → PAR_034 → PAR_075 → PAR_016,2.017,0.672,3_pares
PAR_027,PAR_037,PAR_109,PAR_027 → PAR_037 → PAR_109 → PAR_027,2.017,0.672,3_pares
PAR_037,PAR_109,PAR_067,PAR_037 → PAR_109 → PAR_067 → PAR_037,2.017,0.672,3_pares
PAR_021,PAR_111,PAR_094,PAR_021 → PAR_111 → PAR_094 → PAR_021,2.017,0.672,3_pares
PAR_012,PAR_027,PAR_103,PAR_012 → PAR_027 → PAR_103 → PAR_012,2.017,0.672,3_pares
PAR_052,PAR_099,PAR_058,PAR_052 → PAR_099 → PAR_058 → PAR_052,2.017,0.672,3_pares
PAR_015,PAR_103,PAR_046,PAR_015 → PAR_103 → PAR_046 → PAR_015,2.017,0.672,3_pares
PAR_061,PAR_099,PAR_097,PAR_061 → PAR_099 → PAR_097 → PAR_061,2.016,0.672,3_pares
PAR_040,PAR_061,PAR_053,PAR_040 → PAR_061 → PAR_053 → PAR_040,2.016,0.672,3_pares
PAR_024,PAR_038,PAR_075,PAR_024 → PAR_038 → PAR_075 → PAR_024,2.016,0.672,3_pares
PAR_021,PAR_034,PAR_024,PAR_021 → PAR_034 → PAR_024 → PAR_021,2.016,0.672,3_pares
PAR_076,PAR_094,PAR_111,PAR_076 → PAR_094 → PAR_111 → PAR_076,2.016,0.672,3_pares
PAR_002,PAR_051,PAR_053,PAR_002 → PAR_051 → PAR_053 → PAR_002,2.016,0.672,3_pares
PAR_037,PAR_053,PAR_097,PAR_037 → PAR_053 → PAR_097 → PAR_037,2.016,0.672,3_pares
PAR_053,PAR_080,PAR_065,PAR_053 → PAR_080 → PAR_065 → PAR_053,2.016,0.672,3_pares
PAR_028,PAR_065,PAR_099,PAR_028 → PAR_065 → PAR_099 → PAR_028,2.016,0.672,3_pares
PAR_015,PAR_099,PAR_085,PAR_015 → PAR_099 → PAR_085 → PAR_015,2.016,0.672,3_pares
PAR_016,PAR_094,PAR_021,PAR_016 → PAR_094 → PAR_021 → PAR_016,2.016,0.672,3_pares
PAR_065,PAR_099,PAR_068,PAR_065 → PAR_099 → PAR_068 → PAR_065,2.016,0.672,3_pares
PAR_024,PAR_069,PAR_111,PAR_024 → PAR_069 → PAR_111 → PAR_024,2.016,0.672,3_pares
PAR_027,PAR_075,PAR_109,PAR_027 → PAR_075 → PAR_109 → PAR_027,2.016,0.672,3_pares
PAR_021,PAR_027,PAR_096,PAR_021 → PAR_027 → PAR_096 → PAR_021,2.015,0.672,3_pares
PAR_021,PAR_027,PAR_073,PAR_021 → PAR_027 → PAR_073 → PAR_021,2.015,0.672,3_pares
PAR_021,PAR_027,PAR_037,PAR_021 → PAR_027 → PAR_037 → PAR_021,2.015,0.672,3_pares
PAR_046,PAR_052,PAR_103,PAR_046 → PAR_052 → PAR_103 → PAR_046,2.015,0.672,3_pares
PAR_051,PAR_099,PAR_085,PAR_051 → PAR_099 → PAR_085 → PAR_051,2.015,0.672,3_pares
PAR_067,PAR_075,PAR_109,PAR_067 → PAR_075 → PAR_109 → PAR_067,2.015,0.672,3_pares
PAR_046,PAR_064,PAR_099,PAR_046 → PAR_064 → PAR_099 → PAR_046,2.015,0.672,3_pares
PAR_021,PAR_067,PAR_037,PAR_021 → PAR_067 → PAR_037 → PAR_021,2.015,0.672,3_pares
PAR_021,PAR_052,PAR_030,PAR_021 → PAR_052 → PAR_030 → PAR_021,2.015,0.672,3_pares
PAR_053,PAR_076,PAR_061,PAR_053 → PAR_076 → PAR_061 → PAR_053,2.015,0.672,3_pares
PAR_024,PAR_090,PAR_027,PAR_024 → PAR_090 → PAR_027 → PAR_024,2.015,0.672,3_pares
PAR_034,PAR_046,PAR_064,PAR_034 → PAR_046 → PAR_064 → PAR_034,2.015,0.672,3_pares
PAR_015,PAR_032,PAR_070,PAR_015 → PAR_032 → PAR_070 → PAR_015,2.015,0.672,3_pares
PAR_061,PAR_111,PAR_099,PAR_061 → PAR_111 → PAR_099 → PAR_061,2.015,0.672,3_pares
PAR_040,PAR_094,PAR_046,PAR_040 → PAR_094 → PAR_046 → PAR_040,2.015,0.672,3_pares
PAR_005,PAR_109,PAR_103,PAR_005 → PAR_109 → PAR_103 → PAR_005,2.015,0.672,3_pares
PAR_003,PAR_109,PAR_102,PAR_003 → PAR_109 → PAR_102 → PAR_003,2.015,0.672,3_pares
PAR_037,PAR_051,PAR_091,PAR_037 → PAR_051 → PAR_091 → PAR_037,2.015,0.672,3_pares
PAR_021,PAR_070,PAR_102,PAR_021 → PAR_070 → PAR_102 → PAR_021,2.014,0.671,3_pares
PAR_015,PAR_099,PAR_110,PAR_015 → PAR_099 → PAR_110 → PAR_015,2.014,0.671,3_pares
PAR_021,PAR_027,PAR_075,PAR_021 → PAR_027 → PAR_075 → PAR_021,2.014,0.671,3_pares
PAR_034,PAR_101,PAR_111,PAR_034 → PAR_101 → PAR_111 → PAR_034,2.014,0.671,3_pares
PAR_064,PAR_097,PAR_094,PAR_064 → PAR_097 → PAR_094 → PAR_064,2.014,0.671,3_pares
PAR_064,PAR_103,PAR_070,PAR_064 → PAR_103 → PAR_070 → PAR_064,2.014,0.671,3_pares
PAR_099,PAR_101,PAR_111,PAR_099 → PAR_101 → PAR_111 → PAR_099,2.014,0.671,3_pares
PAR_012,PAR_038,PAR_111,PAR_012 → PAR_038 → PAR_111 → PAR_012,2.013,0.671,3_pares
PAR_064,PAR_094,PAR_111,PAR_064 → PAR_094 → PAR_111 → PAR_064,2.013,0.671,3_pares
PAR_051,PAR_053,PAR_103,PAR_051 → PAR_053 → PAR_103 → PAR_051,2.013,0.671,3_pares
PAR_053,PAR_097,PAR_111,PAR_053 → PAR_097 → PAR_111 → PAR_053,2.013,0.671,3_pares
PAR_034,PAR_103,PAR_090,PAR_034 → PAR_103 → PAR_090 → PAR_034,2.013,0.671,3_pares
PAR_021,PAR_067,PAR_075,PAR_021 → PAR_067 → PAR_075 → PAR_021,2.013,0.671,3_pares
PAR_034,PAR_097,PAR_094,PAR_034 → PAR_097 → PAR_094 → PAR_034,2.013,0.671,3_pares
PAR_021,PAR_045,PAR_032,PAR_021 → PAR_045 → PAR_032 → PAR_021,2.013,0.671,3_pares
PAR_094,PAR_099,PAR_097,PAR_094 → PAR_099 → PAR_097 → PAR_094,2.013,0.671,3_pares
PAR_051,PAR_099,PAR_110,PAR_051 → PAR_099 → PAR_110 → PAR_051,2.013,0.671,3_pares
PAR_027,PAR_069,PAR_111,PAR_027 → PAR_069 → PAR_111 → PAR_027,2.013,0.671,3_pares
PAR_005,PAR_109,PAR_058,PAR_005 → PAR_109 → PAR_058 → PAR_005,2.013,0.671,3_pares
PAR_029,PAR_070,PAR_030,PAR_029 → PAR_070 → PAR_030 → PAR_029,2.013,0.671,3_pares
PAR_005,PAR_027,PAR_046,PAR_005 → PAR_027 → PAR_046 → PAR_005,2.013,0.671,3_pares
PAR_012,PAR_034,PAR_038,PAR_012 → PAR_034 → PAR_038 → PAR_012,2.012,0.671,3_pares
PAR_027,PAR_067,PAR_090,PAR_027 → PAR_067 → PAR_090 → PAR_027,2.012,0.671,3_pares
PAR_038,PAR_094,PAR_101,PAR_038 → PAR_094 → PAR_101 → PAR_038,2.012,0.671,3_pares
PAR_032,PAR_092,PAR_053,PAR_032 → PAR_092 → PAR_053 → PAR_032,2.012,0.671,3_pares
PAR_024,PAR_075,PAR_111,PAR_024 → PAR_075 → PAR_111 → PAR_024,2.012,0.671,3_pares
PAR_032,PAR_070,PAR_052,PAR_032 → PAR_070 → PAR_052 → PAR_032,2.012,0.671,3_pares
PAR_018,PAR_032,PAR_021,PAR_018 → PAR_032 → PAR_021 → PAR_018,2.012,0.671,3_pares
PAR_034,PAR_109,PAR_068,PAR_034 → PAR_109 → PAR_068 → PAR_034,2.012,0.671,3_pares
PAR_038,PAR_070,PAR_090,PAR_038 → PAR_070 → PAR_090 → PAR_038,2.012,0.671,3_pares
PAR_046,PAR_052,PAR_058,PAR_046 → PAR_052 → PAR_058 → PAR_046,2.012,0.671,3_pares
PAR_007,PAR_068,PAR_027,PAR_007 → PAR_068 → PAR_027 → PAR_007,2.012,0.671,3_pares
PAR_034,PAR_103,PAR_070,PAR_034 → PAR_103 → PAR_070 → PAR_034,2.012,0.671,3_pares
PAR_027,PAR_075,PAR_099,PAR_027 → PAR_075 → PAR_099 → PAR_027,2.011,0.67,3_pares
PAR_027,PAR_099,PAR_073,PAR_027 → PAR_099 → PAR_073 → PAR_027,2.011,0.67,3_pares
PAR_064,PAR_102,PAR_070,PAR_064 → PAR_102 → PAR_070 → PAR_064,2.011,0.67,3_pares
PAR_057,PAR_111,PAR_058,PAR_057 → PAR_111 → PAR_058 → PAR_057,2.011,0.67,3_pares
PAR_027,PAR_109,PAR_080,PAR_027 → PAR_109 → PAR_080 → PAR_027,2.011,0.67,3_pares
PAR_027,PAR_092,PAR_099,PAR_027 → PAR_092 → PAR_099 → PAR_027,2.011,0.67,3_pares
PAR_051,PAR_053,PAR_058,PAR_051 → PAR_053 → PAR_058 → PAR_051,2.011,0.67,3_pares
PAR_032,PAR_094,PAR_064,PAR_032 → PAR_094 → PAR_064 → PAR_032,2.011,0.67,3_pares
PAR_027,PAR_075,PAR_064,PAR_027 → PAR_075 → PAR_064 → PAR_027,2.011,0.67,3_pares
PAR_094,PAR_111,PAR_099,PAR_094 → PAR_111 → PAR_099 → PAR_094,2.011,0.67,3_pares
PAR_016,PAR_070,PAR_052,PAR_016 → PAR_070 → PAR_052 → PAR_016,2.011,0.67,3_pares
PAR_038,PAR_109,PAR_052,PAR_038 → PAR_109 → PAR_052 → PAR_038,2.011,0.67,3_pares
PAR_016,PAR_094,PAR_034,PAR_016 → PAR_094 → PAR_034 → PAR_016,2.011,0.67,3_pares
PAR_024,PAR_034,PAR_099,PAR_024 → PAR_034 → PAR_099 → PAR_024,2.011,0.67,3_pares
PAR_046,PAR_053,PAR_064,PAR_046 → PAR_053 → PAR_064 → PAR_046,2.01,0.67,3_pares
PAR_051,PAR_099,PAR_112,PAR_051 → PAR_099 → PAR_112 → PAR_051,2.01,0.67,3_pares
PAR_029,PAR_094,PAR_067,PAR_029 → PAR_094 → PAR_067 → PAR_029,2.01,0.67,3_pares
PAR_037,PAR_067,PAR_111,PAR_037 → PAR_067 → PAR_111 → PAR_037,2.01,0.67,3_pares
PAR_037,PAR_103,PAR_040,PAR_037 → PAR_103 → PAR_040 → PAR_037,2.01,0.67,3_pares
PAR_014,PAR_029,PAR_109,PAR_014 → PAR_029 → PAR_109 → PAR_014,2.01,0.67,3_pares
PAR_032,PAR_094,PAR_034,PAR_032 → PAR_094 → PAR_034 → PAR_032,2.01,0.67,3_pares
PAR_052,PAR_091,PAR_061,PAR_052 → PAR_091 → PAR_061 → PAR_052,2.01,0.67,3_pares
PAR_061,PAR_103,PAR_091,PAR_061 → PAR_103 → PAR_091 → PAR_061,2.01,0.67,3_pares
PAR_030,PAR_037,PAR_058,PAR_030 → PAR_037 → PAR_058 → PAR_030,2.01,0.67,3_pares
PAR_027,PAR_096,PAR_034,PAR_027 → PAR_096 → PAR_034 → PAR_027,2.01,0.67,3_pares
PAR_027,PAR_073,PAR_034,PAR_027 → PAR_073 → PAR_034 → PAR_027,2.01,0.67,3_pares
PAR_038,PAR_111,PAR_068,PAR_038 → PAR_111 → PAR_068 → PAR_038,2.01,0.67,3_pares
PAR_053,PAR_068,PAR_065,PAR_053 → PAR_068 → PAR_065 → PAR_053,2.01,0.67,3_pares
PAR_028,PAR_065,PAR_053,PAR_028 → PAR_065 → PAR_053 → PAR_028,2.01,0.67,3_pares
PAR_045,PAR_053,PAR_109,PAR_045 → PAR_053 → PAR_109 → PAR_045,2.01,0.67,3_pares
PAR_027,PAR_034,PAR_037,PAR_027 → PAR_034 → PAR_037 → PAR_027,2.01,0.67,3_pares
PAR_015,PAR_053,PAR_085,PAR_015 → PAR_053 → PAR_085 → PAR_015,2.01,0.67,3_pares
PAR_021,PAR_068,PAR_111,PAR_021 → PAR_068 → PAR_111 → PAR_021,2.01,0.67,3_pares
PAR_053,PAR_097,PAR_061,PAR_053 → PAR_097 → PAR_061 → PAR_053,2.01,0.67,3_pares
PAR_029,PAR_051,PAR_099,PAR_029 → PAR_051 → PAR_099 → PAR_029,2.009,0.67,3_pares
PAR_040,PAR_075,PAR_103,PAR_040 → PAR_075 → PAR_103 → PAR_040,2.009,0.67,3_pares
PAR_021,PAR_027,PAR_080,PAR_021 → PAR_027 → PAR_080 → PAR_021,2.009,0.67,3_pares
PAR_040,PAR_070,PAR_109,PAR_040 → PAR_070 → PAR_109 → PAR_040,2.009,0.67,3_pares
PAR_067,PAR_075,PAR_099,PAR_067 → PAR_075 → PAR_099 → PAR_067,2.009,0.67,3_pares
PAR_002,PAR_027,PAR_007,PAR_002 → PAR_027 → PAR_007 → PAR_002,2.009,0.67,3_pares
PAR_032,PAR_070,PAR_058,PAR_032 → PAR_070 → PAR_058 → PAR_032,2.009,0.67,3_pares
PAR_027,PAR_075,PAR_034,PAR_027 → PAR_075 → PAR_034 → PAR_027,2.009,0.67,3_pares
PAR_029,PAR_109,PAR_090,PAR_029 → PAR_109 → PAR_090 → PAR_029,2.009,0.67,3_pares
PAR_027,PAR_039,PAR_109,PAR_027 → PAR_039 → PAR_109 → PAR_027,2.009,0.67,3_pares
PAR_015,PAR_103,PAR_068,PAR_015 → PAR_103 → PAR_068 → PAR_015,2.009,0.67,3_pares
PAR_021,PAR_109,PAR_058,PAR_021 → PAR_109 → PAR_058 → PAR_021,2.009,0.67,3_pares
PAR_034,PAR_037,PAR_067,PAR_034 → PAR_037 → PAR_067 → PAR_034,2.009,0.67,3_pares
PAR_015,PAR_099,PAR_109,PAR_015 → PAR_099 → PAR_109 → PAR_015,2.009,0.67,3_pares
PAR_027,PAR_068,PAR_090,PAR_027 → PAR_068 → PAR_090 → PAR_027,2.009,0.67,3_pares
PAR_109,PAR_117,PAR_111,PAR_109 → PAR_117 → PAR_111 → PAR_109,2.009,0.67,3_pares
PAR_051,PAR_053,PAR_091,PAR_051 → PAR_053 → PAR_091 → PAR_051,2.008,0.669,3_pares
PAR_096,PAR_109,PAR_103,PAR_096 → PAR_109 → PAR_103 → PAR_096,2.008,0.669,3_pares
PAR_003,PAR_021,PAR_033,PAR_003 → PAR_021 → PAR_033 → PAR_003,2.008,0.669,3_pares
PAR_033,PAR_061,PAR_103,PAR_033 → PAR_061 → PAR_103 → PAR_033,2.008,0.669,3_pares
PAR_014,PAR_029,PAR_021,PAR_014 → PAR_029 → PAR_021 → PAR_014,2.008,0.669,3_pares
PAR_034,PAR_046,PAR_053,PAR_034 → PAR_046 → PAR_053 → PAR_034,2.008,0.669,3_pares
PAR_015,PAR_099,PAR_021,PAR_015 → PAR_099 → PAR_021 → PAR_015,2.008,0.669,3_pares
PAR_002,PAR_109,PAR_034,PAR_002 → PAR_109 → PAR_034 → PAR_002,2.008,0.669,3_pares
PAR_015,PAR_032,PAR_109,PAR_015 → PAR_032 → PAR_109 → PAR_015,2.008,0.669,3_pares
PAR_027,PAR_046,PAR_093,PAR_027 → PAR_046 → PAR_093 → PAR_027,2.008,0.669,3_pares
PAR_003,PAR_111,PAR_102,PAR_003 → PAR_111 → PAR_102 → PAR_003,2.008,0.669,3_pares
PAR_034,PAR_070,PAR_102,PAR_034 → PAR_070 → PAR_102 → PAR_034,2.008,0.669,3_pares
PAR_021,PAR_045,PAR_053,PAR_021 → PAR_045 → PAR_053 → PAR_021,2.008,0.669,3_pares
PAR_058,PAR_093,PAR_109,PAR_058 → PAR_093 → PAR_109 → PAR_058,2.007,0.669,3_pares
PAR_037,PAR_103,PAR_038,PAR_037 → PAR_103 → PAR_038 → PAR_037,2.007,0.669,3_pares
PAR_038,PAR_109,PAR_057,PAR_038 → PAR_109 → PAR_057 → PAR_038,2.007,0.669,3_pares
PAR_021,PAR_051,PAR_099,PAR_021 → PAR_051 → PAR_099 → PAR_021,2.007,0.669,3_pares
PAR_021,PAR_040,PAR_070,PAR_021 → PAR_040 → PAR_070 → PAR_021,2.007,0.669,3_pares
PAR_002,PAR_069,PAR_111,PAR_002 → PAR_069 → PAR_111 → PAR_002,2.007,0.669,3_pares
PAR_027,PAR_058,PAR_052,PAR_027 → PAR_058 → PAR_052 → PAR_027,2.007,0.669,3_pares
PAR_038,PAR_065,PAR_055,PAR_038 → PAR_065 → PAR_055 → PAR_038,2.007,0.669,3_pares
PAR_029,PAR_037,PAR_102,PAR_029 → PAR_037 → PAR_102 → PAR_029,2.007,0.669,3_pares
PAR_007,PAR_058,PAR_053,PAR_007 → PAR_058 → PAR_053 → PAR_007,2.007,0.669,3_pares
PAR_064,PAR_068,PAR_111,PAR_064 → PAR_068 → PAR_111 → PAR_064,2.007,0.669,3_pares
PAR_021,PAR_039,PAR_027,PAR_021 → PAR_039 → PAR_027 → PAR_021,2.007,0.669,3_pares
PAR_021,PAR_090,PAR_029,PAR_021 → PAR_090 → PAR_029 → PAR_021,2.007,0.669,3_pares
PAR_037,PAR_109,PAR_102,PAR_037 → PAR_109 → PAR_102 → PAR_037,2.006,0.669,3_pares
PAR_005,PAR_038,PAR_070,PAR_005 → PAR_038 → PAR_070 → PAR_005,2.006,0.669,3_pares
PAR_003,PAR_038,PAR_029,PAR_003 → PAR_038 → PAR_029 → PAR_003,2.006,0.669,3_pares
PAR_027,PAR_061,PAR_099,PAR_027 → PAR_061 → PAR_099 → PAR_027,2.006,0.669,3_pares
PAR_058,PAR_064,PAR_109,PAR_058 → PAR_064 → PAR_109 → PAR_058,2.006,0.669,3_pares
PAR_012,PAR_027,PAR_029,PAR_012 → PAR_027 → PAR_029 → PAR_012,2.006,0.669,3_pares
PAR_070,PAR_111,PAR_110,PAR_070 → PAR_111 → PAR_110 → PAR_070,2.006,0.669,3_pares
PAR_053,PAR_103,PAR_070,PAR_053 → PAR_103 → PAR_070 → PAR_053,2.006,0.669,3_pares
PAR_058,PAR_096,PAR_109,PAR_058 → PAR_096 → PAR_109 → PAR_058,2.006,0.669,3_pares
PAR_029,PAR_075,PAR_102,PAR_029 → PAR_075 → PAR_102 → PAR_029,2.006,0.669,3_pares
PAR_003,PAR_109,PAR_040,PAR_003 → PAR_109 → PAR_040 → PAR_003,2.006,0.669,3_pares
PAR_037,PAR_065,PAR_091,PAR_037 → PAR_065 → PAR_091 → PAR_037,2.006,0.669,3_pares
PAR_007,PAR_065,PAR_099,PAR_007 → PAR_065 → PAR_099 → PAR_007,2.006,0.669,3_pares
PAR_027,PAR_053,PAR_073,PAR_027 → PAR_053 → PAR_073 → PAR_027,2.005,0.668,3_pares
PAR_037,PAR_053,PAR_067,PAR_037 → PAR_053 → PAR_067 → PAR_037,2.005,0.668,3_pares
PAR_033,PAR_094,PAR_103,PAR_033 → PAR_094 → PAR_103 → PAR_033,2.005,0.668,3_pares
PAR_027,PAR_034,PAR_101,PAR_027 → PAR_034 → PAR_101 → PAR_027,2.005,0.668,3_pares
PAR_027,PAR_037,PAR_053,PAR_027 → PAR_037 → PAR_053 → PAR_027,2.005,0.668,3_pares
PAR_038,PAR_075,PAR_103,PAR_038 → PAR_075 → PAR_103 → PAR_038,2.005,0.668,3_pares
PAR_061,PAR_099,PAR_067,PAR_061 → PAR_099 → PAR_067 → PAR_061,2.005,0.668,3_pares
PAR_065,PAR_099,PAR_090,PAR_065 → PAR_099 → PAR_090 → PAR_065,2.005,0.668,3_pares
PAR_021,PAR_052,PAR_097,PAR_021 → PAR_052 → PAR_097 → PAR_021,2.005,0.668,3_pares
PAR_027,PAR_099,PAR_101,PAR_027 → PAR_099 → PAR_101 → PAR_027,2.005,0.668,3_pares
PAR_021,PAR_052,PAR_064,PAR_021 → PAR_052 → PAR_064 → PAR_021,2.005,0.668,3_pares
PAR_021,PAR_052,PAR_111,PAR_021 → PAR_052 → PAR_111 → PAR_021,2.004,0.668,3_pares
PAR_053,PAR_102,PAR_070,PAR_053 → PAR_102 → PAR_070 → PAR_053,2.004,0.668,3_pares
PAR_027,PAR_061,PAR_032,PAR_027 → PAR_061 → PAR_032 → PAR_027,2.004,0.668,3_pares
PAR_021,PAR_037,PAR_102,PAR_021 → PAR_037 → PAR_102 → PAR_021,2.004,0.668,3_pares
PAR_030,PAR_090,PAR_034,PAR_030 → PAR_090 → PAR_034 → PAR_030,2.004,0.668,3_pares
PAR_007,PAR_040,PAR_034,PAR_007 → PAR_040 → PAR_034 → PAR_007,2.004,0.668,3_pares
PAR_003,PAR_111,PAR_033,PAR_003 → PAR_111 → PAR_033 → PAR_003,2.004,0.668,3_pares
PAR_065,PAR_091,PAR_075,PAR_065 → PAR_091 → PAR_075 → PAR_065,2.004,0.668,3_pares
PAR_027,PAR_034,PAR_080,PAR_027 → PAR_034 → PAR_080 → PAR_027,2.004,0.668,3_pares
PAR_015,PAR_099,PAR_064,PAR_015 → PAR_099 → PAR_064 → PAR_015,2.004,0.668,3_pares
PAR_064,PAR_117,PAR_111,PAR_064 → PAR_117 → PAR_111 → PAR_064,2.004,0.668,3_pares
PAR_021,PAR_109,PAR_030,PAR_021 → PAR_109 → PAR_030 → PAR_021,2.004,0.668,3_pares
PAR_046,PAR_067,PAR_111,PAR_046 → PAR_067 → PAR_111 → PAR_046,2.004,0.668,3_pares
PAR_027,PAR_099,PAR_080,PAR_027 → PAR_099 → PAR_080 → PAR_027,2.004,0.668,3_pares
PAR_002,PAR_111,PAR_037,PAR_002 → PAR_111 → PAR_037 → PAR_002,2.004,0.668,3_pares
PAR_027,PAR_103,PAR_070,PAR_027 → PAR_103 → PAR_070 → PAR_027,2.004,0.668,3_pares
PAR_002,PAR_003,PAR_027,PAR_002 → PAR_003 → PAR_027 → PAR_002,2.004,0.668,3_pares
PAR_003,PAR_021,PAR_040,PAR_003 → PAR_021 → PAR_040 → PAR_003,2.004,0.668,3_pares
PAR_075,PAR_109,PAR_102,PAR_075 → PAR_109 → PAR_102 → PAR_075,2.004,0.668,3_pares
PAR_015,PAR_101,PAR_038,PAR_015 → PAR_101 → PAR_038 → PAR_015,2.003,0.668,3_pares
PAR_002,PAR_075,PAR_111,PAR_002 → PAR_075 → PAR_111 → PAR_002,2.003,0.668,3_pares
PAR_027,PAR_099,PAR_039,PAR_027 → PAR_099 → PAR_039 → PAR_027,2.003,0.668,3_pares
PAR_015,PAR_053,PAR_109,PAR_015 → PAR_053 → PAR_109 → PAR_015,2.003,0.668,3_pares
PAR_007,PAR_076,PAR_111,PAR_007 → PAR_076 → PAR_111 → PAR_007,2.003,0.668,3_pares
PAR_038,PAR_109,PAR_055,PAR_038 → PAR_109 → PAR_055 → PAR_038,2.003,0.668,3_pares
PAR_053,PAR_067,PAR_092,PAR_053 → PAR_067 → PAR_092 → PAR_053,2.003,0.668,3_pares
PAR_070,PAR_111,PAR_112,PAR_070 → PAR_111 → PAR_112 → PAR_070,2.002,0.667,3_pares
PAR_003,PAR_027,PAR_103,PAR_003 → PAR_027 → PAR_103 → PAR_003,2.002,0.667,3_pares
PAR_029,PAR_070,PAR_111,PAR_029 → PAR_070 → PAR_111 → PAR_029,2.002,0.667,3_pares
PAR_101,PAR_109,PAR_103,PAR_101 → PAR_109 → PAR_103 → PAR_101,2.002,0.667,3_pares
PAR_034,PAR_117,PAR_111,PAR_034 → PAR_117 → PAR_111 → PAR_034,2.002,0.667,3_pares
PAR_021,PAR_025,PAR_080,PAR_021 → PAR_025 → PAR_080 → PAR_021,2.002,0.667,3_pares
PAR_085,PAR_109,PAR_099,PAR_085 → PAR_109 → PAR_099 → PAR_085,2.002,0.667,3_pares
PAR_021,PAR_075,PAR_102,PAR_021 → PAR_075 → PAR_102 → PAR_021,2.002,0.667,3_pares
PAR_099,PAR_117,PAR_111,PAR_099 → PAR_117 → PAR_111 → PAR_099,2.002,0.667,3_pares
PAR_027,PAR_034,PAR_039,PAR_027 → PAR_034 → PAR_039 → PAR_027,2.002,0.667,3_pares
PAR_030,PAR_094,PAR_058,PAR_030 → PAR_094 → PAR_058 → PAR_030,2.002,0.667,3_pares
PAR_029,PAR_094,PAR_103,PAR_029 → PAR_094 → PAR_103 → PAR_029,2.002,0.667,3_pares
PAR_007,PAR_038,PAR_111,PAR_007 → PAR_038 → PAR_111 → PAR_007,2.002,0.667,3_pares
PAR_038,PAR_051,PAR_101,PAR_038 → PAR_051 → PAR_101 → PAR_038,2.002,0.667,3_pares
PAR_014,PAR_111,PAR_109,PAR_014 → PAR_111 → PAR_109 → PAR_014,2.002,0.667,3_pares
PAR_021,PAR_068,PAR_027,PAR_021 → PAR_068 → PAR_027 → PAR_021,2.001,0.667,3_pares
PAR_073,PAR_111,PAR_103,PAR_073 → PAR_111 → PAR_103 → PAR_073,2.001,0.667,3_pares
PAR_051,PAR_053,PAR_076,PAR_051 → PAR_053 → PAR_076 → PAR_051,2.001,0.667,3_pares
PAR_021,PAR_109,PAR_029,PAR_021 → PAR_109 → PAR_029 → PAR_021,2.001,0.667,3_pares
PAR_018,PAR_099,PAR_027,PAR_018 → PAR_099 → PAR_027 → PAR_018,2.001,0.667,3_pares
PAR_034,PAR_085,PAR_109,PAR_034 → PAR_085 → PAR_109 → PAR_034,2.001,0.667,3_pares
PAR_038,PAR_111,PAR_057,PAR_038 → PAR_111 → PAR_057 → PAR_038,2.001,0.667,3_pares
PAR_005,PAR_029,PAR_021,PAR_005 → PAR_029 → PAR_021 → PAR_005,2.001,0.667,3_pares
PAR_007,PAR_038,PAR_034,PAR_007 → PAR_038 → PAR_034 → PAR_007,2.001,0.667,3_pares
PAR_015,PAR_053,PAR_021,PAR_015 → PAR_053 → PAR_021 → PAR_015,2.001,0.667,3_pares
PAR_058,PAR_069,PAR_111,PAR_058 → PAR_069 → PAR_111 → PAR_058,2.001,0.667,3_pares
PAR_015,PAR_103,PAR_058,PAR_015 → PAR_103 → PAR_058 → PAR_015,2.001,0.667,3_pares
PAR_037,PAR_058,PAR_097,PAR_037 → PAR_058 → PAR_097 → PAR_037,2.001,0.667,3_pares
PAR_014,PAR_111,PAR_021,PAR_014 → PAR_111 → PAR_021 → PAR_014,2.0,0.667,3_pares
PAR_027,PAR_109,PAR_117,PAR_027 → PAR_109 → PAR_117 → PAR_027,2.0,0.667,3_pares
PAR_099,PAR_110,PAR_109,PAR_099 → PAR_110 → PAR_109 → PAR_099,2.0,0.667,3_pares
PAR_038,PAR_070,PAR_120,PAR_038 → PAR_070 → PAR_120 → PAR_038,2.0,0.667,3_pares
PAR_075,PAR_111,PAR_103,PAR_075 → PAR_111 → PAR_103 → PAR_075,2.0,0.667,3_pares
PAR_007,PAR_065,PAR_053,PAR_007 → PAR_065 → PAR_053 → PAR_007,2.0,0.667,3_pares
PAR_034,PAR_057,PAR_038,PAR_034 → PAR_057 → PAR_038 → PAR_034,2.0,0.667,3_pares
PAR_038,PAR_111,PAR_090,PAR_038 → PAR_111 → PAR_090 → PAR_038,2.0,0.667,3_pares
PAR_058,PAR_101,PAR_109,PAR_058 → PAR_101 → PAR_109 → PAR_058,2.0,0.667,3_pares
PAR_058,PAR_076,PAR_061,PAR_058 → PAR_076 → PAR_061 → PAR_058,2.0,0.667,3_pares
PAR_003,PAR_111,PAR_040,PAR_003 → PAR_111 → PAR_040 → PAR_003,2.0,0.667,3_pares
PAR_021,PAR_099,PAR_085,PAR_021 → PAR_099 → PAR_085 → PAR_021,2.0,0.667,3_pares
PAR_005,PAR_038,PAR_109,PAR_005 → PAR_038 → PAR_109 → PAR_005,2.0,0.667,3_pares
PAR_040,PAR_069,PAR_109,PAR_040 → PAR_069 → PAR_109 → PAR_040,2.0,0.667,3_pares
PAR_038,PAR_070,PAR_096,PAR_038 → PAR_070 → PAR_096 → PAR_038,2.0,0.667,3_pares
PAR_024,PAR_027,PAR_061,PAR_024 → PAR_027 → PAR_061 → PAR_024,1.999,0.666,3_pares
PAR_053,PAR_090,PAR_065,PAR_053 → PAR_090 → PAR_065 → PAR_053,1.999,0.666,3_pares
PAR_053,PAR_067,PAR_061,PAR_053 → PAR_067 → PAR_061 → PAR_053,1.999,0.666,3_pares
PAR_034,PAR_109,PAR_110,PAR_034 → PAR_109 → PAR_110 → PAR_034,1.999,0.666,3_pares
PAR_003,PAR_034,PAR_040,PAR_003 → PAR_034 → PAR_040 → PAR_003,1.999,0.666,3_pares
PAR_027,PAR_053,PAR_101,PAR_027 → PAR_053 → PAR_101 → PAR_027,1.999,0.666,3_pares
PAR_021,PAR_058,PAR_101,PAR_021 → PAR_058 → PAR_101 → PAR_021,1.999,0.666,3_pares
PAR_034,PAR_076,PAR_090,PAR_034 → PAR_076 → PAR_090 → PAR_034,1.999,0.666,3_pares
PAR_029,PAR_109,PAR_093,PAR_029 → PAR_109 → PAR_093 → PAR_029,1.999,0.666,3_pares
PAR_029,PAR_094,PAR_102,PAR_029 → PAR_094 → PAR_102 → PAR_029,1.999,0.666,3_pares
PAR_033,PAR_109,PAR_075,PAR_033 → PAR_109 → PAR_075 → PAR_033,1.999,0.666,3_pares
PAR_034,PAR_038,PAR_090,PAR_034 → PAR_038 → PAR_090 → PAR_034,1.999,0.666,3_pares
PAR_052,PAR_103,PAR_058,PAR_052 → PAR_103 → PAR_058 → PAR_052,1.999,0.666,3_pares
PAR_033,PAR_070,PAR_053,PAR_033 → PAR_070 → PAR_053 → PAR_033,1.999,0.666,3_pares
PAR_021,PAR_064,PAR_110,PAR_021 → PAR_064 → PAR_110 → PAR_021,1.999,0.666,3_pares
PAR_021,PAR_033,PAR_037,PAR_021 → PAR_033 → PAR_037 → PAR_021,1.999,0.666,3_pares
PAR_027,PAR_085,PAR_090,PAR_027 → PAR_085 → PAR_090 → PAR_027,1.999,0.666,3_pares
PAR_027,PAR_091,PAR_070,PAR_027 → PAR_091 → PAR_070 → PAR_027,1.999,0.666,3_pares
PAR_075,PAR_099,PAR_102,PAR_075 → PAR_099 → PAR_102 → PAR_075,1.998,0.666,3_pares
PAR_021,PAR_064,PAR_030,PAR_021 → PAR_064 → PAR_030 → PAR_021,1.998,0.666,3_pares
PAR_002,PAR_092,PAR_053,PAR_002 → PAR_092 → PAR_053 → PAR_002,1.998,0.666,3_pares
PAR_021,PAR_027,PAR_117,PAR_021 → PAR_027 → PAR_117 → PAR_021,1.998,0.666,3_pares
PAR_021,PAR_075,PAR_033,PAR_021 → PAR_075 → PAR_033 → PAR_021,1.998,0.666,3_pares
PAR_012,PAR_027,PAR_016,PAR_012 → PAR_027 → PAR_016 → PAR_012,1.998,0.666,3_pares
PAR_034,PAR_091,PAR_069,PAR_034 → PAR_091 → PAR_069 → PAR_034,1.998,0.666,3_pares
PAR_021,PAR_052,PAR_053,PAR_021 → PAR_052 → PAR_053 → PAR_021,1.998,0.666,3_pares
PAR_021,PAR_046,PAR_102,PAR_021 → PAR_046 → PAR_102 → PAR_021,1.998,0.666,3_pares
PAR_018,PAR_032,PAR_027,PAR_018 → PAR_032 → PAR_027 → PAR_018,1.998,0.666,3_pares
PAR_058,PAR_073,PAR_111,PAR_058 → PAR_073 → PAR_111 → PAR_058,1.998,0.666,3_pares
PAR_027,PAR_053,PAR_080,PAR_027 → PAR_053 → PAR_080 → PAR_027,1.998,0.666,3_pares
PAR_015,PAR_053,PAR_064,PAR_015 → PAR_053 → PAR_064 → PAR_015,1.998,0.666,3_pares
PAR_034,PAR_037,PAR_102,PAR_034 → PAR_037 → PAR_102 → PAR_034,1.998,0.666,3_pares
PAR_021,PAR_040,PAR_069,PAR_021 → PAR_040 → PAR_069 → PAR_021,1.998,0.666,3_pares
PAR_032,PAR_037,PAR_058,PAR_032 → PAR_037 → PAR_058 → PAR_032,1.998,0.666,3_pares
PAR_065,PAR_099,PAR_109,PAR_065 → PAR_099 → PAR_109 → PAR_065,1.998,0.666,3_pares
PAR_007,PAR_097,PAR_111,PAR_007 → PAR_097 → PAR_111 → PAR_007,1.998,0.666,3_pares
PAR_061,PAR_103,PAR_097,PAR_061 → PAR_103 → PAR_097 → PAR_061,1.998,0.666,3_pares
PAR_021,PAR_099,PAR_110,PAR_021 → PAR_099 → PAR_110 → PAR_021,1.998,0.666,3_pares
PAR_024,PAR_109,PAR_058,PAR_024 → PAR_109 → PAR_058 → PAR_024,1.998,0.666,3_pares
PAR_064,PAR_102,PAR_075,PAR_064 → PAR_102 → PAR_075 → PAR_064,1.998,0.666,3_pares
PAR_021,PAR_093,PAR_029,PAR_021 → PAR_093 → PAR_029 → PAR_021,1.997,0.666,3_pares
PAR_099,PAR_112,PAR_109,PAR_099 → PAR_112 → PAR_109 → PAR_099,1.997,0.666,3_pares
PAR_021,PAR_052,PAR_024,PAR_021 → PAR_052 → PAR_024 → PAR_021,1.997,0.666,3_pares
PAR_038,PAR_111,PAR_055,PAR_038 → PAR_111 → PAR_055 → PAR_038,1.997,0.666,3_pares
PAR_034,PAR_075,PAR_102,PAR_034 → PAR_075 → PAR_102 → PAR_034,1.997,0.666,3_pares
PAR_046,PAR_064,PAR_103,PAR_046 → PAR_064 → PAR_103 → PAR_046,1.997,0.666,3_pares
PAR_061,PAR_111,PAR_103,PAR_061 → PAR_111 → PAR_103 → PAR_061,1.997,0.666,3_pares
PAR_003,PAR_034,PAR_038,PAR_003 → PAR_034 → PAR_038 → PAR_003,1.997,0.666,3_pares
PAR_025,PAR_028,PAR_109,PAR_025 → PAR_028 → PAR_109 → PAR_025,1.997,0.666,3_pares
PAR_029,PAR_075,PAR_040,PAR_029 → PAR_075 → PAR_040 → PAR_029,1.997,0.666,3_pares
PAR_037,PAR_109,PAR_040,PAR_037 → PAR_109 → PAR_040 → PAR_037,1.997,0.666,3_pares
PAR_058,PAR_075,PAR_111,PAR_058 → PAR_075 → PAR_111 → PAR_058,1.997,0.666,3_pares
PAR_027,PAR_033,PAR_070,PAR_027 → PAR_033 → PAR_070 → PAR_027,1.997,0.666,3_pares
PAR_015,PAR_099,PAR_024,PAR_015 → PAR_099 → PAR_024 → PAR_015,1.996,0.665,3_pares
PAR_030,PAR_069,PAR_111,PAR_030 → PAR_069 → PAR_111 → PAR_030,1.996,0.665,3_pares
PAR_027,PAR_030,PAR_090,PAR_027 → PAR_030 → PAR_090 → PAR_027,1.996,0.665,3_pares
PAR_029,PAR_037,PAR_038,PAR_029 → PAR_037 → PAR_038 → PAR_029,1.996,0.665,3_pares
PAR_003,PAR_027,PAR_114,PAR_003 → PAR_027 → PAR_114 → PAR_003,1.996,0.665,3_pares
PAR_021,PAR_058,PAR_024,PAR_021 → PAR_058 → PAR_024 → PAR_021,1.996,0.665,3_pares
PAR_015,PAR_053,PAR_032,PAR_015 → PAR_053 → PAR_032 → PAR_015,1.996,0.665,3_pares
PAR_015,PAR_053,PAR_034,PAR_015 → PAR_053 → PAR_034 → PAR_015,1.996,0.665,3_pares
PAR_021,PAR_061,PAR_091,PAR_021 → PAR_061 → PAR_091 → PAR_021,1.996,0.665,3_pares
PAR_021,PAR_034,PAR_030,PAR_021 → PAR_034 → PAR_030 → PAR_021,1.996,0.665,3_pares
PAR_101,PAR_111,PAR_103,PAR_101 → PAR_111 → PAR_103 → PAR_101,1.996,0.665,3_pares
PAR_091,PAR_092,PAR_099,PAR_091 → PAR_092 → PAR_099 → PAR_091,1.996,0.665,3_pares
PAR_015,PAR_103,PAR_110,PAR_015 → PAR_103 → PAR_110 → PAR_015,1.996,0.665,3_pares
PAR_064,PAR_070,PAR_111,PAR_064 → PAR_070 → PAR_111 → PAR_064,1.996,0.665,3_pares
PAR_029,PAR_109,PAR_099,PAR_029 → PAR_109 → PAR_099 → PAR_029,1.996,0.665,3_pares
PAR_040,PAR_075,PAR_109,PAR_040 → PAR_075 → PAR_109 → PAR_040,1.996,0.665,3_pares
PAR_040,PAR_070,PAR_053,PAR_040 → PAR_070 → PAR_053 → PAR_040,1.996,0.665,3_pares
PAR_058,PAR_097,PAR_061,PAR_058 → PAR_097 → PAR_061 → PAR_058,1.995,0.665,3_pares
PAR_025,PAR_080,PAR_034,PAR_025 → PAR_080 → PAR_034 → PAR_025,1.995,0.665,3_pares
PAR_032,PAR_070,PAR_064,PAR_032 → PAR_070 → PAR_064 → PAR_032,1.995,0.665,3_pares
PAR_007,PAR_032,PAR_034,PAR_007 → PAR_032 → PAR_034 → PAR_007,1.995,0.665,3_pares
PAR_094,PAR_103,PAR_097,PAR_094 → PAR_103 → PAR_097 → PAR_094,1.995,0.665,3_pares
PAR_021,PAR_040,PAR_037,PAR_021 → PAR_040 → PAR_037 → PAR_021,1.995,0.665,3_pares
PAR_046,PAR_058,PAR_064,PAR_046 → PAR_058 → PAR_064 → PAR_046,1.995,0.665,3_pares
PAR_021,PAR_096,PAR_029,PAR_021 → PAR_096 → PAR_029 → PAR_021,1.995,0.665,3_pares
PAR_034,PAR_112,PAR_109,PAR_034 → PAR_112 → PAR_109 → PAR_034,1.995,0.665,3_pares
PAR_021,PAR_099,PAR_112,PAR_021 → PAR_099 → PAR_112 → PAR_021,1.995,0.665,3_pares
PAR_002,PAR_027,PAR_037,PAR_002 → PAR_027 → PAR_037 → PAR_002,1.995,0.665,3_pares
PAR_021,PAR_097,PAR_029,PAR_021 → PAR_097 → PAR_029 → PAR_021,1.995,0.665,3_pares
PAR_027,PAR_045,PAR_053,PAR_027 → PAR_045 → PAR_053 → PAR_027,1.995,0.665,3_pares
PAR_058,PAR_067,PAR_109,PAR_058 → PAR_067 → PAR_109 → PAR_058,1.995,0.665,3_pares
PAR_027,PAR_061,PAR_067,PAR_027 → PAR_061 → PAR_067 → PAR_027,1.995,0.665,3_pares
PAR_027,PAR_103,PAR_093,PAR_027 → PAR_103 → PAR_093 → PAR_027,1.995,0.665,3_pares
PAR_038,PAR_070,PAR_101,PAR_038 → PAR_070 → PAR_101 → PAR_038,1.995,0.665,3_pares
PAR_033,PAR_111,PAR_037,PAR_033 → PAR_111 → PAR_037 → PAR_033,1.994,0.665,3_pares
PAR_046,PAR_099,PAR_058,PAR_046 → PAR_099 → PAR_058 → PAR_046,1.994,0.665,3_pares
PAR_075,PAR_111,PAR_091,PAR_075 → PAR_111 → PAR_091 → PAR_075,1.994,0.665,3_pares
PAR_033,PAR_092,PAR_099,PAR_033 → PAR_092 → PAR_099 → PAR_033,1.994,0.665,3_pares
PAR_034,PAR_064,PAR_110,PAR_034 → PAR_064 → PAR_110 → PAR_034,1.994,0.665,3_pares
PAR_021,PAR_040,PAR_075,PAR_021 → PAR_040 → PAR_075 → PAR_021,1.994,0.665,3_pares
PAR_007,PAR_076,PAR_027,PAR_007 → PAR_076 → PAR_027 → PAR_007,1.994,0.665,3_pares
PAR_027,PAR_058,PAR_109,PAR_027 → PAR_058 → PAR_109 → PAR_027,1.994,0.665,3_pares
PAR_021,PAR_099,PAR_029,PAR_021 → PAR_099 → PAR_029 → PAR_021,1.994,0.665,3_pares
PAR_034,PAR_092,PAR_091,PAR_034 → PAR_092 → PAR_091 → PAR_034,1.994,0.665,3_pares
PAR_058,PAR_061,PAR_111,PAR_058 → PAR_061 → PAR_111 → PAR_058,1.994,0.665,3_pares
PAR_002,PAR_027,PAR_075,PAR_002 → PAR_027 → PAR_075 → PAR_002,1.994,0.665,3_pares
PAR_037,PAR_053,PAR_102,PAR_037 → PAR_053 → PAR_102 → PAR_037,1.994,0.665,3_pares
PAR_034,PAR_040,PAR_069,PAR_034 → PAR_040 → PAR_069 → PAR_034,1.993,0.664,3_pares
PAR_094,PAR_111,PAR_103,PAR_094 → PAR_111 → PAR_103 → PAR_094,1.993,0.664,3_pares
PAR_027,PAR_099,PAR_117,PAR_027 → PAR_099 → PAR_117 → PAR_027,1.993,0.664,3_pares
PAR_027,PAR_103,PAR_073,PAR_027 → PAR_103 → PAR_073 → PAR_027,1.993,0.664,3_pares
PAR_032,PAR_090,PAR_034,PAR_032 → PAR_090 → PAR_034 → PAR_032,1.993,0.664,3_pares
PAR_033,PAR_034,PAR_037,PAR_033 → PAR_034 → PAR_037 → PAR_033,1.993,0.664,3_pares
PAR_053,PAR_058,PAR_092,PAR_053 → PAR_058 → PAR_092 → PAR_053,1.993,0.664,3_pares
PAR_027,PAR_034,PAR_117,PAR_027 → PAR_034 → PAR_117 → PAR_027,1.993,0.664,3_pares
PAR_029,PAR_070,PAR_067,PAR_029 → PAR_070 → PAR_067 → PAR_029,1.993,0.664,3_pares
PAR_029,PAR_069,PAR_111,PAR_029 → PAR_069 → PAR_111 → PAR_029,1.993,0.664,3_pares
PAR_058,PAR_101,PAR_111,PAR_058 → PAR_101 → PAR_111 → PAR_058,1.993,0.664,3_pares
PAR_032,PAR_070,PAR_034,PAR_032 → PAR_070 → PAR_034 → PAR_032,1.993,0.664,3_pares
PAR_016,PAR_070,PAR_034,PAR_016 → PAR_070 → PAR_034 → PAR_016,1.993,0.664,3_pares
PAR_027,PAR_109,PAR_090,PAR_027 → PAR_109 → PAR_090 → PAR_027,1.993,0.664,3_pares
PAR_021,PAR_065,PAR_101,PAR_021 → PAR_065 → PAR_101 → PAR_021,1.993,0.664,3_pares
PAR_021,PAR_027,PAR_058,PAR_021 → PAR_027 → PAR_058 → PAR_021,1.992,0.664,3_pares
PAR_032,PAR_061,PAR_058,PAR_032 → PAR_061 → PAR_058 → PAR_032,1.992,0.664,3_pares
PAR_027,PAR_046,PAR_068,PAR_027 → PAR_046 → PAR_068 → PAR_027,1.992,0.664,3_pares
PAR_033,PAR_034,PAR_075,PAR_033 → PAR_034 → PAR_075 → PAR_033,1.992,0.664,3_pares
PAR_016,PAR_021,PAR_109,PAR_016 → PAR_021 → PAR_109 → PAR_016,1.992,0.664,3_pares
PAR_061,PAR_099,PAR_091,PAR_061 → PAR_099 → PAR_091 → PAR_061,1.992,0.664,3_pares
PAR_058,PAR_097,PAR_094,PAR_058 → PAR_097 → PAR_094 → PAR_058,1.992,0.664,3_pares
PAR_053,PAR_109,PAR_065,PAR_053 → PAR_109 → PAR_065 → PAR_053,1.992,0.664,3_pares
PAR_030,PAR_075,PAR_111,PAR_030 → PAR_075 → PAR_111 → PAR_030,1.992,0.664,3_pares
PAR_027,PAR_057,PAR_038,PAR_027 → PAR_057 → PAR_038 → PAR_027,1.991,0.664,3_pares
PAR_030,PAR_038,PAR_094,PAR_030 → PAR_038 → PAR_094 → PAR_030,1.991,0.664,3_pares
PAR_021,PAR_090,PAR_027,PAR_021 → PAR_090 → PAR_027 → PAR_021,1.991,0.664,3_pares
PAR_021,PAR_033,PAR_094,PAR_021 → PAR_033 → PAR_094 → PAR_021,1.991,0.664,3_pares
PAR_003,PAR_027,PAR_029,PAR_003 → PAR_027 → PAR_029 → PAR_003,1.991,0.664,3_pares
PAR_002,PAR_109,PAR_103,PAR_002 → PAR_109 → PAR_103 → PAR_002,1.991,0.664,3_pares
PAR_027,PAR_076,PAR_090,PAR_027 → PAR_076 → PAR_090 → PAR_027,1.991,0.664,3_pares
PAR_069,PAR_111,PAR_076,PAR_069 → PAR_111 → PAR_076 → PAR_069,1.991,0.664,3_pares
PAR_021,PAR_046,PAR_040,PAR_021 → PAR_046 → PAR_040 → PAR_021,1.991,0.664,3_pares
PAR_015,PAR_103,PAR_109,PAR_015 → PAR_103 → PAR_109 → PAR_015,1.991,0.664,3_pares
PAR_002,PAR_027,PAR_061,PAR_002 → PAR_027 → PAR_061 → PAR_002,1.99,0.663,3_pares
PAR_037,PAR_053,PAR_091,PAR_037 → PAR_053 → PAR_091 → PAR_037,1.99,0.663,3_pares
PAR_051,PAR_091,PAR_070,PAR_051 → PAR_091 → PAR_070 → PAR_051,1.99,0.663,3_pares
PAR_029,PAR_094,PAR_040,PAR_029 → PAR_094 → PAR_040 → PAR_029,1.99,0.663,3_pares
PAR_038,PAR_109,PAR_061,PAR_038 → PAR_109 → PAR_061 → PAR_038,1.99,0.663,3_pares
PAR_007,PAR_097,PAR_027,PAR_007 → PAR_097 → PAR_027 → PAR_007,1.99,0.663,3_pares
PAR_015,PAR_053,PAR_024,PAR_015 → PAR_053 → PAR_024 → PAR_015,1.99,0.663,3_pares
PAR_046,PAR_053,PAR_103,PAR_046 → PAR_053 → PAR_103 → PAR_046,1.99,0.663,3_pares
PAR_052,PAR_091,PAR_070,PAR_052 → PAR_091 → PAR_070 → PAR_052,1.989,0.663,3_pares
PAR_033,PAR_037,PAR_053,PAR_033 → PAR_037 → PAR_053 → PAR_033,1.989,0.663,3_pares
PAR_037,PAR_076,PAR_111,PAR_037 → PAR_076 → PAR_111 → PAR_037,1.989,0.663,3_pares
PAR_027,PAR_058,PAR_064,PAR_027 → PAR_058 → PAR_064 → PAR_027,1.989,0.663,3_pares
PAR_025,PAR_028,PAR_034,PAR_025 → PAR_028 → PAR_034 → PAR_025,1.989,0.663,3_pares
PAR_007,PAR_064,PAR_027,PAR_007 → PAR_064 → PAR_027 → PAR_007,1.989,0.663,3_pares
PAR_021,PAR_064,PAR_097,PAR_021 → PAR_064 → PAR_097 → PAR_021,1.989,0.663,3_pares
PAR_032,PAR_094,PAR_058,PAR_032 → PAR_094 → PAR_058 → PAR_032,1.989,0.663,3_pares
PAR_033,PAR_061,PAR_099,PAR_033 → PAR_061 → PAR_099 → PAR_033,1.989,0.663,3_pares
PAR_038,PAR_109,PAR_101,PAR_038 → PAR_109 → PAR_101 → PAR_038,1.989,0.663,3_pares
PAR_034,PAR_040,PAR_075,PAR_034 → PAR_040 → PAR_075 → PAR_034,1.989,0.663,3_pares
PAR_037,PAR_038,PAR_111,PAR_037 → PAR_038 → PAR_111 → PAR_037,1.988,0.663,3_pares
PAR_046,PAR_053,PAR_058,PAR_046 → PAR_053 → PAR_058 → PAR_046,1.988,0.663,3_pares
PAR_021,PAR_064,PAR_099,PAR_021 → PAR_064 → PAR_099 → PAR_021,1.988,0.663,3_pares
PAR_033,PAR_034,PAR_046,PAR_033 → PAR_034 → PAR_046 → PAR_033,1.988,0.663,3_pares
PAR_038,PAR_092,PAR_099,PAR_038 → PAR_092 → PAR_099 → PAR_038,1.988,0.663,3_pares
PAR_021,PAR_099,PAR_097,PAR_021 → PAR_099 → PAR_097 → PAR_021,1.988,0.663,3_pares
PAR_025,PAR_080,PAR_027,PAR_025 → PAR_080 → PAR_027 → PAR_025,1.988,0.663,3_pares
PAR_027,PAR_061,PAR_103,PAR_027 → PAR_061 → PAR_103 → PAR_027,1.988,0.663,3_pares
PAR_024,PAR_070,PAR_111,PAR_024 → PAR_070 → PAR_111 → PAR_024,1.988,0.663,3_pares
PAR_053,PAR_120,PAR_065,PAR_053 → PAR_120 → PAR_065 → PAR_053,1.987,0.662,3_pares
PAR_046,PAR_065,PAR_099,PAR_046 → PAR_065 → PAR_099 → PAR_046,1.987,0.662,3_pares
PAR_027,PAR_091,PAR_037,PAR_027 → PAR_091 → PAR_037 → PAR_027,1.987,0.662,3_pares
PAR_027,PAR_097,PAR_090,PAR_027 → PAR_097 → PAR_090 → PAR_027,1.987,0.662,3_pares
PAR_032,PAR_034,PAR_109,PAR_032 → PAR_034 → PAR_109 → PAR_032,1.987,0.662,3_pares
PAR_065,PAR_099,PAR_101,PAR_065 → PAR_099 → PAR_101 → PAR_065,1.987,0.662,3_pares
PAR_030,PAR_092,PAR_053,PAR_030 → PAR_092 → PAR_053 → PAR_030,1.987,0.662,3_pares
PAR_021,PAR_040,PAR_094,PAR_021 → PAR_040 → PAR_094 → PAR_021,1.987,0.662,3_pares
PAR_007,PAR_067,PAR_111,PAR_007 → PAR_067 → PAR_111 → PAR_007,1.987,0.662,3_pares
PAR_007,PAR_027,PAR_034,PAR_007 → PAR_027 → PAR_034 → PAR_007,1.987,0.662,3_pares
PAR_038,PAR_075,PAR_099,PAR_038 → PAR_075 → PAR_099 → PAR_038,1.987,0.662,3_pares
PAR_061,PAR_103,PAR_067,PAR_061 → PAR_103 → PAR_067 → PAR_061,1.987,0.662,3_pares
PAR_007,PAR_027,PAR_099,PAR_007 → PAR_027 → PAR_099 → PAR_007,1.987,0.662,3_pares
PAR_034,PAR_037,PAR_038,PAR_034 → PAR_037 → PAR_038 → PAR_034,1.987,0.662,3_pares
PAR_034,PAR_103,PAR_068,PAR_034 → PAR_103 → PAR_068 → PAR_034,1.987,0.662,3_pares
PAR_027,PAR_103,PAR_101,PAR_027 → PAR_103 → PAR_101 → PAR_027,1.987,0.662,3_pares
PAR_027,PAR_053,PAR_117,PAR_027 → PAR_053 → PAR_117 → PAR_027,1.987,0.662,3_pares
PAR_027,PAR_046,PAR_103,PAR_027 → PAR_046 → PAR_103 → PAR_027,1.987,0.662,3_pares
PAR_027,PAR_046,PAR_052,PAR_027 → PAR_046 → PAR_052 → PAR_027,1.987,0.662,3_pares
PAR_091,PAR_094,PAR_111,PAR_091 → PAR_094 → PAR_111 → PAR_091,1.987,0.662,3_pares
PAR_038,PAR_075,PAR_111,PAR_038 → PAR_075 → PAR_111 → PAR_038,1.986,0.662,3_pares
PAR_045,PAR_053,PAR_103,PAR_045 → PAR_053 → PAR_103 → PAR_045,1.986,0.662,3_pares
PAR_027,PAR_058,PAR_032,PAR_027 → PAR_058 → PAR_032 → PAR_027,1.986,0.662,3_pares
PAR_058,PAR_109,PAR_103,PAR_058 → PAR_109 → PAR_103 → PAR_058,1.986,0.662,3_pares
PAR_033,PAR_094,PAR_099,PAR_033 → PAR_094 → PAR_099 → PAR_033,1.986,0.662,3_pares
PAR_027,PAR_051,PAR_053,PAR_027 → PAR_051 → PAR_053 → PAR_027,1.986,0.662,3_pares
PAR_027,PAR_099,PAR_090,PAR_027 → PAR_099 → PAR_090 → PAR_027,1.986,0.662,3_pares
PAR_034,PAR_038,PAR_075,PAR_034 → PAR_038 → PAR_075 → PAR_034,1.986,0.662,3_pares
PAR_007,PAR_067,PAR_034,PAR_007 → PAR_067 → PAR_034 → PAR_007,1.986,0.662,3_pares
PAR_007,PAR_032,PAR_027,PAR_007 → PAR_032 → PAR_027 → PAR_007,1.986,0.662,3_pares
PAR_016,PAR_070,PAR_027,PAR_016 → PAR_070 → PAR_027 → PAR_016,1.985,0.662,3_pares
PAR_027,PAR_103,PAR_039,PAR_027 → PAR_103 → PAR_039 → PAR_027,1.985,0.662,3_pares
PAR_027,PAR_034,PAR_090,PAR_027 → PAR_034 → PAR_090 → PAR_027,1.985,0.662,3_pares
PAR_016,PAR_021,PAR_034,PAR_016 → PAR_021 → PAR_034 → PAR_016,1.985,0.662,3_pares
PAR_053,PAR_091,PAR_061,PAR_053 → PAR_091 → PAR_061 → PAR_053,1.985,0.662,3_pares
PAR_016,PAR_090,PAR_027,PAR_016 → PAR_090 → PAR_027 → PAR_016,1.985,0.662,3_pares
PAR_003,PAR_027,PAR_097,PAR_003 → PAR_027 → PAR_097 → PAR_003,1.985,0.662,3_pares
PAR_051,PAR_053,PAR_067,PAR_051 → PAR_053 → PAR_067 → PAR_051,1.985,0.662,3_pares
PAR_021,PAR_034,PAR_032,PAR_021 → PAR_034 → PAR_032 → PAR_021,1.985,0.662,3_pares
PAR_030,PAR_094,PAR_111,PAR_030 → PAR_094 → PAR_111 → PAR_030,1.985,0.662,3_pares
PAR_058,PAR_068,PAR_111,PAR_058 → PAR_068 → PAR_111 → PAR_058,1.984,0.661,3_pares
PAR_012,PAR_038,PAR_029,PAR_012 → PAR_038 → PAR_029 → PAR_012,1.984,0.661,3_pares
PAR_015,PAR_103,PAR_034,PAR_015 → PAR_103 → PAR_034 → PAR_015,1.984,0.661,3_pares
PAR_027,PAR_061,PAR_102,PAR_027 → PAR_061 → PAR_102 → PAR_027,1.984,0.661,3_pares
PAR_045,PAR_053,PAR_058,PAR_045 → PAR_053 → PAR_058 → PAR_045,1.984,0.661,3_pares
PAR_021,PAR_109,PAR_027,PAR_021 → PAR_109 → PAR_027 → PAR_021,1.984,0.661,3_pares
PAR_024,PAR_065,PAR_099,PAR_024 → PAR_065 → PAR_099 → PAR_024,1.984,0.661,3_pares
PAR_040,PAR_092,PAR_053,PAR_040 → PAR_092 → PAR_053 → PAR_040,1.984,0.661,3_pares
PAR_037,PAR_097,PAR_111,PAR_037 → PAR_097 → PAR_111 → PAR_037,1.984,0.661,3_pares
PAR_061,PAR_111,PAR_076,PAR_061 → PAR_111 → PAR_076 → PAR_061,1.984,0.661,3_pares
PAR_002,PAR_034,PAR_103,PAR_002 → PAR_034 → PAR_103 → PAR_002,1.984,0.661,3_pares
PAR_029,PAR_109,PAR_068,PAR_029 → PAR_109 → PAR_068 → PAR_029,1.983,0.661,3_pares
PAR_021,PAR_111,PAR_101,PAR_021 → PAR_111 → PAR_101 → PAR_021,1.983,0.661,3_pares
PAR_015,PAR_091,PAR_021,PAR_015 → PAR_091 → PAR_021 → PAR_015,1.983,0.661,3_pares
PAR_027,PAR_055,PAR_111,PAR_027 → PAR_055 → PAR_111 → PAR_027,1.983,0.661,3_pares
PAR_046,PAR_076,PAR_111,PAR_046 → PAR_076 → PAR_111 → PAR_046,1.983,0.661,3_pares
PAR_021,PAR_052,PAR_058,PAR_021 → PAR_052 → PAR_058 → PAR_021,1.983,0.661,3_pares
PAR_033,PAR_061,PAR_053,PAR_033 → PAR_061 → PAR_053 → PAR_033,1.983,0.661,3_pares
PAR_034,PAR_040,PAR_094,PAR_034 → PAR_040 → PAR_094 → PAR_034,1.982,0.661,3_pares
PAR_024,PAR_109,PAR_099,PAR_024 → PAR_109 → PAR_099 → PAR_024,1.982,0.661,3_pares
PAR_027,PAR_058,PAR_053,PAR_027 → PAR_058 → PAR_053 → PAR_027,1.982,0.661,3_pares
PAR_029,PAR_094,PAR_111,PAR_029 → PAR_094 → PAR_111 → PAR_029,1.982,0.661,3_pares
PAR_029,PAR_094,PAR_032,PAR_029 → PAR_094 → PAR_032 → PAR_029,1.982,0.661,3_pares
PAR_034,PAR_046,PAR_038,PAR_034 → PAR_046 → PAR_038 → PAR_034,1.982,0.661,3_pares
PAR_034,PAR_099,PAR_097,PAR_034 → PAR_099 → PAR_097 → PAR_034,1.982,0.661,3_pares
PAR_018,PAR_103,PAR_027,PAR_018 → PAR_103 → PAR_027 → PAR_018,1.982,0.661,3_pares
PAR_053,PAR_076,PAR_092,PAR_053 → PAR_076 → PAR_092 → PAR_053,1.982,0.661,3_pares
PAR_015,PAR_099,PAR_058,PAR_015 → PAR_099 → PAR_058 → PAR_015,1.982,0.661,3_pares
PAR_016,PAR_111,PAR_037,PAR_016 → PAR_111 → PAR_037 → PAR_016,1.982,0.661,3_pares
PAR_040,PAR_070,PAR_058,PAR_040 → PAR_070 → PAR_058 → PAR_040,1.982,0.661,3_pares
PAR_003,PAR_027,PAR_016,PAR_003 → PAR_027 → PAR_016 → PAR_003,1.982,0.661,3_pares
PAR_051,PAR_099,PAR_058,PAR_051 → PAR_099 → PAR_058 → PAR_051,1.981,0.66,3_pares
PAR_007,PAR_027,PAR_053,PAR_007 → PAR_027 → PAR_053 → PAR_007,1.981,0.66,3_pares
PAR_021,PAR_064,PAR_024,PAR_021 → PAR_064 → PAR_024 → PAR_021,1.981,0.66,3_pares
PAR_058,PAR_064,PAR_103,PAR_058 → PAR_064 → PAR_103 → PAR_058,1.981,0.66,3_pares
PAR_053,PAR_101,PAR_065,PAR_053 → PAR_101 → PAR_065 → PAR_053,1.981,0.66,3_pares
PAR_027,PAR_069,PAR_038,PAR_027 → PAR_069 → PAR_038 → PAR_027,1.981,0.66,3_pares
PAR_027,PAR_046,PAR_085,PAR_027 → PAR_046 → PAR_085 → PAR_027,1.981,0.66,3_pares
PAR_029,PAR_070,PAR_102,PAR_029 → PAR_070 → PAR_102 → PAR_029,1.981,0.66,3_pares
PAR_103,PAR_110,PAR_109,PAR_103 → PAR_110 → PAR_109 → PAR_103,1.981,0.66,3_pares
PAR_016,PAR_075,PAR_111,PAR_016 → PAR_075 → PAR_111 → PAR_016,1.981,0.66,3_pares
PAR_058,PAR_117,PAR_111,PAR_058 → PAR_117 → PAR_111 → PAR_058,1.981,0.66,3_pares
PAR_027,PAR_033,PAR_061,PAR_027 → PAR_033 → PAR_061 → PAR_027,1.981,0.66,3_pares
PAR_005,PAR_027,PAR_099,PAR_005 → PAR_027 → PAR_099 → PAR_005,1.981,0.66,3_pares
PAR_016,PAR_029,PAR_094,PAR_016 → PAR_029 → PAR_094 → PAR_016,1.981,0.66,3_pares
PAR_007,PAR_024,PAR_027,PAR_007 → PAR_024 → PAR_027 → PAR_007,1.981,0.66,3_pares
PAR_065,PAR_091,PAR_070,PAR_065 → PAR_091 → PAR_070 → PAR_065,1.981,0.66,3_pares
PAR_032,PAR_075,PAR_111,PAR_032 → PAR_075 → PAR_111 → PAR_032,1.981,0.66,3_pares
PAR_024,PAR_034,PAR_109,PAR_024 → PAR_034 → PAR_109 → PAR_024,1.981,0.66,3_pares
PAR_028,PAR_038,PAR_109,PAR_028 → PAR_038 → PAR_109 → PAR_028,1.981,0.66,3_pares
PAR_027,PAR_120,PAR_109,PAR_027 → PAR_120 → PAR_109 → PAR_027,1.98,0.66,3_pares
PAR_027,PAR_096,PAR_109,PAR_027 → PAR_096 → PAR_109 → PAR_027,1.98,0.66,3_pares
PAR_038,PAR_094,PAR_099,PAR_038 → PAR_094 → PAR_099 → PAR_038,1.98,0.66,3_pares
PAR_038,PAR_109,PAR_068,PAR_038 → PAR_109 → PAR_068 → PAR_038,1.98,0.66,3_pares
PAR_052,PAR_064,PAR_058,PAR_052 → PAR_064 → PAR_058 → PAR_052,1.98,0.66,3_pares
PAR_027,PAR_037,PAR_076,PAR_027 → PAR_037 → PAR_076 → PAR_027,1.98,0.66,3_pares
PAR_038,PAR_070,PAR_052,PAR_038 → PAR_070 → PAR_052 → PAR_038,1.98,0.66,3_pares
PAR_034,PAR_038,PAR_094,PAR_034 → PAR_038 → PAR_094 → PAR_034,1.98,0.66,3_pares
PAR_021,PAR_099,PAR_024,PAR_021 → PAR_099 → PAR_024 → PAR_021,1.98,0.66,3_pares
PAR_005,PAR_027,PAR_034,PAR_005 → PAR_027 → PAR_034 → PAR_005,1.98,0.66,3_pares
PAR_027,PAR_053,PAR_090,PAR_027 → PAR_053 → PAR_090 → PAR_027,1.98,0.66,3_pares
PAR_067,PAR_109,PAR_099,PAR_067 → PAR_109 → PAR_099 → PAR_067,1.979,0.66,3_pares
PAR_027,PAR_075,PAR_076,PAR_027 → PAR_075 → PAR_076 → PAR_027,1.979,0.66,3_pares
PAR_051,PAR_099,PAR_091,PAR_051 → PAR_099 → PAR_091 → PAR_051,1.979,0.66,3_pares
PAR_038,PAR_094,PAR_111,PAR_038 → PAR_094 → PAR_111 → PAR_038,1.979,0.66,3_pares
PAR_058,PAR_110,PAR_109,PAR_058 → PAR_110 → PAR_109 → PAR_058,1.979,0.66,3_pares
PAR_052,PAR_111,PAR_058,PAR_052 → PAR_111 → PAR_058 → PAR_052,1.979,0.66,3_pares
PAR_037,PAR_058,PAR_102,PAR_037 → PAR_058 → PAR_102 → PAR_037,1.979,0.66,3_pares
PAR_053,PAR_097,PAR_092,PAR_053 → PAR_097 → PAR_092 → PAR_053,1.978,0.659,3_pares
PAR_015,PAR_053,PAR_103,PAR_015 → PAR_053 → PAR_103 → PAR_015,1.978,0.659,3_pares
PAR_015,PAR_091,PAR_034,PAR_015 → PAR_091 → PAR_034 → PAR_015,1.978,0.659,3_pares
PAR_015,PAR_091,PAR_111,PAR_015 → PAR_091 → PAR_111 → PAR_015,1.978,0.659,3_pares
PAR_024,PAR_065,PAR_053,PAR_024 → PAR_065 → PAR_053 → PAR_024,1.978,0.659,3_pares
PAR_027,PAR_109,PAR_032,PAR_027 → PAR_109 → PAR_032 → PAR_027,1.978,0.659,3_pares
PAR_015,PAR_103,PAR_024,PAR_015 → PAR_103 → PAR_024 → PAR_015,1.978,0.659,3_pares
PAR_034,PAR_046,PAR_097,PAR_034 → PAR_046 → PAR_097 → PAR_034,1.978,0.659,3_pares
PAR_046,PAR_097,PAR_111,PAR_046 → PAR_097 → PAR_111 → PAR_046,1.978,0.659,3_pares
PAR_027,PAR_058,PAR_067,PAR_027 → PAR_058 → PAR_067 → PAR_027,1.978,0.659,3_pares
PAR_094,PAR_097,PAR_111,PAR_094 → PAR_097 → PAR_111 → PAR_094,1.977,0.659,3_pares
PAR_014,PAR_111,PAR_103,PAR_014 → PAR_111 → PAR_103 → PAR_014,1.977,0.659,3_pares
PAR_021,PAR_034,PAR_027,PAR_021 → PAR_034 → PAR_027 → PAR_021,1.977,0.659,3_pares
PAR_021,PAR_058,PAR_110,PAR_021 → PAR_058 → PAR_110 → PAR_021,1.977,0.659,3_pares
PAR_032,PAR_061,PAR_111,PAR_032 → PAR_061 → PAR_111 → PAR_032,1.977,0.659,3_pares
PAR_032,PAR_034,PAR_046,PAR_032 → PAR_034 → PAR_046 → PAR_032,1.977,0.659,3_pares
PAR_021,PAR_032,PAR_027,PAR_021 → PAR_032 → PAR_027 → PAR_021,1.976,0.659,3_pares
PAR_068,PAR_111,PAR_109,PAR_068 → PAR_111 → PAR_109 → PAR_068,1.976,0.659,3_pares
PAR_070,PAR_111,PAR_103,PAR_070 → PAR_111 → PAR_103 → PAR_070,1.976,0.659,3_pares
PAR_027,PAR_099,PAR_093,PAR_027 → PAR_099 → PAR_093 → PAR_027,1.976,0.659,3_pares
PAR_027,PAR_034,PAR_093,PAR_027 → PAR_034 → PAR_093 → PAR_027,1.976,0.659,3_pares
PAR_024,PAR_034,PAR_064,PAR_024 → PAR_034 → PAR_064 → PAR_024,1.976,0.659,3_pares
PAR_027,PAR_037,PAR_097,PAR_027 → PAR_037 → PAR_097 → PAR_027,1.976,0.659,3_pares
PAR_067,PAR_069,PAR_111,PAR_067 → PAR_069 → PAR_111 → PAR_067,1.976,0.659,3_pares
PAR_015,PAR_053,PAR_058,PAR_015 → PAR_053 → PAR_058 → PAR_015,1.976,0.659,3_pares
PAR_021,PAR_052,PAR_029,PAR_021 → PAR_052 → PAR_029 → PAR_021,1.975,0.658,3_pares
PAR_007,PAR_102,PAR_034,PAR_007 → PAR_102 → PAR_034 → PAR_007,1.975,0.658,3_pares
PAR_027,PAR_075,PAR_097,PAR_027 → PAR_075 → PAR_097 → PAR_027,1.975,0.658,3_pares
PAR_027,PAR_101,PAR_109,PAR_027 → PAR_101 → PAR_109 → PAR_027,1.975,0.658,3_pares
PAR_053,PAR_103,PAR_058,PAR_053 → PAR_103 → PAR_058 → PAR_053,1.974,0.658,3_pares
PAR_027,PAR_061,PAR_076,PAR_027 → PAR_061 → PAR_076 → PAR_027,1.974,0.658,3_pares
PAR_005,PAR_027,PAR_053,PAR_005 → PAR_027 → PAR_053 → PAR_005,1.974,0.658,3_pares
PAR_021,PAR_027,PAR_101,PAR_021 → PAR_027 → PAR_101 → PAR_021,1.974,0.658,3_pares
PAR_052,PAR_053,PAR_058,PAR_052 → PAR_053 → PAR_058 → PAR_052,1.974,0.658,3_pares
PAR_014,PAR_111,PAR_058,PAR_014 → PAR_111 → PAR_058 → PAR_014,1.974,0.658,3_pares
PAR_016,PAR_094,PAR_111,PAR_016 → PAR_094 → PAR_111 → PAR_016,1.974,0.658,3_pares
PAR_034,PAR_103,PAR_110,PAR_034 → PAR_103 → PAR_110 → PAR_034,1.974,0.658,3_pares
PAR_027,PAR_046,PAR_109,PAR_027 → PAR_046 → PAR_109 → PAR_027,1.974,0.658,3_pares
PAR_028,PAR_038,PAR_111,PAR_028 → PAR_038 → PAR_111 → PAR_028,1.974,0.658,3_pares
PAR_016,PAR_027,PAR_037,PAR_016 → PAR_027 → PAR_037 → PAR_016,1.973,0.658,3_pares
PAR_064,PAR_067,PAR_111,PAR_064 → PAR_067 → PAR_111 → PAR_064,1.973,0.658,3_pares
PAR_021,PAR_027,PAR_046,PAR_021 → PAR_027 → PAR_046 → PAR_021,1.973,0.658,3_pares
PAR_070,PAR_111,PAR_102,PAR_070 → PAR_111 → PAR_102 → PAR_070,1.973,0.658,3_pares
PAR_032,PAR_094,PAR_111,PAR_032 → PAR_094 → PAR_111 → PAR_032,1.973,0.658,3_pares
PAR_012,PAR_027,PAR_033,PAR_012 → PAR_027 → PAR_033 → PAR_012,1.973,0.658,3_pares
PAR_027,PAR_034,PAR_099,PAR_027 → PAR_034 → PAR_099 → PAR_027,1.973,0.658,3_pares
PAR_027,PAR_075,PAR_111,PAR_027 → PAR_075 → PAR_111 → PAR_027,1.973,0.658,3_pares
PAR_027,PAR_073,PAR_111,PAR_027 → PAR_073 → PAR_111 → PAR_027,1.973,0.658,3_pares
PAR_028,PAR_038,PAR_034,PAR_028 → PAR_038 → PAR_034 → PAR_028,1.973,0.658,3_pares
PAR_064,PAR_091,PAR_070,PAR_064 → PAR_091 → PAR_070 → PAR_064,1.972,0.657,3_pares
PAR_021,PAR_109,PAR_102,PAR_021 → PAR_109 → PAR_102 → PAR_021,1.972,0.657,3_pares
PAR_067,PAR_075,PAR_111,PAR_067 → PAR_075 → PAR_111 → PAR_067,1.972,0.657,3_pares
PAR_007,PAR_091,PAR_111,PAR_007 → PAR_091 → PAR_111 → PAR_007,1.972,0.657,3_pares
PAR_034,PAR_068,PAR_038,PAR_034 → PAR_068 → PAR_038 → PAR_034,1.972,0.657,3_pares
PAR_034,PAR_064,PAR_067,PAR_034 → PAR_064 → PAR_067 → PAR_034,1.972,0.657,3_pares
PAR_002,PAR_027,PAR_058,PAR_002 → PAR_027 → PAR_058 → PAR_002,1.972,0.657,3_pares
PAR_016,PAR_027,PAR_075,PAR_016 → PAR_027 → PAR_075 → PAR_016,1.972,0.657,3_pares
PAR_002,PAR_021,PAR_064,PAR_002 → PAR_021 → PAR_064 → PAR_002,1.972,0.657,3_pares
PAR_007,PAR_091,PAR_034,PAR_007 → PAR_091 → PAR_034 → PAR_007,1.972,0.657,3_pares
PAR_015,PAR_099,PAR_076,PAR_015 → PAR_099 → PAR_076 → PAR_015,1.972,0.657,3_pares
PAR_015,PAR_053,PAR_030,PAR_015 → PAR_053 → PAR_030 → PAR_015,1.971,0.657,3_pares
PAR_037,PAR_058,PAR_040,PAR_037 → PAR_058 → PAR_040 → PAR_037,1.971,0.657,3_pares
PAR_058,PAR_065,PAR_099,PAR_058 → PAR_065 → PAR_099 → PAR_058,1.971,0.657,3_pares
PAR_027,PAR_092,PAR_032,PAR_027 → PAR_092 → PAR_032 → PAR_027,1.971,0.657,3_pares
PAR_027,PAR_061,PAR_097,PAR_027 → PAR_061 → PAR_097 → PAR_027,1.971,0.657,3_pares
PAR_051,PAR_099,PAR_076,PAR_051 → PAR_099 → PAR_076 → PAR_051,1.971,0.657,3_pares
PAR_026,PAR_091,PAR_034,PAR_026 → PAR_091 → PAR_034 → PAR_026,1.971,0.657,3_pares
PAR_034,PAR_099,PAR_067,PAR_034 → PAR_099 → PAR_067 → PAR_034,1.971,0.657,3_pares
PAR_027,PAR_053,PAR_093,PAR_027 → PAR_053 → PAR_093 → PAR_027,1.97,0.657,3_pares
PAR_029,PAR_109,PAR_110,PAR_029 → PAR_109 → PAR_110 → PAR_029,1.97,0.657,3_pares
PAR_015,PAR_032,PAR_021,PAR_015 → PAR_032 → PAR_021 → PAR_015,1.97,0.657,3_pares
PAR_038,PAR_051,PAR_099,PAR_038 → PAR_051 → PAR_099 → PAR_038,1.97,0.657,3_pares
PAR_002,PAR_090,PAR_027,PAR_002 → PAR_090 → PAR_027 → PAR_002,1.97,0.657,3_pares
PAR_034,PAR_091,PAR_090,PAR_034 → PAR_091 → PAR_090 → PAR_034,1.97,0.657,3_pares
PAR_038,PAR_109,PAR_090,PAR_038 → PAR_109 → PAR_090 → PAR_038,1.97,0.657,3_pares
PAR_038,PAR_094,PAR_067,PAR_038 → PAR_094 → PAR_067 → PAR_038,1.97,0.657,3_pares
PAR_034,PAR_091,PAR_070,PAR_034 → PAR_091 → PAR_070 → PAR_034,1.97,0.657,3_pares
PAR_033,PAR_051,PAR_053,PAR_033 → PAR_051 → PAR_053 → PAR_033,1.969,0.656,3_pares
PAR_034,PAR_103,PAR_109,PAR_034 → PAR_103 → PAR_109 → PAR_034,1.969,0.656,3_pares
PAR_027,PAR_061,PAR_111,PAR_027 → PAR_061 → PAR_111 → PAR_027,1.969,0.656,3_pares
PAR_033,PAR_070,PAR_111,PAR_033 → PAR_070 → PAR_111 → PAR_033,1.969,0.656,3_pares
PAR_027,PAR_046,PAR_099,PAR_027 → PAR_046 → PAR_099 → PAR_027,1.969,0.656,3_pares
PAR_027,PAR_046,PAR_064,PAR_027 → PAR_046 → PAR_064 → PAR_027,1.969,0.656,3_pares
PAR_027,PAR_101,PAR_111,PAR_027 → PAR_101 → PAR_111 → PAR_027,1.969,0.656,3_pares
PAR_027,PAR_067,PAR_109,PAR_027 → PAR_067 → PAR_109 → PAR_027,1.969,0.656,3_pares
PAR_061,PAR_111,PAR_067,PAR_061 → PAR_111 → PAR_067 → PAR_061,1.969,0.656,3_pares
PAR_068,PAR_111,PAR_099,PAR_068 → PAR_111 → PAR_099 → PAR_068,1.969,0.656,3_pares
PAR_027,PAR_034,PAR_046,PAR_027 → PAR_034 → PAR_046 → PAR_027,1.969,0.656,3_pares
PAR_058,PAR_109,PAR_099,PAR_058 → PAR_109 → PAR_099 → PAR_058,1.968,0.656,3_pares
PAR_015,PAR_053,PAR_040,PAR_015 → PAR_053 → PAR_040 → PAR_015,1.968,0.656,3_pares
PAR_040,PAR_061,PAR_103,PAR_040 → PAR_061 → PAR_103 → PAR_040,1.968,0.656,3_pares
PAR_065,PAR_099,PAR_085,PAR_065 → PAR_099 → PAR_085 → PAR_065,1.968,0.656,3_pares
PAR_027,PAR_103,PAR_090,PAR_027 → PAR_103 → PAR_090 → PAR_027,1.968,0.656,3_pares
PAR_027,PAR_103,PAR_085,PAR_027 → PAR_103 → PAR_085 → PAR_027,1.968,0.656,3_pares
PAR_016,PAR_027,PAR_061,PAR_016 → PAR_027 → PAR_061 → PAR_016,1.968,0.656,3_pares
PAR_034,PAR_068,PAR_111,PAR_034 → PAR_068 → PAR_111 → PAR_034,1.968,0.656,3_pares
PAR_002,PAR_034,PAR_064,PAR_002 → PAR_034 → PAR_064 → PAR_002,1.967,0.656,3_pares
PAR_027,PAR_109,PAR_068,PAR_027 → PAR_109 → PAR_068 → PAR_027,1.967,0.656,3_pares
PAR_021,PAR_052,PAR_032,PAR_021 → PAR_052 → PAR_032 → PAR_021,1.967,0.656,3_pares
PAR_027,PAR_046,PAR_032,PAR_027 → PAR_046 → PAR_032 → PAR_027,1.967,0.656,3_pares
PAR_034,PAR_046,PAR_067,PAR_034 → PAR_046 → PAR_067 → PAR_034,1.967,0.656,3_pares
PAR_021,PAR_058,PAR_097,PAR_021 → PAR_058 → PAR_097 → PAR_021,1.967,0.656,3_pares
PAR_027,PAR_092,PAR_053,PAR_027 → PAR_092 → PAR_053 → PAR_027,1.967,0.656,3_pares
PAR_021,PAR_058,PAR_064,PAR_021 → PAR_058 → PAR_064 → PAR_021,1.967,0.656,3_pares
PAR_007,PAR_040,PAR_111,PAR_007 → PAR_040 → PAR_111 → PAR_007,1.967,0.656,3_pares
PAR_032,PAR_109,PAR_058,PAR_032 → PAR_109 → PAR_058 → PAR_032,1.966,0.655,3_pares
PAR_016,PAR_021,PAR_052,PAR_016 → PAR_021 → PAR_052 → PAR_016,1.966,0.655,3_pares
PAR_021,PAR_099,PAR_058,PAR_021 → PAR_099 → PAR_058 → PAR_021,1.966,0.655,3_pares
PAR_015,PAR_053,PAR_076,PAR_015 → PAR_053 → PAR_076 → PAR_015,1.966,0.655,3_pares
PAR_012,PAR_027,PAR_038,PAR_012 → PAR_027 → PAR_038 → PAR_012,1.966,0.655,3_pares
PAR_027,PAR_053,PAR_032,PAR_027 → PAR_053 → PAR_032 → PAR_027,1.965,0.655,3_pares
PAR_034,PAR_040,PAR_090,PAR_034 → PAR_040 → PAR_090 → PAR_034,1.965,0.655,3_pares
PAR_015,PAR_032,PAR_034,PAR_015 → PAR_032 → PAR_034 → PAR_015,1.965,0.655,3_pares
PAR_040,PAR_061,PAR_058,PAR_040 → PAR_061 → PAR_058 → PAR_040,1.965,0.655,3_pares
PAR_040,PAR_094,PAR_103,PAR_040 → PAR_094 → PAR_103 → PAR_040,1.965,0.655,3_pares
PAR_053,PAR_058,PAR_065,PAR_053 → PAR_058 → PAR_065 → PAR_053,1.965,0.655,3_pares
PAR_034,PAR_040,PAR_070,PAR_034 → PAR_040 → PAR_070 → PAR_034,1.965,0.655,3_pares
PAR_002,PAR_111,PAR_034,PAR_002 → PAR_111 → PAR_034 → PAR_002,1.965,0.655,3_pares
PAR_029,PAR_109,PAR_076,PAR_029 → PAR_109 → PAR_076 → PAR_029,1.965,0.655,3_pares
PAR_021,PAR_112,PAR_029,PAR_021 → PAR_112 → PAR_029 → PAR_021,1.964,0.655,3_pares
PAR_021,PAR_109,PAR_040,PAR_021 → PAR_109 → PAR_040 → PAR_021,1.964,0.655,3_pares
PAR_053,PAR_091,PAR_070,PAR_053 → PAR_091 → PAR_070 → PAR_053,1.964,0.655,3_pares
PAR_053,PAR_109,PAR_103,PAR_053 → PAR_109 → PAR_103 → PAR_053,1.964,0.655,3_pares
PAR_027,PAR_037,PAR_067,PAR_027 → PAR_037 → PAR_067 → PAR_027,1.964,0.655,3_pares
PAR_034,PAR_064,PAR_103,PAR_034 → PAR_064 → PAR_103 → PAR_034,1.964,0.655,3_pares
PAR_024,PAR_109,PAR_103,PAR_024 → PAR_109 → PAR_103 → PAR_024,1.963,0.654,3_pares
PAR_026,PAR_091,PAR_027,PAR_026 → PAR_091 → PAR_027 → PAR_026,1.963,0.654,3_pares
PAR_030,PAR_038,PAR_037,PAR_030 → PAR_038 → PAR_037 → PAR_030,1.963,0.654,3_pares
PAR_065,PAR_099,PAR_112,PAR_065 → PAR_099 → PAR_112 → PAR_065,1.963,0.654,3_pares
PAR_005,PAR_027,PAR_103,PAR_005 → PAR_027 → PAR_103 → PAR_005,1.963,0.654,3_pares
PAR_021,PAR_111,PAR_085,PAR_021 → PAR_111 → PAR_085 → PAR_021,1.963,0.654,3_pares
PAR_038,PAR_070,PAR_111,PAR_038 → PAR_070 → PAR_111 → PAR_038,1.962,0.654,3_pares
PAR_029,PAR_065,PAR_099,PAR_029 → PAR_065 → PAR_099 → PAR_029,1.962,0.654,3_pares
PAR_069,PAR_111,PAR_091,PAR_069 → PAR_111 → PAR_091 → PAR_069,1.962,0.654,3_pares
PAR_034,PAR_038,PAR_070,PAR_034 → PAR_038 → PAR_070 → PAR_034,1.962,0.654,3_pares
PAR_027,PAR_046,PAR_053,PAR_027 → PAR_046 → PAR_053 → PAR_027,1.962,0.654,3_pares
PAR_058,PAR_064,PAR_099,PAR_058 → PAR_064 → PAR_099 → PAR_058,1.962,0.654,3_pares
PAR_038,PAR_094,PAR_103,PAR_038 → PAR_094 → PAR_103 → PAR_038,1.962,0.654,3_pares
PAR_021,PAR_034,PAR_091,PAR_021 → PAR_034 → PAR_091 → PAR_021,1.962,0.654,3_pares
PAR_027,PAR_091,PAR_090,PAR_027 → PAR_091 → PAR_090 → PAR_027,1.962,0.654,3_pares
PAR_053,PAR_109,PAR_058,PAR_053 → PAR_109 → PAR_058 → PAR_053,1.962,0.654,3_pares
PAR_053,PAR_085,PAR_065,PAR_053 → PAR_085 → PAR_065 → PAR_053,1.962,0.654,3_pares
PAR_029,PAR_069,PAR_038,PAR_029 → PAR_069 → PAR_038 → PAR_029,1.962,0.654,3_pares
PAR_040,PAR_094,PAR_058,PAR_040 → PAR_094 → PAR_058 → PAR_040,1.962,0.654,3_pares
PAR_021,PAR_111,PAR_110,PAR_021 → PAR_111 → PAR_110 → PAR_021,1.961,0.654,3_pares
PAR_030,PAR_109,PAR_034,PAR_030 → PAR_109 → PAR_034 → PAR_030,1.961,0.654,3_pares
PAR_030,PAR_038,PAR_075,PAR_030 → PAR_038 → PAR_075 → PAR_030,1.961,0.654,3_pares
PAR_015,PAR_103,PAR_091,PAR_015 → PAR_103 → PAR_091 → PAR_015,1.961,0.654,3_pares
PAR_067,PAR_109,PAR_103,PAR_067 → PAR_109 → PAR_103 → PAR_067,1.96,0.653,3_pares
PAR_030,PAR_065,PAR_053,PAR_030 → PAR_065 → PAR_053 → PAR_030,1.96,0.653,3_pares
PAR_065,PAR_099,PAR_076,PAR_065 → PAR_099 → PAR_076 → PAR_065,1.96,0.653,3_pares
PAR_021,PAR_065,PAR_099,PAR_021 → PAR_065 → PAR_099 → PAR_021,1.96,0.653,3_pares
PAR_075,PAR_111,PAR_102,PAR_075 → PAR_111 → PAR_102 → PAR_075,1.96,0.653,3_pares
PAR_021,PAR_058,PAR_053,PAR_021 → PAR_058 → PAR_053 → PAR_021,1.96,0.653,3_pares
PAR_034,PAR_099,PAR_102,PAR_034 → PAR_099 → PAR_102 → PAR_034,1.96,0.653,3_pares
PAR_027,PAR_099,PAR_068,PAR_027 → PAR_099 → PAR_068 → PAR_027,1.96,0.653,3_pares
PAR_029,PAR_109,PAR_097,PAR_029 → PAR_109 → PAR_097 → PAR_029,1.96,0.653,3_pares
PAR_021,PAR_052,PAR_027,PAR_021 → PAR_052 → PAR_027 → PAR_021,1.959,0.653,3_pares
PAR_053,PAR_064,PAR_103,PAR_053 → PAR_064 → PAR_103 → PAR_053,1.959,0.653,3_pares
PAR_027,PAR_034,PAR_068,PAR_027 → PAR_034 → PAR_068 → PAR_027,1.959,0.653,3_pares
PAR_029,PAR_094,PAR_091,PAR_029 → PAR_094 → PAR_091 → PAR_029,1.959,0.653,3_pares
PAR_038,PAR_109,PAR_093,PAR_038 → PAR_109 → PAR_093 → PAR_038,1.959,0.653,3_pares
PAR_015,PAR_099,PAR_027,PAR_015 → PAR_099 → PAR_027 → PAR_015,1.958,0.653,3_pares
PAR_021,PAR_064,PAR_029,PAR_021 → PAR_064 → PAR_029 → PAR_021,1.958,0.653,3_pares
PAR_029,PAR_109,PAR_032,PAR_029 → PAR_109 → PAR_032 → PAR_029,1.958,0.653,3_pares
PAR_034,PAR_099,PAR_091,PAR_034 → PAR_099 → PAR_091 → PAR_034,1.958,0.653,3_pares
PAR_076,PAR_109,PAR_099,PAR_076 → PAR_109 → PAR_099 → PAR_076,1.958,0.653,3_pares
PAR_003,PAR_027,PAR_033,PAR_003 → PAR_027 → PAR_033 → PAR_003,1.958,0.653,3_pares
PAR_027,PAR_117,PAR_111,PAR_027 → PAR_117 → PAR_111 → PAR_027,1.957,0.652,3_pares
PAR_027,PAR_051,PAR_099,PAR_027 → PAR_051 → PAR_099 → PAR_027,1.957,0.652,3_pares
PAR_038,PAR_111,PAR_109,PAR_038 → PAR_111 → PAR_109 → PAR_038,1.957,0.652,3_pares
PAR_021,PAR_034,PAR_040,PAR_021 → PAR_034 → PAR_040 → PAR_021,1.957,0.652,3_pares
PAR_034,PAR_103,PAR_053,PAR_034 → PAR_103 → PAR_053 → PAR_034,1.957,0.652,3_pares
PAR_040,PAR_069,PAR_111,PAR_040 → PAR_069 → PAR_111 → PAR_040,1.957,0.652,3_pares
PAR_021,PAR_111,PAR_112,PAR_021 → PAR_111 → PAR_112 → PAR_021,1.957,0.652,3_pares
PAR_005,PAR_038,PAR_111,PAR_005 → PAR_038 → PAR_111 → PAR_005,1.957,0.652,3_pares
PAR_016,PAR_070,PAR_111,PAR_016 → PAR_070 → PAR_111 → PAR_016,1.957,0.652,3_pares
PAR_027,PAR_058,PAR_076,PAR_027 → PAR_058 → PAR_076 → PAR_027,1.957,0.652,3_pares
PAR_032,PAR_070,PAR_111,PAR_032 → PAR_070 → PAR_111 → PAR_032,1.957,0.652,3_pares
PAR_021,PAR_032,PAR_029,PAR_021 → PAR_032 → PAR_029 → PAR_021,1.956,0.652,3_pares
PAR_007,PAR_038,PAR_027,PAR_007 → PAR_038 → PAR_027 → PAR_007,1.956,0.652,3_pares
PAR_027,PAR_085,PAR_109,PAR_027 → PAR_085 → PAR_109 → PAR_027,1.956,0.652,3_pares
PAR_005,PAR_038,PAR_034,PAR_005 → PAR_038 → PAR_034 → PAR_005,1.956,0.652,3_pares
PAR_015,PAR_032,PAR_027,PAR_015 → PAR_032 → PAR_027 → PAR_015,1.956,0.652,3_pares
PAR_015,PAR_099,PAR_067,PAR_015 → PAR_099 → PAR_067 → PAR_015,1.956,0.652,3_pares
PAR_064,PAR_065,PAR_099,PAR_064 → PAR_065 → PAR_099 → PAR_064,1.956,0.652,3_pares
PAR_024,PAR_034,PAR_103,PAR_024 → PAR_034 → PAR_103 → PAR_024,1.956,0.652,3_pares
PAR_038,PAR_065,PAR_101,PAR_038 → PAR_065 → PAR_101 → PAR_038,1.956,0.652,3_pares
PAR_034,PAR_046,PAR_102,PAR_034 → PAR_046 → PAR_102 → PAR_034,1.956,0.652,3_pares
PAR_053,PAR_064,PAR_058,PAR_053 → PAR_064 → PAR_058 → PAR_053,1.956,0.652,3_pares
PAR_027,PAR_029,PAR_090,PAR_027 → PAR_029 → PAR_090 → PAR_027,1.956,0.652,3_pares
PAR_029,PAR_065,PAR_053,PAR_029 → PAR_065 → PAR_053 → PAR_029,1.956,0.652,3_pares
PAR_034,PAR_076,PAR_109,PAR_034 → PAR_076 → PAR_109 → PAR_034,1.956,0.652,3_pares
PAR_002,PAR_027,PAR_034,PAR_002 → PAR_027 → PAR_034 → PAR_002,1.956,0.652,3_pares
PAR_033,PAR_034,PAR_099,PAR_033 → PAR_034 → PAR_099 → PAR_033,1.955,0.652,3_pares
PAR_051,PAR_099,PAR_067,PAR_051 → PAR_099 → PAR_067 → PAR_051,1.955,0.652,3_pares
PAR_024,PAR_038,PAR_070,PAR_024 → PAR_038 → PAR_070 → PAR_024,1.955,0.652,3_pares
PAR_061,PAR_111,PAR_091,PAR_061 → PAR_111 → PAR_091 → PAR_061,1.955,0.652,3_pares
PAR_053,PAR_076,PAR_065,PAR_053 → PAR_076 → PAR_065 → PAR_053,1.954,0.651,3_pares
PAR_021,PAR_027,PAR_085,PAR_021 → PAR_027 → PAR_085 → PAR_021,1.954,0.651,3_pares
PAR_027,PAR_053,PAR_068,PAR_027 → PAR_053 → PAR_068 → PAR_027,1.954,0.651,3_pares
PAR_097,PAR_109,PAR_099,PAR_097 → PAR_109 → PAR_099 → PAR_097,1.953,0.651,3_pares
PAR_099,PAR_112,PAR_111,PAR_099 → PAR_112 → PAR_111 → PAR_099,1.953,0.651,3_pares
PAR_027,PAR_038,PAR_090,PAR_027 → PAR_038 → PAR_090 → PAR_027,1.953,0.651,3_pares
PAR_027,PAR_038,PAR_070,PAR_027 → PAR_038 → PAR_070 → PAR_027,1.953,0.651,3_pares
PAR_033,PAR_061,PAR_111,PAR_033 → PAR_061 → PAR_111 → PAR_033,1.953,0.651,3_pares
PAR_021,PAR_065,PAR_053,PAR_021 → PAR_065 → PAR_053 → PAR_021,1.953,0.651,3_pares
PAR_037,PAR_097,PAR_038,PAR_037 → PAR_097 → PAR_038 → PAR_037,1.953,0.651,3_pares
PAR_027,PAR_030,PAR_109,PAR_027 → PAR_030 → PAR_109 → PAR_027,1.953,0.651,3_pares
PAR_027,PAR_037,PAR_102,PAR_027 → PAR_037 → PAR_102 → PAR_027,1.953,0.651,3_pares
PAR_040,PAR_075,PAR_111,PAR_040 → PAR_075 → PAR_111 → PAR_040,1.953,0.651,3_pares
PAR_027,PAR_058,PAR_097,PAR_027 → PAR_058 → PAR_097 → PAR_027,1.953,0.651,3_pares
PAR_034,PAR_097,PAR_109,PAR_034 → PAR_097 → PAR_109 → PAR_034,1.952,0.651,3_pares
PAR_029,PAR_092,PAR_032,PAR_029 → PAR_092 → PAR_032 → PAR_029,1.952,0.651,3_pares
PAR_027,PAR_075,PAR_102,PAR_027 → PAR_075 → PAR_102 → PAR_027,1.952,0.651,3_pares
PAR_024,PAR_029,PAR_109,PAR_024 → PAR_029 → PAR_109 → PAR_024,1.952,0.651,3_pares
PAR_034,PAR_112,PAR_111,PAR_034 → PAR_112 → PAR_111 → PAR_034,1.952,0.651,3_pares
PAR_053,PAR_091,PAR_092,PAR_053 → PAR_091 → PAR_092 → PAR_053,1.952,0.651,3_pares
PAR_034,PAR_093,PAR_038,PAR_034 → PAR_093 → PAR_038 → PAR_034,1.952,0.651,3_pares
PAR_002,PAR_109,PAR_058,PAR_002 → PAR_109 → PAR_058 → PAR_002,1.952,0.651,3_pares
PAR_016,PAR_038,PAR_037,PAR_016 → PAR_038 → PAR_037 → PAR_016,1.951,0.65,3_pares
PAR_027,PAR_055,PAR_038,PAR_027 → PAR_055 → PAR_038 → PAR_027,1.951,0.65,3_pares
PAR_038,PAR_075,PAR_097,PAR_038 → PAR_075 → PAR_097 → PAR_038,1.951,0.65,3_pares
PAR_038,PAR_111,PAR_120,PAR_038 → PAR_111 → PAR_120 → PAR_038,1.951,0.65,3_pares
PAR_058,PAR_067,PAR_111,PAR_058 → PAR_067 → PAR_111 → PAR_058,1.951,0.65,3_pares
PAR_021,PAR_097,PAR_111,PAR_021 → PAR_097 → PAR_111 → PAR_021,1.951,0.65,3_pares
PAR_021,PAR_027,PAR_030,PAR_021 → PAR_027 → PAR_030 → PAR_021,1.951,0.65,3_pares
PAR_033,PAR_092,PAR_053,PAR_033 → PAR_092 → PAR_053 → PAR_033,1.951,0.65,3_pares
PAR_015,PAR_053,PAR_027,PAR_015 → PAR_053 → PAR_027 → PAR_015,1.951,0.65,3_pares
PAR_068,PAR_111,PAR_103,PAR_068 → PAR_111 → PAR_103 → PAR_068,1.951,0.65,3_pares
PAR_038,PAR_111,PAR_096,PAR_038 → PAR_111 → PAR_096 → PAR_038,1.951,0.65,3_pares
PAR_003,PAR_027,PAR_038,PAR_003 → PAR_027 → PAR_038 → PAR_003,1.951,0.65,3_pares
PAR_021,PAR_111,PAR_064,PAR_021 → PAR_111 → PAR_064 → PAR_021,1.951,0.65,3_pares
PAR_021,PAR_024,PAR_029,PAR_021 → PAR_024 → PAR_029 → PAR_021,1.95,0.65,3_pares
PAR_002,PAR_021,PAR_058,PAR_002 → PAR_021 → PAR_058 → PAR_002,1.95,0.65,3_pares
PAR_021,PAR_111,PAR_099,PAR_021 → PAR_111 → PAR_099 → PAR_021,1.95,0.65,3_pares
PAR_015,PAR_053,PAR_067,PAR_015 → PAR_053 → PAR_067 → PAR_015,1.95,0.65,3_pares
PAR_038,PAR_094,PAR_040,PAR_038 → PAR_094 → PAR_040 → PAR_038,1.95,0.65,3_pares
PAR_016,PAR_034,PAR_109,PAR_016 → PAR_034 → PAR_109 → PAR_016,1.95,0.65,3_pares
PAR_053,PAR_064,PAR_065,PAR_053 → PAR_064 → PAR_065 → PAR_053,1.95,0.65,3_pares
PAR_034,PAR_120,PAR_038,PAR_034 → PAR_120 → PAR_038 → PAR_034,1.95,0.65,3_pares
PAR_021,PAR_064,PAR_032,PAR_021 → PAR_064 → PAR_032 → PAR_021,1.95,0.65,3_pares
PAR_034,PAR_099,PAR_038,PAR_034 → PAR_099 → PAR_038 → PAR_034,1.949,0.65,3_pares
PAR_027,PAR_033,PAR_037,PAR_027 → PAR_033 → PAR_037 → PAR_027,1.949,0.65,3_pares
PAR_027,PAR_099,PAR_085,PAR_027 → PAR_099 → PAR_085 → PAR_027,1.949,0.65,3_pares
PAR_034,PAR_046,PAR_040,PAR_034 → PAR_046 → PAR_040 → PAR_034,1.949,0.65,3_pares
PAR_016,PAR_038,PAR_075,PAR_016 → PAR_038 → PAR_075 → PAR_016,1.949,0.65,3_pares
PAR_040,PAR_061,PAR_111,PAR_040 → PAR_061 → PAR_111 → PAR_040,1.949,0.65,3_pares
PAR_027,PAR_034,PAR_085,PAR_027 → PAR_034 → PAR_085 → PAR_027,1.949,0.65,3_pares
PAR_033,PAR_094,PAR_111,PAR_033 → PAR_094 → PAR_111 → PAR_033,1.949,0.65,3_pares
PAR_032,PAR_065,PAR_053,PAR_032 → PAR_065 → PAR_053 → PAR_032,1.948,0.649,3_pares
PAR_027,PAR_075,PAR_033,PAR_027 → PAR_075 → PAR_033 → PAR_027,1.948,0.649,3_pares
PAR_005,PAR_038,PAR_027,PAR_005 → PAR_038 → PAR_027 → PAR_005,1.948,0.649,3_pares
PAR_040,PAR_111,PAR_046,PAR_040 → PAR_111 → PAR_046 → PAR_040,1.948,0.649,3_pares
PAR_027,PAR_076,PAR_109,PAR_027 → PAR_076 → PAR_109 → PAR_027,1.948,0.649,3_pares
PAR_002,PAR_111,PAR_103,PAR_002 → PAR_111 → PAR_103 → PAR_002,1.948,0.649,3_pares
PAR_034,PAR_064,PAR_097,PAR_034 → PAR_064 → PAR_097 → PAR_034,1.947,0.649,3_pares
PAR_021,PAR_052,PAR_102,PAR_021 → PAR_052 → PAR_102 → PAR_021,1.946,0.649,3_pares
PAR_038,PAR_111,PAR_101,PAR_038 → PAR_111 → PAR_101 → PAR_038,1.946,0.649,3_pares
PAR_034,PAR_101,PAR_038,PAR_034 → PAR_101 → PAR_038 → PAR_034,1.945,0.648,3_pares
PAR_015,PAR_099,PAR_102,PAR_015 → PAR_099 → PAR_102 → PAR_015,1.945,0.648,3_pares
PAR_027,PAR_061,PAR_091,PAR_027 → PAR_061 → PAR_091 → PAR_027,1.945,0.648,3_pares
PAR_021,PAR_051,PAR_091,PAR_021 → PAR_051 → PAR_091 → PAR_021,1.945,0.648,3_pares
PAR_038,PAR_094,PAR_097,PAR_038 → PAR_094 → PAR_097 → PAR_038,1.945,0.648,3_pares
PAR_040,PAR_094,PAR_111,PAR_040 → PAR_094 → PAR_111 → PAR_040,1.945,0.648,3_pares
PAR_032,PAR_034,PAR_064,PAR_032 → PAR_034 → PAR_064 → PAR_032,1.945,0.648,3_pares
PAR_021,PAR_052,PAR_091,PAR_021 → PAR_052 → PAR_091 → PAR_021,1.944,0.648,3_pares
PAR_065,PAR_091,PAR_090,PAR_065 → PAR_091 → PAR_090 → PAR_065,1.944,0.648,3_pares
PAR_033,PAR_109,PAR_103,PAR_033 → PAR_109 → PAR_103 → PAR_033,1.944,0.648,3_pares
PAR_027,PAR_046,PAR_033,PAR_027 → PAR_046 → PAR_033 → PAR_027,1.943,0.648,3_pares
PAR_027,PAR_093,PAR_038,PAR_027 → PAR_093 → PAR_038 → PAR_027,1.943,0.648,3_pares
PAR_021,PAR_111,PAR_024,PAR_021 → PAR_111 → PAR_024 → PAR_021,1.943,0.648,3_pares
PAR_015,PAR_099,PAR_091,PAR_015 → PAR_099 → PAR_091 → PAR_015,1.943,0.648,3_pares
PAR_027,PAR_053,PAR_085,PAR_027 → PAR_053 → PAR_085 → PAR_027,1.943,0.648,3_pares
PAR_021,PAR_027,PAR_097,PAR_021 → PAR_027 → PAR_097 → PAR_021,1.942,0.647,3_pares
PAR_027,PAR_034,PAR_109,PAR_027 → PAR_034 → PAR_109 → PAR_027,1.942,0.647,3_pares
PAR_037,PAR_067,PAR_038,PAR_037 → PAR_067 → PAR_038 → PAR_037,1.942,0.647,3_pares
PAR_032,PAR_038,PAR_094,PAR_032 → PAR_038 → PAR_094 → PAR_032,1.942,0.647,3_pares
PAR_030,PAR_109,PAR_058,PAR_030 → PAR_109 → PAR_058 → PAR_030,1.942,0.647,3_pares
PAR_021,PAR_064,PAR_027,PAR_021 → PAR_064 → PAR_027 → PAR_021,1.942,0.647,3_pares
PAR_027,PAR_099,PAR_109,PAR_027 → PAR_099 → PAR_109 → PAR_027,1.942,0.647,3_pares
PAR_027,PAR_103,PAR_068,PAR_027 → PAR_103 → PAR_068 → PAR_027,1.942,0.647,3_pares
PAR_027,PAR_037,PAR_038,PAR_027 → PAR_037 → PAR_038 → PAR_027,1.942,0.647,3_pares
PAR_016,PAR_038,PAR_094,PAR_016 → PAR_038 → PAR_094 → PAR_016,1.942,0.647,3_pares
PAR_067,PAR_111,PAR_109,PAR_067 → PAR_111 → PAR_109 → PAR_067,1.942,0.647,3_pares
PAR_029,PAR_109,PAR_103,PAR_029 → PAR_109 → PAR_103 → PAR_029,1.941,0.647,3_pares
PAR_007,PAR_067,PAR_027,PAR_007 → PAR_067 → PAR_027 → PAR_007,1.941,0.647,3_pares
PAR_021,PAR_027,PAR_099,PAR_021 → PAR_027 → PAR_099 → PAR_021,1.941,0.647,3_pares
PAR_034,PAR_109,PAR_067,PAR_034 → PAR_109 → PAR_067 → PAR_034,1.941,0.647,3_pares
PAR_021,PAR_058,PAR_030,PAR_021 → PAR_058 → PAR_030 → PAR_021,1.94,0.647,3_pares
PAR_015,PAR_103,PAR_027,PAR_015 → PAR_103 → PAR_027 → PAR_015,1.94,0.647,3_pares
PAR_021,PAR_067,PAR_111,PAR_021 → PAR_067 → PAR_111 → PAR_021,1.94,0.647,3_pares
PAR_051,PAR_091,PAR_111,PAR_051 → PAR_091 → PAR_111 → PAR_051,1.94,0.647,3_pares
PAR_034,PAR_051,PAR_091,PAR_034 → PAR_051 → PAR_091 → PAR_034,1.94,0.647,3_pares
PAR_002,PAR_027,PAR_103,PAR_002 → PAR_027 → PAR_103 → PAR_002,1.939,0.646,3_pares
PAR_091,PAR_111,PAR_103,PAR_091 → PAR_111 → PAR_103 → PAR_091,1.939,0.646,3_pares
PAR_015,PAR_053,PAR_102,PAR_015 → PAR_053 → PAR_102 → PAR_015,1.939,0.646,3_pares
PAR_034,PAR_103,PAR_091,PAR_034 → PAR_103 → PAR_091 → PAR_034,1.939,0.646,3_pares
PAR_033,PAR_051,PAR_099,PAR_033 → PAR_051 → PAR_099 → PAR_033,1.939,0.646,3_pares
PAR_033,PAR_111,PAR_103,PAR_033 → PAR_111 → PAR_103 → PAR_033,1.938,0.646,3_pares
PAR_015,PAR_103,PAR_067,PAR_015 → PAR_103 → PAR_067 → PAR_015,1.938,0.646,3_pares
PAR_030,PAR_038,PAR_070,PAR_030 → PAR_038 → PAR_070 → PAR_030,1.937,0.646,3_pares
PAR_027,PAR_034,PAR_064,PAR_027 → PAR_034 → PAR_064 → PAR_027,1.937,0.646,3_pares
PAR_027,PAR_061,PAR_038,PAR_027 → PAR_061 → PAR_038 → PAR_027,1.937,0.646,3_pares
PAR_058,PAR_076,PAR_109,PAR_058 → PAR_076 → PAR_109 → PAR_058,1.937,0.646,3_pares
PAR_027,PAR_046,PAR_076,PAR_027 → PAR_046 → PAR_076 → PAR_027,1.937,0.646,3_pares
PAR_033,PAR_034,PAR_103,PAR_033 → PAR_034 → PAR_103 → PAR_033,1.937,0.646,3_pares
PAR_027,PAR_099,PAR_064,PAR_027 → PAR_099 → PAR_064 → PAR_027,1.937,0.646,3_pares
PAR_027,PAR_046,PAR_038,PAR_027 → PAR_046 → PAR_038 → PAR_027,1.936,0.645,3_pares
PAR_027,PAR_053,PAR_109,PAR_027 → PAR_053 → PAR_109 → PAR_027,1.936,0.645,3_pares
PAR_024,PAR_027,PAR_109,PAR_024 → PAR_027 → PAR_109 → PAR_024,1.936,0.645,3_pares
PAR_015,PAR_053,PAR_091,PAR_015 → PAR_053 → PAR_091 → PAR_015,1.936,0.645,3_pares
PAR_067,PAR_111,PAR_099,PAR_067 → PAR_111 → PAR_099 → PAR_067,1.935,0.645,3_pares
PAR_015,PAR_099,PAR_038,PAR_015 → PAR_099 → PAR_038 → PAR_015,1.934,0.645,3_pares
PAR_070,PAR_111,PAR_091,PAR_070 → PAR_111 → PAR_091 → PAR_070,1.934,0.645,3_pares
PAR_027,PAR_034,PAR_032,PAR_027 → PAR_034 → PAR_032 → PAR_027,1.934,0.645,3_pares
PAR_021,PAR_027,PAR_053,PAR_021 → PAR_027 → PAR_053 → PAR_021,1.934,0.645,3_pares
PAR_021,PAR_024,PAR_027,PAR_021 → PAR_024 → PAR_027 → PAR_021,1.934,0.645,3_pares
PAR_029,PAR_090,PAR_038,PAR_029 → PAR_090 → PAR_038 → PAR_029,1.934,0.645,3_pares
PAR_097,PAR_109,PAR_103,PAR_097 → PAR_109 → PAR_103 → PAR_097,1.934,0.645,3_pares
PAR_002,PAR_021,PAR_111,PAR_002 → PAR_021 → PAR_111 → PAR_002,1.934,0.645,3_pares
PAR_015,PAR_091,PAR_027,PAR_015 → PAR_091 → PAR_027 → PAR_015,1.933,0.644,3_pares
PAR_029,PAR_109,PAR_030,PAR_029 → PAR_109 → PAR_030 → PAR_029,1.933,0.644,3_pares
PAR_002,PAR_065,PAR_053,PAR_002 → PAR_065 → PAR_053 → PAR_002,1.933,0.644,3_pares
PAR_027,PAR_046,PAR_097,PAR_027 → PAR_046 → PAR_097 → PAR_027,1.933,0.644,3_pares
PAR_058,PAR_097,PAR_109,PAR_058 → PAR_097 → PAR_109 → PAR_058,1.932,0.644,3_pares
PAR_002,PAR_111,PAR_064,PAR_002 → PAR_111 → PAR_064 → PAR_002,1.931,0.644,3_pares
PAR_021,PAR_030,PAR_029,PAR_021 → PAR_030 → PAR_029 → PAR_021,1.931,0.644,3_pares
PAR_021,PAR_033,PAR_029,PAR_021 → PAR_033 → PAR_029 → PAR_021,1.931,0.644,3_pares
PAR_027,PAR_053,PAR_064,PAR_027 → PAR_053 → PAR_064 → PAR_027,1.931,0.644,3_pares
PAR_034,PAR_109,PAR_102,PAR_034 → PAR_109 → PAR_102 → PAR_034,1.93,0.643,3_pares
PAR_027,PAR_058,PAR_102,PAR_027 → PAR_058 → PAR_102 → PAR_027,1.93,0.643,3_pares
PAR_007,PAR_102,PAR_027,PAR_007 → PAR_102 → PAR_027 → PAR_007,1.93,0.643,3_pares
PAR_024,PAR_027,PAR_099,PAR_024 → PAR_027 → PAR_099 → PAR_024,1.929,0.643,3_pares
PAR_021,PAR_064,PAR_102,PAR_021 → PAR_064 → PAR_102 → PAR_021,1.929,0.643,3_pares
PAR_024,PAR_027,PAR_034,PAR_024 → PAR_027 → PAR_034 → PAR_024,1.929,0.643,3_pares
PAR_029,PAR_092,PAR_091,PAR_029 → PAR_092 → PAR_091 → PAR_029,1.929,0.643,3_pares
PAR_021,PAR_099,PAR_102,PAR_021 → PAR_099 → PAR_102 → PAR_021,1.929,0.643,3_pares
PAR_027,PAR_053,PAR_034,PAR_027 → PAR_053 → PAR_034 → PAR_027,1.929,0.643,3_pares
PAR_040,PAR_070,PAR_111,PAR_040 → PAR_070 → PAR_111 → PAR_040,1.929,0.643,3_pares
PAR_021,PAR_058,PAR_032,PAR_021 → PAR_058 → PAR_032 → PAR_021,1.928,0.643,3_pares
PAR_029,PAR_109,PAR_038,PAR_029 → PAR_109 → PAR_038 → PAR_029,1.928,0.643,3_pares
PAR_021,PAR_111,PAR_058,PAR_021 → PAR_111 → PAR_058 → PAR_021,1.928,0.643,3_pares
PAR_021,PAR_064,PAR_091,PAR_021 → PAR_064 → PAR_091 → PAR_021,1.927,0.642,3_pares
PAR_034,PAR_103,PAR_097,PAR_034 → PAR_103 → PAR_097 → PAR_034,1.927,0.642,3_pares
PAR_007,PAR_091,PAR_027,PAR_007 → PAR_091 → PAR_027 → PAR_007,1.927,0.642,3_pares
PAR_038,PAR_070,PAR_097,PAR_038 → PAR_070 → PAR_097 → PAR_038,1.927,0.642,3_pares
PAR_027,PAR_068,PAR_038,PAR_027 → PAR_068 → PAR_038 → PAR_027,1.927,0.642,3_pares
PAR_021,PAR_099,PAR_091,PAR_021 → PAR_099 → PAR_091 → PAR_021,1.927,0.642,3_pares
PAR_002,PAR_109,PAR_027,PAR_002 → PAR_109 → PAR_027 → PAR_002,1.926,0.642,3_pares
PAR_033,PAR_109,PAR_099,PAR_033 → PAR_109 → PAR_099 → PAR_033,1.926,0.642,3_pares
PAR_027,PAR_067,PAR_111,PAR_027 → PAR_067 → PAR_111 → PAR_027,1.926,0.642,3_pares
PAR_021,PAR_099,PAR_033,PAR_021 → PAR_099 → PAR_033 → PAR_021,1.925,0.642,3_pares
PAR_027,PAR_067,PAR_034,PAR_027 → PAR_067 → PAR_034 → PAR_027,1.925,0.642,3_pares
PAR_002,PAR_021,PAR_027,PAR_002 → PAR_021 → PAR_027 → PAR_002,1.924,0.641,3_pares
PAR_034,PAR_064,PAR_102,PAR_034 → PAR_064 → PAR_102 → PAR_034,1.924,0.641,3_pares
PAR_027,PAR_033,PAR_090,PAR_027 → PAR_033 → PAR_090 → PAR_027,1.924,0.641,3_pares
PAR_021,PAR_033,PAR_111,PAR_021 → PAR_033 → PAR_111 → PAR_021,1.924,0.641,3_pares
PAR_027,PAR_103,PAR_109,PAR_027 → PAR_103 → PAR_109 → PAR_027,1.924,0.641,3_pares
PAR_021,PAR_111,PAR_030,PAR_021 → PAR_111 → PAR_030 → PAR_021,1.923,0.641,3_pares
PAR_024,PAR_027,PAR_053,PAR_024 → PAR_027 → PAR_053 → PAR_024,1.923,0.641,3_pares
PAR_027,PAR_068,PAR_111,PAR_027 → PAR_068 → PAR_111 → PAR_027,1.923,0.641,3_pares
PAR_038,PAR_065,PAR_099,PAR_038 → PAR_065 → PAR_099 → PAR_038,1.923,0.641,3_pares
PAR_034,PAR_040,PAR_109,PAR_034 → PAR_040 → PAR_109 → PAR_034,1.922,0.641,3_pares
PAR_064,PAR_091,PAR_111,PAR_064 → PAR_091 → PAR_111 → PAR_064,1.922,0.641,3_pares
PAR_034,PAR_064,PAR_091,PAR_034 → PAR_064 → PAR_091 → PAR_034,1.922,0.641,3_pares
PAR_091,PAR_111,PAR_099,PAR_091 → PAR_111 → PAR_099 → PAR_091,1.921,0.64,3_pares
PAR_027,PAR_046,PAR_067,PAR_027 → PAR_046 → PAR_067 → PAR_027,1.921,0.64,3_pares
PAR_076,PAR_111,PAR_109,PAR_076 → PAR_111 → PAR_109 → PAR_076,1.921,0.64,3_pares
PAR_016,PAR_029,PAR_109,PAR_016 → PAR_029 → PAR_109 → PAR_016,1.921,0.64,3_pares
PAR_015,PAR_103,PAR_040,PAR_015 → PAR_103 → PAR_040 → PAR_015,1.92,0.64,3_pares
PAR_038,PAR_109,PAR_099,PAR_038 → PAR_109 → PAR_099 → PAR_038,1.92,0.64,3_pares
PAR_038,PAR_075,PAR_040,PAR_038 → PAR_075 → PAR_040 → PAR_038,1.92,0.64,3_pares
PAR_034,PAR_091,PAR_111,PAR_034 → PAR_091 → PAR_111 → PAR_034,1.92,0.64,3_pares
PAR_038,PAR_094,PAR_091,PAR_038 → PAR_094 → PAR_091 → PAR_038,1.92,0.64,3_pares
PAR_040,PAR_065,PAR_053,PAR_040 → PAR_065 → PAR_053 → PAR_040,1.92,0.64,3_pares
PAR_021,PAR_111,PAR_029,PAR_021 → PAR_111 → PAR_029 → PAR_021,1.92,0.64,3_pares
PAR_034,PAR_038,PAR_109,PAR_034 → PAR_038 → PAR_109 → PAR_034,1.919,0.64,3_pares
PAR_033,PAR_111,PAR_099,PAR_033 → PAR_111 → PAR_099 → PAR_033,1.919,0.64,3_pares
PAR_016,PAR_029,PAR_021,PAR_016 → PAR_029 → PAR_021 → PAR_016,1.919,0.64,3_pares
PAR_027,PAR_034,PAR_103,PAR_027 → PAR_034 → PAR_103 → PAR_027,1.918,0.639,3_pares
PAR_032,PAR_038,PAR_109,PAR_032 → PAR_038 → PAR_109 → PAR_032,1.918,0.639,3_pares
PAR_067,PAR_111,PAR_103,PAR_067 → PAR_111 → PAR_103 → PAR_067,1.917,0.639,3_pares
PAR_021,PAR_027,PAR_091,PAR_021 → PAR_027 → PAR_091 → PAR_021,1.917,0.639,3_pares
PAR_038,PAR_070,PAR_067,PAR_038 → PAR_070 → PAR_067 → PAR_038,1.916,0.639,3_pares
PAR_097,PAR_111,PAR_109,PAR_097 → PAR_111 → PAR_109 → PAR_097,1.916,0.639,3_pares
PAR_034,PAR_103,PAR_067,PAR_034 → PAR_103 → PAR_067 → PAR_034,1.916,0.639,3_pares
PAR_015,PAR_103,PAR_038,PAR_015 → PAR_103 → PAR_038 → PAR_015,1.916,0.639,3_pares
PAR_016,PAR_111,PAR_109,PAR_016 → PAR_111 → PAR_109 → PAR_016,1.914,0.638,3_pares
PAR_076,PAR_111,PAR_099,PAR_076 → PAR_111 → PAR_099 → PAR_076,1.914,0.638,3_pares
PAR_002,PAR_027,PAR_053,PAR_002 → PAR_027 → PAR_053 → PAR_002,1.914,0.638,3_pares
PAR_034,PAR_038,PAR_111,PAR_034 → PAR_038 → PAR_111 → PAR_034,1.913,0.638,3_pares
PAR_027,PAR_029,PAR_109,PAR_027 → PAR_029 → PAR_109 → PAR_027,1.913,0.638,3_pares
PAR_034,PAR_076,PAR_111,PAR_034 → PAR_076 → PAR_111 → PAR_034,1.913,0.638,3_pares
PAR_038,PAR_111,PAR_099,PAR_038 → PAR_111 → PAR_099 → PAR_038,1.913,0.638,3_pares
PAR_029,PAR_109,PAR_067,PAR_029 → PAR_109 → PAR_067 → PAR_029,1.913,0.638,3_pares
PAR_032,PAR_038,PAR_092,PAR_032 → PAR_038 → PAR_092 → PAR_032,1.912,0.637,3_pares
PAR_027,PAR_091,PAR_111,PAR_027 → PAR_091 → PAR_111 → PAR_027,1.912,0.637,3_pares
PAR_016,PAR_021,PAR_111,PAR_016 → PAR_021 → PAR_111 → PAR_016,1.912,0.637,3_pares
PAR_027,PAR_053,PAR_103,PAR_027 → PAR_053 → PAR_103 → PAR_027,1.912,0.637,3_pares
PAR_021,PAR_111,PAR_032,PAR_021 → PAR_111 → PAR_032 → PAR_021,1.912,0.637,3_pares
PAR_027,PAR_092,PAR_091,PAR_027 → PAR_092 → PAR_091 → PAR_027,1.912,0.637,3_pares
PAR_024,PAR_038,PAR_109,PAR_024 → PAR_038 → PAR_109 → PAR_024,1.912,0.637,3_pares
PAR_024,PAR_027,PAR_103,PAR_024 → PAR_027 → PAR_103 → PAR_024,1.911,0.637,3_pares
PAR_021,PAR_067,PAR_029,PAR_021 → PAR_067 → PAR_029 → PAR_021,1.911,0.637,3_pares
PAR_029,PAR_051,PAR_091,PAR_029 → PAR_051 → PAR_091 → PAR_029,1.911,0.637,3_pares
PAR_021,PAR_027,PAR_029,PAR_021 → PAR_027 → PAR_029 → PAR_021,1.911,0.637,3_pares
PAR_064,PAR_097,PAR_111,PAR_064 → PAR_097 → PAR_111 → PAR_064,1.911,0.637,3_pares
PAR_015,PAR_091,PAR_038,PAR_015 → PAR_091 → PAR_038 → PAR_015,1.91,0.637,3_pares
PAR_027,PAR_046,PAR_102,PAR_027 → PAR_046 → PAR_102 → PAR_027,1.91,0.637,3_pares
PAR_038,PAR_051,PAR_091,PAR_038 → PAR_051 → PAR_091 → PAR_038,1.909,0.636,3_pares
PAR_034,PAR_097,PAR_111,PAR_034 → PAR_097 → PAR_111 → PAR_034,1.909,0.636,3_pares
PAR_097,PAR_111,PAR_099,PAR_097 → PAR_111 → PAR_099 → PAR_097,1.909,0.636,3_pares
PAR_002,PAR_111,PAR_058,PAR_002 → PAR_111 → PAR_058 → PAR_002,1.908,0.636,3_pares
PAR_065,PAR_099,PAR_067,PAR_065 → PAR_099 → PAR_067 → PAR_065,1.908,0.636,3_pares
PAR_021,PAR_058,PAR_102,PAR_021 → PAR_058 → PAR_102 → PAR_021,1.908,0.636,3_pares
PAR_016,PAR_111,PAR_034,PAR_016 → PAR_111 → PAR_034 → PAR_016,1.907,0.636,3_pares
PAR_027,PAR_097,PAR_109,PAR_027 → PAR_097 → PAR_109 → PAR_027,1.907,0.636,3_pares
PAR_024,PAR_038,PAR_111,PAR_024 → PAR_038 → PAR_111 → PAR_024,1.906,0.635,3_pares
PAR_027,PAR_120,PAR_038,PAR_027 → PAR_120 → PAR_038 → PAR_027,1.905,0.635,3_pares
PAR_016,PAR_027,PAR_109,PAR_016 → PAR_027 → PAR_109 → PAR_016,1.905,0.635,3_pares
PAR_027,PAR_076,PAR_111,PAR_027 → PAR_076 → PAR_111 → PAR_027,1.905,0.635,3_pares
PAR_024,PAR_038,PAR_034,PAR_024 → PAR_038 → PAR_034 → PAR_024,1.905,0.635,3_pares
PAR_027,PAR_099,PAR_076,PAR_027 → PAR_099 → PAR_076 → PAR_027,1.905,0.635,3_pares
PAR_027,PAR_096,PAR_038,PAR_027 → PAR_096 → PAR_038 → PAR_027,1.905,0.635,3_pares
PAR_040,PAR_109,PAR_103,PAR_040 → PAR_109 → PAR_103 → PAR_040,1.905,0.635,3_pares
PAR_021,PAR_111,PAR_027,PAR_021 → PAR_111 → PAR_027 → PAR_021,1.904,0.635,3_pares
PAR_027,PAR_034,PAR_076,PAR_027 → PAR_034 → PAR_076 → PAR_027,1.904,0.635,3_pares
PAR_040,PAR_109,PAR_058,PAR_040 → PAR_109 → PAR_058 → PAR_040,1.903,0.634,3_pares
PAR_016,PAR_021,PAR_027,PAR_016 → PAR_021 → PAR_027 → PAR_016,1.903,0.634,3_pares
PAR_053,PAR_067,PAR_065,PAR_053 → PAR_067 → PAR_065 → PAR_053,1.902,0.634,3_pares
PAR_029,PAR_109,PAR_102,PAR_029 → PAR_109 → PAR_102 → PAR_029,1.902,0.634,3_pares
PAR_038,PAR_109,PAR_103,PAR_038 → PAR_109 → PAR_103 → PAR_038,1.901,0.634,3_pares
PAR_027,PAR_034,PAR_097,PAR_027 → PAR_034 → PAR_097 → PAR_027,1.901,0.634,3_pares
PAR_027,PAR_099,PAR_097,PAR_027 → PAR_099 → PAR_097 → PAR_027,1.901,0.634,3_pares
PAR_021,PAR_058,PAR_040,PAR_021 → PAR_058 → PAR_040 → PAR_021,1.901,0.634,3_pares
PAR_027,PAR_101,PAR_038,PAR_027 → PAR_101 → PAR_038 → PAR_027,1.9,0.633,3_pares
PAR_021,PAR_065,PAR_091,PAR_021 → PAR_065 → PAR_091 → PAR_021,1.899,0.633,3_pares
PAR_027,PAR_053,PAR_076,PAR_027 → PAR_053 → PAR_076 → PAR_027,1.899,0.633,3_pares
PAR_034,PAR_103,PAR_040,PAR_034 → PAR_103 → PAR_040 → PAR_034,1.898,0.633,3_pares
PAR_016,PAR_027,PAR_034,PAR_016 → PAR_027 → PAR_034 → PAR_016,1.898,0.633,3_pares
PAR_065,PAR_099,PAR_102,PAR_065 → PAR_099 → PAR_102 → PAR_065,1.897,0.632,3_pares
PAR_015,PAR_032,PAR_038,PAR_015 → PAR_032 → PAR_038 → PAR_015,1.896,0.632,3_pares
PAR_024,PAR_038,PAR_027,PAR_024 → PAR_038 → PAR_027 → PAR_024,1.896,0.632,3_pares
PAR_065,PAR_099,PAR_091,PAR_065 → PAR_099 → PAR_091 → PAR_065,1.895,0.632,3_pares
PAR_038,PAR_111,PAR_103,PAR_038 → PAR_111 → PAR_103 → PAR_038,1.895,0.632,3_pares
PAR_027,PAR_051,PAR_091,PAR_027 → PAR_051 → PAR_091 → PAR_027,1.895,0.632,3_pares
PAR_027,PAR_053,PAR_097,PAR_027 → PAR_053 → PAR_097 → PAR_027,1.895,0.632,3_pares
PAR_034,PAR_103,PAR_038,PAR_034 → PAR_103 → PAR_038 → PAR_034,1.894,0.631,3_pares
PAR_021,PAR_067,PAR_027,PAR_021 → PAR_067 → PAR_027 → PAR_021,1.894,0.631,3_pares
PAR_030,PAR_038,PAR_109,PAR_030 → PAR_038 → PAR_109 → PAR_030,1.894,0.631,3_pares
PAR_027,PAR_103,PAR_091,PAR_027 → PAR_103 → PAR_091 → PAR_027,1.894,0.631,3_pares
PAR_058,PAR_076,PAR_111,PAR_058 → PAR_076 → PAR_111 → PAR_058,1.893,0.631,3_pares
PAR_027,PAR_103,PAR_033,PAR_027 → PAR_103 → PAR_033 → PAR_027,1.893,0.631,3_pares
PAR_029,PAR_109,PAR_040,PAR_029 → PAR_109 → PAR_040 → PAR_029,1.893,0.631,3_pares
PAR_097,PAR_111,PAR_103,PAR_097 → PAR_111 → PAR_103 → PAR_097,1.891,0.63,3_pares
PAR_021,PAR_111,PAR_102,PAR_021 → PAR_111 → PAR_102 → PAR_021,1.891,0.63,3_pares
PAR_053,PAR_102,PAR_065,PAR_053 → PAR_102 → PAR_065 → PAR_053,1.891,0.63,3_pares
PAR_021,PAR_040,PAR_029,PAR_021 → PAR_040 → PAR_029 → PAR_021,1.891,0.63,3_pares
PAR_038,PAR_092,PAR_091,PAR_038 → PAR_092 → PAR_091 → PAR_038,1.89,0.63,3_pares
PAR_021,PAR_111,PAR_091,PAR_021 → PAR_111 → PAR_091 → PAR_021,1.889,0.63,3_pares
PAR_027,PAR_099,PAR_067,PAR_027 → PAR_099 → PAR_067 → PAR_027,1.889,0.63,3_pares
PAR_053,PAR_091,PAR_065,PAR_053 → PAR_091 → PAR_065 → PAR_053,1.888,0.629,3_pares
PAR_058,PAR_097,PAR_111,PAR_058 → PAR_097 → PAR_111 → PAR_058,1.888,0.629,3_pares
PAR_030,PAR_038,PAR_111,PAR_030 → PAR_038 → PAR_111 → PAR_030,1.887,0.629,3_pares
PAR_030,PAR_038,PAR_034,PAR_030 → PAR_038 → PAR_034 → PAR_030,1.886,0.629,3_pares
PAR_027,PAR_109,PAR_102,PAR_027 → PAR_109 → PAR_102 → PAR_027,1.885,0.628,3_pares
PAR_040,PAR_111,PAR_109,PAR_040 → PAR_111 → PAR_109 → PAR_040,1.885,0.628,3_pares
PAR_038,PAR_109,PAR_097,PAR_038 → PAR_109 → PAR_097 → PAR_038,1.884,0.628,3_pares
PAR_027,PAR_053,PAR_067,PAR_027 → PAR_053 → PAR_067 → PAR_027,1.883,0.628,3_pares
PAR_027,PAR_103,PAR_097,PAR_027 → PAR_103 → PAR_097 → PAR_027,1.883,0.628,3_pares
PAR_002,PAR_111,PAR_027,PAR_002 → PAR_111 → PAR_027 → PAR_002,1.883,0.628,3_pares
PAR_021,PAR_040,PAR_111,PAR_021 → PAR_040 → PAR_111 → PAR_021,1.883,0.628,3_pares
PAR_016,PAR_038,PAR_109,PAR_016 → PAR_038 → PAR_109 → PAR_016,1.882,0.627,3_pares
PAR_027,PAR_033,PAR_109,PAR_027 → PAR_033 → PAR_109 → PAR_027,1.88,0.627,3_pares
PAR_021,PAR_027,PAR_033,PAR_021 → PAR_027 → PAR_033 → PAR_021,1.879,0.626,3_pares
PAR_027,PAR_099,PAR_102,PAR_027 → PAR_099 → PAR_102 → PAR_027,1.878,0.626,3_pares
PAR_034,PAR_040,PAR_111,PAR_034 → PAR_040 → PAR_111 → PAR_034,1.878,0.626,3_pares
PAR_027,PAR_030,PAR_038,PAR_027 → PAR_030 → PAR_038 → PAR_027,1.878,0.626,3_pares
PAR_034,PAR_097,PAR_038,PAR_034 → PAR_097 → PAR_038 → PAR_034,1.877,0.626,3_pares
PAR_016,PAR_038,PAR_111,PAR_016 → PAR_038 → PAR_111 → PAR_016,1.876,0.625,3_pares
PAR_027,PAR_099,PAR_091,PAR_027 → PAR_099 → PAR_091 → PAR_027,1.876,0.625,3_pares
PAR_016,PAR_038,PAR_034,PAR_016 → PAR_038 → PAR_034 → PAR_016,1.875,0.625,3_pares
PAR_027,PAR_034,PAR_091,PAR_027 → PAR_034 → PAR_091 → PAR_027,1.875,0.625,3_pares
PAR_032,PAR_038,PAR_111,PAR_032 → PAR_038 → PAR_111 → PAR_032,1.875,0.625,3_pares
PAR_027,PAR_099,PAR_033,PAR_027 → PAR_099 → PAR_033 → PAR_027,1.874,0.625,3_pares
PAR_027,PAR_033,PAR_111,PAR_027 → PAR_033 → PAR_111 → PAR_027,1.874,0.625,3_pares
PAR_032,PAR_038,PAR_034,PAR_032 → PAR_038 → PAR_034 → PAR_032,1.874,0.625,3_pares
PAR_038,PAR_109,PAR_067,PAR_038 → PAR_109 → PAR_067 → PAR_038,1.873,0.624,3_pares
PAR_027,PAR_033,PAR_034,PAR_027 → PAR_033 → PAR_034 → PAR_027,1.873,0.624,3_pares
PAR_027,PAR_038,PAR_109,PAR_027 → PAR_038 → PAR_109 → PAR_027,1.873,0.624,3_pares
PAR_027,PAR_053,PAR_102,PAR_027 → PAR_053 → PAR_102 → PAR_027,1.872,0.624,3_pares
PAR_027,PAR_103,PAR_067,PAR_027 → PAR_103 → PAR_067 → PAR_027,1.871,0.624,3_pares
PAR_027,PAR_053,PAR_091,PAR_027 → PAR_053 → PAR_091 → PAR_027,1.869,0.623,3_pares
PAR_027,PAR_053,PAR_033,PAR_027 → PAR_053 → PAR_033 → PAR_027,1.868,0.623,3_pares
PAR_038,PAR_111,PAR_067,PAR_038 → PAR_111 → PAR_067 → PAR_038,1.867,0.622,3_pares
PAR_027,PAR_034,PAR_038,PAR_027 → PAR_034 → PAR_038 → PAR_027,1.867,0.622,3_pares
PAR_027,PAR_038,PAR_111,PAR_027 → PAR_038 → PAR_111 → PAR_027,1.867,0.622,3_pares
PAR_027,PAR_099,PAR_038,PAR_027 → PAR_099 → PAR_038 → PAR_027,1.867,0.622,3_pares
PAR_029,PAR_065,PAR_091,PAR_029 → PAR_065 → PAR_091 → PAR_029,1.865,0.622,3_pares
PAR_027,PAR_097,PAR_111,PAR_027 → PAR_097 → PAR_111 → PAR_027,1.864,0.621,3_pares
PAR_038,PAR_065,PAR_091,PAR_038 → PAR_065 → PAR_091 → PAR_038,1.863,0.621,3_pares
PAR_016,PAR_111,PAR_027,PAR_016 → PAR_111 → PAR_027 → PAR_016,1.862,0.621,3_pares
PAR_040,PAR_111,PAR_103,PAR_040 → PAR_111 → PAR_103 → PAR_040,1.861,0.62,3_pares
PAR_040,PAR_111,PAR_058,PAR_040 → PAR_111 → PAR_058 → PAR_040,1.858,0.619,3_pares
PAR_027,PAR_067,PAR_038,PAR_027 → PAR_067 → PAR_038 → PAR_027,1.857,0.619,3_pares
PAR_038,PAR_109,PAR_040,PAR_038 → PAR_109 → PAR_040 → PAR_038,1.853,0.618,3_pares
PAR_038,PAR_111,PAR_091,PAR_038 → PAR_111 → PAR_091 → PAR_038,1.853,0.618,3_pares
PAR_034,PAR_091,PAR_038,PAR_034 → PAR_091 → PAR_038 → PAR_034,1.852,0.617,3_pares
PAR_027,PAR_103,PAR_038,PAR_027 → PAR_103 → PAR_038 → PAR_027,1.849,0.616,3_pares
PAR_038,PAR_111,PAR_040,PAR_038 → PAR_111 → PAR_040 → PAR_038,1.847,0.616,3_pares
PAR_034,PAR_040,PAR_038,PAR_034 → PAR_040 → PAR_038 → PAR_034,1.846,0.615,3_pares
PAR_027,PAR_091,PAR_038,PAR_027 → PAR_091 → PAR_038 → PAR_027,1.844,0.615,3_pares
PAR_027,PAR_097,PAR_038,PAR_027 → PAR_097 → PAR_038 → PAR_027,1.832,0.611,3_pares
PAR_016,PAR_038,PAR_027,PAR_016 → PAR_038 → PAR_027 → PAR_016,1.83,0.61,3_pares
