par_1,par_2,par_3,fluxo,score_total,score_medio,tipo_ciclo
PARV2_049,PARV2_166,PARV2_219,PARV2_049 → PARV2_166 → PARV2_219 → PARV2_049,2.362,0.787,3_pares
PARV2_049,PARV2_166,PARV2_065,PARV2_049 → PARV2_166 → PARV2_065 → PARV2_049,2.331,0.777,3_pares
PARV2_159,PARV2_166,PARV2_219,PARV2_159 → PARV2_166 → PARV2_219 → PARV2_159,2.289,0.763,3_pares
PARV2_116,PARV2_166,PARV2_159,PARV2_116 → PARV2_166 → PARV2_159 → PARV2_116,2.287,0.762,3_pares
PARV2_049,PARV2_166,PARV2_177,PARV2_049 → PARV2_166 → PARV2_177 → PARV2_049,2.283,0.761,3_pares
PARV2_065,PARV2_159,PARV2_166,PARV2_065 → PARV2_159 → PARV2_166 → PARV2_065,2.283,0.761,3_pares
PARV2_090,PARV2_193,PARV2_204,PARV2_090 → PARV2_193 → PARV2_204 → PARV2_090,2.277,0.759,3_pares
PARV2_013,PARV2_159,PARV2_113,PARV2_013 → PARV2_159 → PARV2_113 → PARV2_013,2.275,0.758,3_pares
PARV2_087,PARV2_129,PARV2_159,PARV2_087 → PARV2_129 → PARV2_159 → PARV2_087,2.275,0.758,3_pares
PARV2_125,PARV2_129,PARV2_159,PARV2_125 → PARV2_129 → PARV2_159 → PARV2_125,2.273,0.758,3_pares
PARV2_049,PARV2_166,PARV2_107,PARV2_049 → PARV2_166 → PARV2_107 → PARV2_049,2.271,0.757,3_pares
PARV2_049,PARV2_166,PARV2_181,PARV2_049 → PARV2_166 → PARV2_181 → PARV2_049,2.269,0.756,3_pares
PARV2_113,PARV2_129,PARV2_159,PARV2_113 → PARV2_129 → PARV2_159 → PARV2_113,2.267,0.756,3_pares
PARV2_049,PARV2_166,PARV2_090,PARV2_049 → PARV2_166 → PARV2_090 → PARV2_049,2.264,0.755,3_pares
PARV2_049,PARV2_159,PARV2_166,PARV2_049 → PARV2_159 → PARV2_166 → PARV2_049,2.264,0.755,3_pares
PARV2_049,PARV2_166,PARV2_221,PARV2_049 → PARV2_166 → PARV2_221 → PARV2_049,2.261,0.754,3_pares
PARV2_159,PARV2_166,PARV2_181,PARV2_159 → PARV2_166 → PARV2_181 → PARV2_159,2.259,0.753,3_pares
PARV2_022,PARV2_129,PARV2_159,PARV2_022 → PARV2_129 → PARV2_159 → PARV2_022,2.256,0.752,3_pares
PARV2_049,PARV2_159,PARV2_107,PARV2_049 → PARV2_159 → PARV2_107 → PARV2_049,2.254,0.751,3_pares
PARV2_129,PARV2_166,PARV2_159,PARV2_129 → PARV2_166 → PARV2_159 → PARV2_129,2.254,0.751,3_pares
PARV2_049,PARV2_142,PARV2_204,PARV2_049 → PARV2_142 → PARV2_204 → PARV2_049,2.252,0.751,3_pares
PARV2_166,PARV2_219,PARV2_193,PARV2_166 → PARV2_219 → PARV2_193 → PARV2_166,2.251,0.75,3_pares
PARV2_013,PARV2_049,PARV2_198,PARV2_013 → PARV2_049 → PARV2_198 → PARV2_013,2.251,0.75,3_pares
PARV2_049,PARV2_166,PARV2_204,PARV2_049 → PARV2_166 → PARV2_204 → PARV2_049,2.248,0.749,3_pares
PARV2_049,PARV2_159,PARV2_090,PARV2_049 → PARV2_159 → PARV2_090 → PARV2_049,2.247,0.749,3_pares
PARV2_129,PARV2_159,PARV2_198,PARV2_129 → PARV2_159 → PARV2_198 → PARV2_129,2.244,0.748,3_pares
PARV2_013,PARV2_049,PARV2_159,PARV2_013 → PARV2_049 → PARV2_159 → PARV2_013,2.243,0.748,3_pares
PARV2_049,PARV2_079,PARV2_065,PARV2_049 → PARV2_079 → PARV2_065 → PARV2_049,2.239,0.746,3_pares
PARV2_013,PARV2_074,PARV2_113,PARV2_013 → PARV2_074 → PARV2_113 → PARV2_013,2.236,0.745,3_pares
PARV2_166,PARV2_219,PARV2_200,PARV2_166 → PARV2_219 → PARV2_200 → PARV2_166,2.236,0.745,3_pares
PARV2_049,PARV2_159,PARV2_129,PARV2_049 → PARV2_159 → PARV2_129 → PARV2_049,2.235,0.745,3_pares
PARV2_166,PARV2_181,PARV2_204,PARV2_166 → PARV2_181 → PARV2_204 → PARV2_166,2.235,0.745,3_pares
PARV2_049,PARV2_239,PARV2_107,PARV2_049 → PARV2_239 → PARV2_107 → PARV2_049,2.234,0.745,3_pares
PARV2_049,PARV2_166,PARV2_121,PARV2_049 → PARV2_166 → PARV2_121 → PARV2_049,2.23,0.743,3_pares
PARV2_125,PARV2_166,PARV2_159,PARV2_125 → PARV2_166 → PARV2_159 → PARV2_125,2.23,0.743,3_pares
PARV2_166,PARV2_219,PARV2_179,PARV2_166 → PARV2_219 → PARV2_179 → PARV2_166,2.23,0.743,3_pares
PARV2_090,PARV2_193,PARV2_159,PARV2_090 → PARV2_193 → PARV2_159 → PARV2_090,2.228,0.743,3_pares
PARV2_035,PARV2_049,PARV2_166,PARV2_035 → PARV2_049 → PARV2_166 → PARV2_035,2.225,0.742,3_pares
PARV2_013,PARV2_049,PARV2_166,PARV2_013 → PARV2_049 → PARV2_166 → PARV2_013,2.224,0.741,3_pares
PARV2_049,PARV2_166,PARV2_116,PARV2_049 → PARV2_166 → PARV2_116 → PARV2_049,2.221,0.74,3_pares
PARV2_159,PARV2_235,PARV2_181,PARV2_159 → PARV2_235 → PARV2_181 → PARV2_159,2.22,0.74,3_pares
PARV2_090,PARV2_127,PARV2_204,PARV2_090 → PARV2_127 → PARV2_204 → PARV2_090,2.219,0.74,3_pares
PARV2_129,PARV2_159,PARV2_187,PARV2_129 → PARV2_159 → PARV2_187 → PARV2_129,2.217,0.739,3_pares
PARV2_049,PARV2_142,PARV2_166,PARV2_049 → PARV2_142 → PARV2_166 → PARV2_049,2.217,0.739,3_pares
PARV2_049,PARV2_159,PARV2_193,PARV2_049 → PARV2_159 → PARV2_193 → PARV2_049,2.216,0.739,3_pares
PARV2_013,PARV2_159,PARV2_198,PARV2_013 → PARV2_159 → PARV2_198 → PARV2_013,2.216,0.739,3_pares
PARV2_159,PARV2_164,PARV2_166,PARV2_159 → PARV2_164 → PARV2_166 → PARV2_159,2.216,0.739,3_pares
PARV2_074,PARV2_166,PARV2_219,PARV2_074 → PARV2_166 → PARV2_219 → PARV2_074,2.214,0.738,3_pares
PARV2_129,PARV2_159,PARV2_204,PARV2_129 → PARV2_159 → PARV2_204 → PARV2_129,2.212,0.737,3_pares
PARV2_014,PARV2_074,PARV2_166,PARV2_014 → PARV2_074 → PARV2_166 → PARV2_014,2.212,0.737,3_pares
PARV2_159,PARV2_200,PARV2_166,PARV2_159 → PARV2_200 → PARV2_166 → PARV2_159,2.212,0.737,3_pares
PARV2_049,PARV2_198,PARV2_065,PARV2_049 → PARV2_198 → PARV2_065 → PARV2_049,2.211,0.737,3_pares
PARV2_049,PARV2_069,PARV2_065,PARV2_049 → PARV2_069 → PARV2_065 → PARV2_049,2.211,0.737,3_pares
PARV2_013,PARV2_159,PARV2_087,PARV2_013 → PARV2_159 → PARV2_087 → PARV2_013,2.21,0.737,3_pares
PARV2_032,PARV2_219,PARV2_166,PARV2_032 → PARV2_219 → PARV2_166 → PARV2_032,2.209,0.736,3_pares
PARV2_087,PARV2_108,PARV2_204,PARV2_087 → PARV2_108 → PARV2_204 → PARV2_087,2.209,0.736,3_pares
PARV2_166,PARV2_221,PARV2_200,PARV2_166 → PARV2_221 → PARV2_200 → PARV2_166,2.209,0.736,3_pares
PARV2_065,PARV2_159,PARV2_235,PARV2_065 → PARV2_159 → PARV2_235 → PARV2_065,2.209,0.736,3_pares
PARV2_090,PARV2_193,PARV2_166,PARV2_090 → PARV2_193 → PARV2_166 → PARV2_090,2.209,0.736,3_pares
PARV2_069,PARV2_129,PARV2_166,PARV2_069 → PARV2_129 → PARV2_166 → PARV2_069,2.207,0.736,3_pares
PARV2_049,PARV2_198,PARV2_129,PARV2_049 → PARV2_198 → PARV2_129 → PARV2_049,2.206,0.735,3_pares
PARV2_051,PARV2_129,PARV2_159,PARV2_051 → PARV2_129 → PARV2_159 → PARV2_051,2.206,0.735,3_pares
PARV2_159,PARV2_179,PARV2_166,PARV2_159 → PARV2_179 → PARV2_166 → PARV2_159,2.206,0.735,3_pares
PARV2_159,PARV2_166,PARV2_204,PARV2_159 → PARV2_166 → PARV2_204 → PARV2_159,2.205,0.735,3_pares
PARV2_013,PARV2_074,PARV2_232,PARV2_013 → PARV2_074 → PARV2_232 → PARV2_013,2.204,0.735,3_pares
PARV2_049,PARV2_159,PARV2_065,PARV2_049 → PARV2_159 → PARV2_065 → PARV2_049,2.203,0.734,3_pares
PARV2_049,PARV2_239,PARV2_090,PARV2_049 → PARV2_239 → PARV2_090 → PARV2_049,2.203,0.734,3_pares
PARV2_116,PARV2_166,PARV2_204,PARV2_116 → PARV2_166 → PARV2_204 → PARV2_116,2.202,0.734,3_pares
PARV2_065,PARV2_166,PARV2_079,PARV2_065 → PARV2_166 → PARV2_079 → PARV2_065,2.2,0.733,3_pares
PARV2_006,PARV2_166,PARV2_079,PARV2_006 → PARV2_166 → PARV2_079 → PARV2_006,2.2,0.733,3_pares
PARV2_159,PARV2_166,PARV2_177,PARV2_159 → PARV2_166 → PARV2_177 → PARV2_159,2.2,0.733,3_pares
PARV2_159,PARV2_166,PARV2_244,PARV2_159 → PARV2_166 → PARV2_244 → PARV2_159,2.2,0.733,3_pares
PARV2_108,PARV2_181,PARV2_204,PARV2_108 → PARV2_181 → PARV2_204 → PARV2_108,2.198,0.733,3_pares
PARV2_013,PARV2_239,PARV2_113,PARV2_013 → PARV2_239 → PARV2_113 → PARV2_013,2.198,0.733,3_pares
PARV2_129,PARV2_159,PARV2_135,PARV2_129 → PARV2_159 → PARV2_135 → PARV2_129,2.198,0.733,3_pares
PARV2_049,PARV2_239,PARV2_177,PARV2_049 → PARV2_239 → PARV2_177 → PARV2_049,2.198,0.733,3_pares
PARV2_049,PARV2_159,PARV2_219,PARV2_049 → PARV2_159 → PARV2_219 → PARV2_049,2.198,0.733,3_pares
PARV2_049,PARV2_069,PARV2_129,PARV2_049 → PARV2_069 → PARV2_129 → PARV2_049,2.197,0.732,3_pares
PARV2_159,PARV2_193,PARV2_204,PARV2_159 → PARV2_193 → PARV2_204 → PARV2_159,2.197,0.732,3_pares
PARV2_049,PARV2_159,PARV2_204,PARV2_049 → PARV2_159 → PARV2_204 → PARV2_049,2.194,0.731,3_pares
PARV2_041,PARV2_074,PARV2_166,PARV2_041 → PARV2_074 → PARV2_166 → PARV2_041,2.194,0.731,3_pares
PARV2_006,PARV2_166,PARV2_014,PARV2_006 → PARV2_166 → PARV2_014 → PARV2_006,2.194,0.731,3_pares
PARV2_074,PARV2_218,PARV2_135,PARV2_074 → PARV2_218 → PARV2_135 → PARV2_074,2.193,0.731,3_pares
PARV2_166,PARV2_204,PARV2_219,PARV2_166 → PARV2_204 → PARV2_219 → PARV2_166,2.193,0.731,3_pares
PARV2_049,PARV2_159,PARV2_177,PARV2_049 → PARV2_159 → PARV2_177 → PARV2_049,2.192,0.731,3_pares
PARV2_127,PARV2_204,PARV2_246,PARV2_127 → PARV2_204 → PARV2_246 → PARV2_127,2.192,0.731,3_pares
PARV2_013,PARV2_049,PARV2_014,PARV2_013 → PARV2_049 → PARV2_014 → PARV2_013,2.19,0.73,3_pares
PARV2_107,PARV2_159,PARV2_166,PARV2_107 → PARV2_159 → PARV2_166 → PARV2_107,2.19,0.73,3_pares
PARV2_049,PARV2_166,PARV2_070,PARV2_049 → PARV2_166 → PARV2_070 → PARV2_049,2.189,0.73,3_pares
PARV2_090,PARV2_193,PARV2_239,PARV2_090 → PARV2_193 → PARV2_239 → PARV2_090,2.189,0.73,3_pares
PARV2_159,PARV2_166,PARV2_221,PARV2_159 → PARV2_166 → PARV2_221 → PARV2_159,2.189,0.73,3_pares
PARV2_006,PARV2_129,PARV2_159,PARV2_006 → PARV2_129 → PARV2_159 → PARV2_006,2.188,0.729,3_pares
PARV2_013,PARV2_159,PARV2_166,PARV2_013 → PARV2_159 → PARV2_166 → PARV2_013,2.188,0.729,3_pares
PARV2_065,PARV2_159,PARV2_113,PARV2_065 → PARV2_159 → PARV2_113 → PARV2_065,2.187,0.729,3_pares
PARV2_049,PARV2_159,PARV2_125,PARV2_049 → PARV2_159 → PARV2_125 → PARV2_049,2.187,0.729,3_pares
PARV2_074,PARV2_090,PARV2_143,PARV2_074 → PARV2_090 → PARV2_143 → PARV2_074,2.186,0.729,3_pares
PARV2_090,PARV2_159,PARV2_166,PARV2_090 → PARV2_159 → PARV2_166 → PARV2_090,2.186,0.729,3_pares
PARV2_107,PARV2_159,PARV2_125,PARV2_107 → PARV2_159 → PARV2_125 → PARV2_107,2.185,0.728,3_pares
PARV2_193,PARV2_204,PARV2_219,PARV2_193 → PARV2_204 → PARV2_219 → PARV2_193,2.185,0.728,3_pares
PARV2_166,PARV2_181,PARV2_171,PARV2_166 → PARV2_181 → PARV2_171 → PARV2_166,2.185,0.728,3_pares
PARV2_166,PARV2_235,PARV2_219,PARV2_166 → PARV2_235 → PARV2_219 → PARV2_166,2.185,0.728,3_pares
PARV2_129,PARV2_193,PARV2_204,PARV2_129 → PARV2_193 → PARV2_204 → PARV2_129,2.185,0.728,3_pares
PARV2_032,PARV2_187,PARV2_074,PARV2_032 → PARV2_187 → PARV2_074 → PARV2_032,2.184,0.728,3_pares
PARV2_049,PARV2_166,PARV2_139,PARV2_049 → PARV2_166 → PARV2_139 → PARV2_049,2.184,0.728,3_pares
PARV2_049,PARV2_134,PARV2_166,PARV2_049 → PARV2_134 → PARV2_166 → PARV2_049,2.184,0.728,3_pares
PARV2_049,PARV2_166,PARV2_133,PARV2_049 → PARV2_166 → PARV2_133 → PARV2_049,2.183,0.728,3_pares
PARV2_087,PARV2_129,PARV2_166,PARV2_087 → PARV2_129 → PARV2_166 → PARV2_087,2.183,0.728,3_pares
PARV2_121,PARV2_159,PARV2_166,PARV2_121 → PARV2_159 → PARV2_166 → PARV2_121,2.182,0.727,3_pares
PARV2_035,PARV2_127,PARV2_166,PARV2_035 → PARV2_127 → PARV2_166 → PARV2_035,2.182,0.727,3_pares
PARV2_014,PARV2_074,PARV2_129,PARV2_014 → PARV2_074 → PARV2_129 → PARV2_014,2.182,0.727,3_pares
PARV2_035,PARV2_159,PARV2_166,PARV2_035 → PARV2_159 → PARV2_166 → PARV2_035,2.181,0.727,3_pares
PARV2_159,PARV2_181,PARV2_204,PARV2_159 → PARV2_181 → PARV2_204 → PARV2_159,2.181,0.727,3_pares
PARV2_139,PARV2_159,PARV2_166,PARV2_139 → PARV2_159 → PARV2_166 → PARV2_139,2.181,0.727,3_pares
PARV2_006,PARV2_049,PARV2_166,PARV2_006 → PARV2_049 → PARV2_166 → PARV2_006,2.18,0.727,3_pares
PARV2_105,PARV2_166,PARV2_159,PARV2_105 → PARV2_166 → PARV2_159 → PARV2_105,2.18,0.727,3_pares
PARV2_141,PARV2_166,PARV2_159,PARV2_141 → PARV2_166 → PARV2_159 → PARV2_141,2.179,0.726,3_pares
PARV2_049,PARV2_239,PARV2_065,PARV2_049 → PARV2_239 → PARV2_065 → PARV2_049,2.179,0.726,3_pares
PARV2_013,PARV2_159,PARV2_051,PARV2_013 → PARV2_159 → PARV2_051 → PARV2_013,2.178,0.726,3_pares
PARV2_063,PARV2_219,PARV2_166,PARV2_063 → PARV2_219 → PARV2_166 → PARV2_063,2.178,0.726,3_pares
PARV2_049,PARV2_166,PARV2_209,PARV2_049 → PARV2_166 → PARV2_209 → PARV2_049,2.178,0.726,3_pares
PARV2_049,PARV2_159,PARV2_181,PARV2_049 → PARV2_159 → PARV2_181 → PARV2_049,2.178,0.726,3_pares
PARV2_013,PARV2_074,PARV2_198,PARV2_013 → PARV2_074 → PARV2_198 → PARV2_013,2.177,0.726,3_pares
PARV2_021,PARV2_166,PARV2_159,PARV2_021 → PARV2_166 → PARV2_159 → PARV2_021,2.177,0.726,3_pares
PARV2_166,PARV2_177,PARV2_204,PARV2_166 → PARV2_177 → PARV2_204 → PARV2_166,2.176,0.725,3_pares
PARV2_127,PARV2_204,PARV2_129,PARV2_127 → PARV2_204 → PARV2_129 → PARV2_127,2.176,0.725,3_pares
PARV2_032,PARV2_105,PARV2_200,PARV2_032 → PARV2_105 → PARV2_200 → PARV2_032,2.176,0.725,3_pares
PARV2_074,PARV2_218,PARV2_187,PARV2_074 → PARV2_218 → PARV2_187 → PARV2_074,2.175,0.725,3_pares
PARV2_032,PARV2_219,PARV2_200,PARV2_032 → PARV2_219 → PARV2_200 → PARV2_032,2.175,0.725,3_pares
PARV2_022,PARV2_108,PARV2_074,PARV2_022 → PARV2_108 → PARV2_074 → PARV2_022,2.174,0.725,3_pares
PARV2_125,PARV2_204,PARV2_159,PARV2_125 → PARV2_204 → PARV2_159 → PARV2_125,2.174,0.725,3_pares
PARV2_065,PARV2_171,PARV2_166,PARV2_065 → PARV2_171 → PARV2_166 → PARV2_065,2.174,0.725,3_pares
PARV2_032,PARV2_105,PARV2_166,PARV2_032 → PARV2_105 → PARV2_166 → PARV2_032,2.173,0.724,3_pares
PARV2_065,PARV2_166,PARV2_069,PARV2_065 → PARV2_166 → PARV2_069 → PARV2_065,2.172,0.724,3_pares
PARV2_108,PARV2_204,PARV2_225,PARV2_108 → PARV2_204 → PARV2_225 → PARV2_108,2.172,0.724,3_pares
PARV2_070,PARV2_143,PARV2_074,PARV2_070 → PARV2_143 → PARV2_074 → PARV2_070,2.172,0.724,3_pares
PARV2_035,PARV2_049,PARV2_159,PARV2_035 → PARV2_049 → PARV2_159 → PARV2_035,2.171,0.724,3_pares
PARV2_021,PARV2_049,PARV2_159,PARV2_021 → PARV2_049 → PARV2_159 → PARV2_021,2.171,0.724,3_pares
PARV2_090,PARV2_127,PARV2_166,PARV2_090 → PARV2_127 → PARV2_166 → PARV2_090,2.171,0.724,3_pares
PARV2_065,PARV2_166,PARV2_232,PARV2_065 → PARV2_166 → PARV2_232 → PARV2_065,2.17,0.723,3_pares
PARV2_032,PARV2_116,PARV2_166,PARV2_032 → PARV2_116 → PARV2_166 → PARV2_032,2.17,0.723,3_pares
PARV2_065,PARV2_159,PARV2_125,PARV2_065 → PARV2_159 → PARV2_125 → PARV2_065,2.169,0.723,3_pares
PARV2_006,PARV2_219,PARV2_166,PARV2_006 → PARV2_219 → PARV2_166 → PARV2_006,2.169,0.723,3_pares
PARV2_049,PARV2_127,PARV2_204,PARV2_049 → PARV2_127 → PARV2_204 → PARV2_049,2.169,0.723,3_pares
PARV2_125,PARV2_181,PARV2_159,PARV2_125 → PARV2_181 → PARV2_159 → PARV2_125,2.169,0.723,3_pares
PARV2_087,PARV2_171,PARV2_204,PARV2_087 → PARV2_171 → PARV2_204 → PARV2_087,2.169,0.723,3_pares
PARV2_074,PARV2_204,PARV2_113,PARV2_074 → PARV2_204 → PARV2_113 → PARV2_074,2.168,0.723,3_pares
PARV2_013,PARV2_239,PARV2_232,PARV2_013 → PARV2_239 → PARV2_232 → PARV2_013,2.168,0.723,3_pares
PARV2_116,PARV2_134,PARV2_166,PARV2_116 → PARV2_134 → PARV2_166 → PARV2_116,2.168,0.723,3_pares
PARV2_105,PARV2_166,PARV2_204,PARV2_105 → PARV2_166 → PARV2_204 → PARV2_105,2.168,0.723,3_pares
PARV2_049,PARV2_239,PARV2_070,PARV2_049 → PARV2_239 → PARV2_070 → PARV2_049,2.168,0.723,3_pares
PARV2_166,PARV2_204,PARV2_194,PARV2_166 → PARV2_204 → PARV2_194 → PARV2_166,2.167,0.722,3_pares
PARV2_159,PARV2_235,PARV2_219,PARV2_159 → PARV2_235 → PARV2_219 → PARV2_159,2.167,0.722,3_pares
PARV2_181,PARV2_204,PARV2_235,PARV2_181 → PARV2_204 → PARV2_235 → PARV2_181,2.167,0.722,3_pares
PARV2_129,PARV2_159,PARV2_235,PARV2_129 → PARV2_159 → PARV2_235 → PARV2_129,2.167,0.722,3_pares
PARV2_049,PARV2_159,PARV2_133,PARV2_049 → PARV2_159 → PARV2_133 → PARV2_049,2.166,0.722,3_pares
PARV2_159,PARV2_166,PARV2_209,PARV2_159 → PARV2_166 → PARV2_209 → PARV2_159,2.166,0.722,3_pares
PARV2_006,PARV2_116,PARV2_166,PARV2_006 → PARV2_116 → PARV2_166 → PARV2_006,2.166,0.722,3_pares
PARV2_049,PARV2_239,PARV2_219,PARV2_049 → PARV2_239 → PARV2_219 → PARV2_049,2.166,0.722,3_pares
PARV2_063,PARV2_181,PARV2_166,PARV2_063 → PARV2_181 → PARV2_166 → PARV2_063,2.166,0.722,3_pares
PARV2_049,PARV2_159,PARV2_139,PARV2_049 → PARV2_159 → PARV2_139 → PARV2_049,2.166,0.722,3_pares
PARV2_166,PARV2_221,PARV2_204,PARV2_166 → PARV2_221 → PARV2_204 → PARV2_166,2.165,0.722,3_pares
PARV2_069,PARV2_074,PARV2_090,PARV2_069 → PARV2_074 → PARV2_090 → PARV2_069,2.165,0.722,3_pares
PARV2_166,PARV2_235,PARV2_181,PARV2_166 → PARV2_235 → PARV2_181 → PARV2_166,2.164,0.721,3_pares
PARV2_127,PARV2_166,PARV2_159,PARV2_127 → PARV2_166 → PARV2_159 → PARV2_127,2.164,0.721,3_pares
PARV2_065,PARV2_159,PARV2_198,PARV2_065 → PARV2_159 → PARV2_198 → PARV2_065,2.164,0.721,3_pares
PARV2_006,PARV2_133,PARV2_198,PARV2_006 → PARV2_133 → PARV2_198 → PARV2_006,2.164,0.721,3_pares
PARV2_022,PARV2_129,PARV2_074,PARV2_022 → PARV2_129 → PARV2_074 → PARV2_022,2.163,0.721,3_pares
PARV2_107,PARV2_166,PARV2_239,PARV2_107 → PARV2_166 → PARV2_239 → PARV2_107,2.163,0.721,3_pares
PARV2_006,PARV2_049,PARV2_159,PARV2_006 → PARV2_049 → PARV2_159 → PARV2_006,2.163,0.721,3_pares
PARV2_090,PARV2_179,PARV2_166,PARV2_090 → PARV2_179 → PARV2_166 → PARV2_090,2.163,0.721,3_pares
PARV2_125,PARV2_209,PARV2_159,PARV2_125 → PARV2_209 → PARV2_159 → PARV2_125,2.162,0.721,3_pares
PARV2_049,PARV2_166,PARV2_244,PARV2_049 → PARV2_166 → PARV2_244 → PARV2_049,2.162,0.721,3_pares
PARV2_159,PARV2_235,PARV2_177,PARV2_159 → PARV2_235 → PARV2_177 → PARV2_159,2.162,0.721,3_pares
PARV2_079,PARV2_129,PARV2_166,PARV2_079 → PARV2_129 → PARV2_166 → PARV2_079,2.162,0.721,3_pares
PARV2_159,PARV2_210,PARV2_166,PARV2_159 → PARV2_210 → PARV2_166 → PARV2_159,2.161,0.72,3_pares
PARV2_021,PARV2_049,PARV2_239,PARV2_021 → PARV2_049 → PARV2_239 → PARV2_021,2.161,0.72,3_pares
PARV2_069,PARV2_074,PARV2_129,PARV2_069 → PARV2_074 → PARV2_129 → PARV2_069,2.161,0.72,3_pares
PARV2_127,PARV2_204,PARV2_148,PARV2_127 → PARV2_204 → PARV2_148 → PARV2_127,2.161,0.72,3_pares
PARV2_032,PARV2_166,PARV2_204,PARV2_032 → PARV2_166 → PARV2_204 → PARV2_032,2.161,0.72,3_pares
PARV2_049,PARV2_166,PARV2_239,PARV2_049 → PARV2_166 → PARV2_239 → PARV2_049,2.16,0.72,3_pares
PARV2_116,PARV2_200,PARV2_166,PARV2_116 → PARV2_200 → PARV2_166 → PARV2_116,2.16,0.72,3_pares
PARV2_129,PARV2_193,PARV2_159,PARV2_129 → PARV2_193 → PARV2_159 → PARV2_129,2.16,0.72,3_pares
PARV2_074,PARV2_218,PARV2_121,PARV2_074 → PARV2_218 → PARV2_121 → PARV2_074,2.16,0.72,3_pares
PARV2_032,PARV2_113,PARV2_074,PARV2_032 → PARV2_113 → PARV2_074 → PARV2_032,2.16,0.72,3_pares
PARV2_049,PARV2_166,PARV2_193,PARV2_049 → PARV2_166 → PARV2_193 → PARV2_049,2.16,0.72,3_pares
PARV2_049,PARV2_159,PARV2_141,PARV2_049 → PARV2_159 → PARV2_141 → PARV2_049,2.16,0.72,3_pares
PARV2_159,PARV2_166,PARV2_235,PARV2_159 → PARV2_166 → PARV2_235 → PARV2_159,2.16,0.72,3_pares
PARV2_013,PARV2_159,PARV2_232,PARV2_013 → PARV2_159 → PARV2_232 → PARV2_013,2.159,0.72,3_pares
PARV2_068,PARV2_107,PARV2_166,PARV2_068 → PARV2_107 → PARV2_166 → PARV2_068,2.159,0.72,3_pares
PARV2_049,PARV2_166,PARV2_063,PARV2_049 → PARV2_166 → PARV2_063 → PARV2_049,2.158,0.719,3_pares
PARV2_087,PARV2_171,PARV2_166,PARV2_087 → PARV2_171 → PARV2_166 → PARV2_087,2.158,0.719,3_pares
PARV2_065,PARV2_127,PARV2_166,PARV2_065 → PARV2_127 → PARV2_166 → PARV2_065,2.158,0.719,3_pares
PARV2_049,PARV2_159,PARV2_200,PARV2_049 → PARV2_159 → PARV2_200 → PARV2_049,2.157,0.719,3_pares
PARV2_014,PARV2_129,PARV2_166,PARV2_014 → PARV2_129 → PARV2_166 → PARV2_014,2.157,0.719,3_pares
PARV2_159,PARV2_240,PARV2_166,PARV2_159 → PARV2_240 → PARV2_166 → PARV2_159,2.157,0.719,3_pares
PARV2_129,PARV2_166,PARV2_204,PARV2_129 → PARV2_166 → PARV2_204 → PARV2_129,2.157,0.719,3_pares
PARV2_181,PARV2_204,PARV2_216,PARV2_181 → PARV2_204 → PARV2_216 → PARV2_181,2.157,0.719,3_pares
PARV2_013,PARV2_142,PARV2_204,PARV2_013 → PARV2_142 → PARV2_204 → PARV2_013,2.156,0.719,3_pares
PARV2_049,PARV2_166,PARV2_171,PARV2_049 → PARV2_166 → PARV2_171 → PARV2_049,2.156,0.719,3_pares
PARV2_171,PARV2_204,PARV2_184,PARV2_171 → PARV2_204 → PARV2_184 → PARV2_171,2.156,0.719,3_pares
PARV2_116,PARV2_179,PARV2_166,PARV2_116 → PARV2_179 → PARV2_166 → PARV2_116,2.155,0.718,3_pares
PARV2_074,PARV2_113,PARV2_129,PARV2_074 → PARV2_113 → PARV2_129 → PARV2_074,2.155,0.718,3_pares
PARV2_065,PARV2_179,PARV2_166,PARV2_065 → PARV2_179 → PARV2_166 → PARV2_065,2.154,0.718,3_pares
PARV2_049,PARV2_159,PARV2_179,PARV2_049 → PARV2_159 → PARV2_179 → PARV2_049,2.154,0.718,3_pares
PARV2_014,PARV2_074,PARV2_218,PARV2_014 → PARV2_074 → PARV2_218 → PARV2_014,2.154,0.718,3_pares
PARV2_154,PARV2_166,PARV2_159,PARV2_154 → PARV2_166 → PARV2_159 → PARV2_154,2.154,0.718,3_pares
PARV2_063,PARV2_159,PARV2_166,PARV2_063 → PARV2_159 → PARV2_166 → PARV2_063,2.154,0.718,3_pares
PARV2_074,PARV2_192,PARV2_129,PARV2_074 → PARV2_192 → PARV2_129 → PARV2_074,2.154,0.718,3_pares
PARV2_181,PARV2_204,PARV2_239,PARV2_181 → PARV2_204 → PARV2_239 → PARV2_181,2.154,0.718,3_pares
PARV2_074,PARV2_204,PARV2_187,PARV2_074 → PARV2_204 → PARV2_187 → PARV2_074,2.154,0.718,3_pares
PARV2_049,PARV2_159,PARV2_235,PARV2_049 → PARV2_159 → PARV2_235 → PARV2_049,2.154,0.718,3_pares
PARV2_166,PARV2_204,PARV2_212,PARV2_166 → PARV2_204 → PARV2_212 → PARV2_166,2.154,0.718,3_pares
PARV2_127,PARV2_204,PARV2_193,PARV2_127 → PARV2_204 → PARV2_193 → PARV2_127,2.153,0.718,3_pares
PARV2_032,PARV2_219,PARV2_074,PARV2_032 → PARV2_219 → PARV2_074 → PARV2_032,2.153,0.718,3_pares
PARV2_090,PARV2_127,PARV2_159,PARV2_090 → PARV2_127 → PARV2_159 → PARV2_090,2.153,0.718,3_pares
PARV2_069,PARV2_074,PARV2_166,PARV2_069 → PARV2_074 → PARV2_166 → PARV2_069,2.153,0.718,3_pares
PARV2_013,PARV2_074,PARV2_218,PARV2_013 → PARV2_074 → PARV2_218 → PARV2_013,2.153,0.718,3_pares
PARV2_074,PARV2_090,PARV2_127,PARV2_074 → PARV2_090 → PARV2_127 → PARV2_074,2.153,0.718,3_pares
PARV2_049,PARV2_079,PARV2_129,PARV2_049 → PARV2_079 → PARV2_129 → PARV2_049,2.152,0.717,3_pares
PARV2_074,PARV2_204,PARV2_087,PARV2_074 → PARV2_204 → PARV2_087 → PARV2_074,2.152,0.717,3_pares
PARV2_032,PARV2_177,PARV2_204,PARV2_032 → PARV2_177 → PARV2_204 → PARV2_032,2.152,0.717,3_pares
PARV2_074,PARV2_166,PARV2_135,PARV2_074 → PARV2_166 → PARV2_135 → PARV2_074,2.152,0.717,3_pares
PARV2_065,PARV2_159,PARV2_232,PARV2_065 → PARV2_159 → PARV2_232 → PARV2_065,2.152,0.717,3_pares
PARV2_022,PARV2_108,PARV2_204,PARV2_022 → PARV2_108 → PARV2_204 → PARV2_022,2.152,0.717,3_pares
PARV2_129,PARV2_171,PARV2_159,PARV2_129 → PARV2_171 → PARV2_159 → PARV2_129,2.151,0.717,3_pares
PARV2_090,PARV2_193,PARV2_218,PARV2_090 → PARV2_193 → PARV2_218 → PARV2_090,2.151,0.717,3_pares
PARV2_035,PARV2_049,PARV2_239,PARV2_035 → PARV2_049 → PARV2_239 → PARV2_035,2.151,0.717,3_pares
PARV2_022,PARV2_108,PARV2_060,PARV2_022 → PARV2_108 → PARV2_060 → PARV2_022,2.151,0.717,3_pares
PARV2_102,PARV2_193,PARV2_204,PARV2_102 → PARV2_193 → PARV2_204 → PARV2_102,2.15,0.717,3_pares
PARV2_049,PARV2_134,PARV2_204,PARV2_049 → PARV2_134 → PARV2_204 → PARV2_049,2.15,0.717,3_pares
PARV2_063,PARV2_181,PARV2_204,PARV2_063 → PARV2_181 → PARV2_204 → PARV2_063,2.15,0.717,3_pares
PARV2_116,PARV2_166,PARV2_239,PARV2_116 → PARV2_166 → PARV2_239 → PARV2_116,2.15,0.717,3_pares
PARV2_022,PARV2_065,PARV2_159,PARV2_022 → PARV2_065 → PARV2_159 → PARV2_022,2.15,0.717,3_pares
PARV2_074,PARV2_218,PARV2_184,PARV2_074 → PARV2_218 → PARV2_184 → PARV2_074,2.15,0.717,3_pares
PARV2_107,PARV2_159,PARV2_235,PARV2_107 → PARV2_159 → PARV2_235 → PARV2_107,2.149,0.716,3_pares
PARV2_087,PARV2_129,PARV2_200,PARV2_087 → PARV2_129 → PARV2_200 → PARV2_087,2.149,0.716,3_pares
PARV2_074,PARV2_166,PARV2_116,PARV2_074 → PARV2_166 → PARV2_116 → PARV2_074,2.148,0.716,3_pares
PARV2_041,PARV2_171,PARV2_166,PARV2_041 → PARV2_171 → PARV2_166 → PARV2_041,2.148,0.716,3_pares
PARV2_032,PARV2_159,PARV2_166,PARV2_032 → PARV2_159 → PARV2_166 → PARV2_032,2.148,0.716,3_pares
PARV2_108,PARV2_181,PARV2_159,PARV2_108 → PARV2_181 → PARV2_159 → PARV2_108,2.148,0.716,3_pares
PARV2_074,PARV2_166,PARV2_121,PARV2_074 → PARV2_166 → PARV2_121 → PARV2_074,2.148,0.716,3_pares
PARV2_159,PARV2_246,PARV2_166,PARV2_159 → PARV2_246 → PARV2_166 → PARV2_159,2.148,0.716,3_pares
PARV2_049,PARV2_239,PARV2_181,PARV2_049 → PARV2_239 → PARV2_181 → PARV2_049,2.147,0.716,3_pares
PARV2_108,PARV2_181,PARV2_238,PARV2_108 → PARV2_181 → PARV2_238 → PARV2_108,2.147,0.716,3_pares
PARV2_006,PARV2_166,PARV2_087,PARV2_006 → PARV2_166 → PARV2_087 → PARV2_006,2.147,0.716,3_pares
PARV2_032,PARV2_049,PARV2_166,PARV2_032 → PARV2_049 → PARV2_166 → PARV2_032,2.147,0.716,3_pares
PARV2_166,PARV2_244,PARV2_200,PARV2_166 → PARV2_244 → PARV2_200 → PARV2_166,2.147,0.716,3_pares
PARV2_013,PARV2_159,PARV2_204,PARV2_013 → PARV2_159 → PARV2_204 → PARV2_013,2.147,0.716,3_pares
PARV2_133,PARV2_159,PARV2_166,PARV2_133 → PARV2_159 → PARV2_166 → PARV2_133,2.147,0.716,3_pares
PARV2_166,PARV2_181,PARV2_239,PARV2_166 → PARV2_181 → PARV2_239 → PARV2_166,2.147,0.716,3_pares
PARV2_014,PARV2_074,PARV2_181,PARV2_014 → PARV2_074 → PARV2_181 → PARV2_014,2.146,0.715,3_pares
PARV2_079,PARV2_239,PARV2_166,PARV2_079 → PARV2_239 → PARV2_166 → PARV2_079,2.146,0.715,3_pares
PARV2_090,PARV2_179,PARV2_204,PARV2_090 → PARV2_179 → PARV2_204 → PARV2_090,2.146,0.715,3_pares
PARV2_127,PARV2_166,PARV2_148,PARV2_127 → PARV2_166 → PARV2_148 → PARV2_127,2.146,0.715,3_pares
PARV2_014,PARV2_129,PARV2_049,PARV2_014 → PARV2_129 → PARV2_049 → PARV2_014,2.146,0.715,3_pares
PARV2_032,PARV2_108,PARV2_204,PARV2_032 → PARV2_108 → PARV2_204 → PARV2_032,2.145,0.715,3_pares
PARV2_129,PARV2_159,PARV2_200,PARV2_129 → PARV2_159 → PARV2_200 → PARV2_129,2.145,0.715,3_pares
PARV2_074,PARV2_218,PARV2_219,PARV2_074 → PARV2_218 → PARV2_219 → PARV2_074,2.145,0.715,3_pares
PARV2_134,PARV2_159,PARV2_166,PARV2_134 → PARV2_159 → PARV2_166 → PARV2_134,2.144,0.715,3_pares
PARV2_098,PARV2_159,PARV2_125,PARV2_098 → PARV2_159 → PARV2_125 → PARV2_098,2.144,0.715,3_pares
PARV2_193,PARV2_204,PARV2_239,PARV2_193 → PARV2_204 → PARV2_239 → PARV2_193,2.144,0.715,3_pares
PARV2_063,PARV2_177,PARV2_166,PARV2_063 → PARV2_177 → PARV2_166 → PARV2_063,2.144,0.715,3_pares
PARV2_159,PARV2_166,PARV2_171,PARV2_159 → PARV2_166 → PARV2_171 → PARV2_159,2.144,0.715,3_pares
PARV2_006,PARV2_166,PARV2_135,PARV2_006 → PARV2_166 → PARV2_135 → PARV2_006,2.144,0.715,3_pares
PARV2_006,PARV2_159,PARV2_166,PARV2_006 → PARV2_159 → PARV2_166 → PARV2_006,2.144,0.715,3_pares
PARV2_166,PARV2_219,PARV2_216,PARV2_166 → PARV2_219 → PARV2_216 → PARV2_166,2.144,0.715,3_pares
PARV2_065,PARV2_193,PARV2_166,PARV2_065 → PARV2_193 → PARV2_166 → PARV2_065,2.143,0.714,3_pares
PARV2_090,PARV2_171,PARV2_166,PARV2_090 → PARV2_171 → PARV2_166 → PARV2_090,2.143,0.714,3_pares
PARV2_006,PARV2_194,PARV2_166,PARV2_006 → PARV2_194 → PARV2_166 → PARV2_006,2.143,0.714,3_pares
PARV2_014,PARV2_074,PARV2_207,PARV2_014 → PARV2_074 → PARV2_207 → PARV2_014,2.143,0.714,3_pares
PARV2_166,PARV2_204,PARV2_207,PARV2_166 → PARV2_204 → PARV2_207 → PARV2_166,2.143,0.714,3_pares
PARV2_129,PARV2_166,PARV2_135,PARV2_129 → PARV2_166 → PARV2_135 → PARV2_129,2.143,0.714,3_pares
PARV2_049,PARV2_174,PARV2_219,PARV2_049 → PARV2_174 → PARV2_219 → PARV2_049,2.143,0.714,3_pares
PARV2_006,PARV2_107,PARV2_166,PARV2_006 → PARV2_107 → PARV2_166 → PARV2_006,2.143,0.714,3_pares
PARV2_159,PARV2_166,PARV2_207,PARV2_159 → PARV2_166 → PARV2_207 → PARV2_159,2.142,0.714,3_pares
PARV2_090,PARV2_159,PARV2_235,PARV2_090 → PARV2_159 → PARV2_235 → PARV2_090,2.142,0.714,3_pares
PARV2_087,PARV2_171,PARV2_159,PARV2_087 → PARV2_171 → PARV2_159 → PARV2_087,2.141,0.714,3_pares
PARV2_006,PARV2_200,PARV2_032,PARV2_006 → PARV2_200 → PARV2_032 → PARV2_006,2.141,0.714,3_pares
PARV2_035,PARV2_171,PARV2_166,PARV2_035 → PARV2_171 → PARV2_166 → PARV2_035,2.141,0.714,3_pares
PARV2_041,PARV2_074,PARV2_204,PARV2_041 → PARV2_074 → PARV2_204 → PARV2_041,2.14,0.713,3_pares
PARV2_166,PARV2_239,PARV2_219,PARV2_166 → PARV2_239 → PARV2_219 → PARV2_166,2.14,0.713,3_pares
PARV2_090,PARV2_134,PARV2_166,PARV2_090 → PARV2_134 → PARV2_166 → PARV2_090,2.139,0.713,3_pares
PARV2_049,PARV2_159,PARV2_121,PARV2_049 → PARV2_159 → PARV2_121 → PARV2_049,2.139,0.713,3_pares
PARV2_006,PARV2_209,PARV2_159,PARV2_006 → PARV2_209 → PARV2_159 → PARV2_006,2.139,0.713,3_pares
PARV2_074,PARV2_090,PARV2_182,PARV2_074 → PARV2_090 → PARV2_182 → PARV2_074,2.139,0.713,3_pares
PARV2_022,PARV2_108,PARV2_159,PARV2_022 → PARV2_108 → PARV2_159 → PARV2_022,2.139,0.713,3_pares
PARV2_049,PARV2_127,PARV2_166,PARV2_049 → PARV2_127 → PARV2_166 → PARV2_049,2.138,0.713,3_pares
PARV2_014,PARV2_129,PARV2_159,PARV2_014 → PARV2_129 → PARV2_159 → PARV2_014,2.138,0.713,3_pares
PARV2_013,PARV2_049,PARV2_203,PARV2_013 → PARV2_049 → PARV2_203 → PARV2_013,2.138,0.713,3_pares
PARV2_006,PARV2_166,PARV2_032,PARV2_006 → PARV2_166 → PARV2_032 → PARV2_006,2.138,0.713,3_pares
PARV2_122,PARV2_166,PARV2_159,PARV2_122 → PARV2_166 → PARV2_159 → PARV2_122,2.138,0.713,3_pares
PARV2_013,PARV2_049,PARV2_239,PARV2_013 → PARV2_049 → PARV2_239 → PARV2_013,2.138,0.713,3_pares
PARV2_006,PARV2_133,PARV2_079,PARV2_006 → PARV2_133 → PARV2_079 → PARV2_006,2.138,0.713,3_pares
PARV2_127,PARV2_204,PARV2_207,PARV2_127 → PARV2_204 → PARV2_207 → PARV2_127,2.138,0.713,3_pares
PARV2_049,PARV2_193,PARV2_204,PARV2_049 → PARV2_193 → PARV2_204 → PARV2_049,2.138,0.713,3_pares
PARV2_032,PARV2_181,PARV2_204,PARV2_032 → PARV2_181 → PARV2_204 → PARV2_032,2.137,0.712,3_pares
PARV2_142,PARV2_166,PARV2_181,PARV2_142 → PARV2_166 → PARV2_181 → PARV2_142,2.137,0.712,3_pares
PARV2_065,PARV2_159,PARV2_187,PARV2_065 → PARV2_159 → PARV2_187 → PARV2_065,2.137,0.712,3_pares
PARV2_049,PARV2_239,PARV2_204,PARV2_049 → PARV2_239 → PARV2_204 → PARV2_049,2.137,0.712,3_pares
PARV2_074,PARV2_218,PARV2_087,PARV2_074 → PARV2_218 → PARV2_087 → PARV2_074,2.136,0.712,3_pares
PARV2_074,PARV2_181,PARV2_143,PARV2_074 → PARV2_181 → PARV2_143 → PARV2_074,2.136,0.712,3_pares
PARV2_105,PARV2_142,PARV2_204,PARV2_105 → PARV2_142 → PARV2_204 → PARV2_105,2.136,0.712,3_pares
PARV2_125,PARV2_164,PARV2_159,PARV2_125 → PARV2_164 → PARV2_159 → PARV2_125,2.136,0.712,3_pares
PARV2_129,PARV2_171,PARV2_204,PARV2_129 → PARV2_171 → PARV2_204 → PARV2_129,2.135,0.712,3_pares
PARV2_013,PARV2_159,PARV2_125,PARV2_013 → PARV2_159 → PARV2_125 → PARV2_013,2.135,0.712,3_pares
PARV2_006,PARV2_166,PARV2_069,PARV2_006 → PARV2_166 → PARV2_069 → PARV2_006,2.135,0.712,3_pares
PARV2_006,PARV2_074,PARV2_225,PARV2_006 → PARV2_074 → PARV2_225 → PARV2_006,2.135,0.712,3_pares
PARV2_049,PARV2_166,PARV2_235,PARV2_049 → PARV2_166 → PARV2_235 → PARV2_049,2.135,0.712,3_pares
PARV2_014,PARV2_074,PARV2_204,PARV2_014 → PARV2_074 → PARV2_204 → PARV2_014,2.134,0.711,3_pares
PARV2_127,PARV2_159,PARV2_129,PARV2_127 → PARV2_159 → PARV2_129 → PARV2_127,2.134,0.711,3_pares
PARV2_090,PARV2_171,PARV2_204,PARV2_090 → PARV2_171 → PARV2_204 → PARV2_090,2.134,0.711,3_pares
PARV2_049,PARV2_174,PARV2_107,PARV2_049 → PARV2_174 → PARV2_107 → PARV2_049,2.134,0.711,3_pares
PARV2_049,PARV2_159,PARV2_221,PARV2_049 → PARV2_159 → PARV2_221 → PARV2_049,2.134,0.711,3_pares
PARV2_079,PARV2_171,PARV2_166,PARV2_079 → PARV2_171 → PARV2_166 → PARV2_079,2.134,0.711,3_pares
PARV2_032,PARV2_041,PARV2_074,PARV2_032 → PARV2_041 → PARV2_074 → PARV2_032,2.133,0.711,3_pares
PARV2_166,PARV2_208,PARV2_171,PARV2_166 → PARV2_208 → PARV2_171 → PARV2_166,2.133,0.711,3_pares
PARV2_090,PARV2_159,PARV2_204,PARV2_090 → PARV2_159 → PARV2_204 → PARV2_090,2.133,0.711,3_pares
PARV2_006,PARV2_105,PARV2_166,PARV2_006 → PARV2_105 → PARV2_166 → PARV2_006,2.133,0.711,3_pares
PARV2_013,PARV2_159,PARV2_135,PARV2_013 → PARV2_159 → PARV2_135 → PARV2_013,2.133,0.711,3_pares
PARV2_051,PARV2_074,PARV2_177,PARV2_051 → PARV2_074 → PARV2_177 → PARV2_051,2.133,0.711,3_pares
PARV2_013,PARV2_074,PARV2_204,PARV2_013 → PARV2_074 → PARV2_204 → PARV2_013,2.133,0.711,3_pares
PARV2_014,PARV2_074,PARV2_049,PARV2_014 → PARV2_074 → PARV2_049 → PARV2_014,2.133,0.711,3_pares
PARV2_193,PARV2_218,PARV2_219,PARV2_193 → PARV2_218 → PARV2_219 → PARV2_193,2.132,0.711,3_pares
PARV2_035,PARV2_166,PARV2_063,PARV2_035 → PARV2_166 → PARV2_063 → PARV2_035,2.132,0.711,3_pares
PARV2_013,PARV2_159,PARV2_154,PARV2_013 → PARV2_159 → PARV2_154 → PARV2_013,2.132,0.711,3_pares
PARV2_074,PARV2_207,PARV2_182,PARV2_074 → PARV2_207 → PARV2_182 → PARV2_074,2.132,0.711,3_pares
PARV2_108,PARV2_204,PARV2_187,PARV2_108 → PARV2_204 → PARV2_187 → PARV2_108,2.132,0.711,3_pares
PARV2_014,PARV2_074,PARV2_105,PARV2_014 → PARV2_074 → PARV2_105 → PARV2_014,2.132,0.711,3_pares
PARV2_177,PARV2_204,PARV2_239,PARV2_177 → PARV2_204 → PARV2_239 → PARV2_177,2.132,0.711,3_pares
PARV2_013,PARV2_049,PARV2_069,PARV2_013 → PARV2_049 → PARV2_069 → PARV2_013,2.132,0.711,3_pares
PARV2_035,PARV2_204,PARV2_166,PARV2_035 → PARV2_204 → PARV2_166 → PARV2_035,2.132,0.711,3_pares
PARV2_013,PARV2_171,PARV2_198,PARV2_013 → PARV2_171 → PARV2_198 → PARV2_013,2.132,0.711,3_pares
PARV2_177,PARV2_193,PARV2_204,PARV2_177 → PARV2_193 → PARV2_204 → PARV2_177,2.132,0.711,3_pares
PARV2_069,PARV2_129,PARV2_179,PARV2_069 → PARV2_129 → PARV2_179 → PARV2_069,2.131,0.71,3_pares
PARV2_049,PARV2_166,PARV2_125,PARV2_049 → PARV2_166 → PARV2_125 → PARV2_049,2.131,0.71,3_pares
PARV2_063,PARV2_207,PARV2_166,PARV2_063 → PARV2_207 → PARV2_166 → PARV2_063,2.131,0.71,3_pares
PARV2_006,PARV2_166,PARV2_146,PARV2_006 → PARV2_166 → PARV2_146 → PARV2_006,2.13,0.71,3_pares
PARV2_049,PARV2_159,PARV2_116,PARV2_049 → PARV2_159 → PARV2_116 → PARV2_049,2.13,0.71,3_pares
PARV2_049,PARV2_203,PARV2_129,PARV2_049 → PARV2_203 → PARV2_129 → PARV2_049,2.13,0.71,3_pares
PARV2_049,PARV2_239,PARV2_129,PARV2_049 → PARV2_239 → PARV2_129 → PARV2_049,2.13,0.71,3_pares
PARV2_107,PARV2_166,PARV2_235,PARV2_107 → PARV2_166 → PARV2_235 → PARV2_107,2.13,0.71,3_pares
PARV2_051,PARV2_074,PARV2_219,PARV2_051 → PARV2_074 → PARV2_219 → PARV2_051,2.13,0.71,3_pares
PARV2_069,PARV2_239,PARV2_090,PARV2_069 → PARV2_239 → PARV2_090 → PARV2_069,2.129,0.71,3_pares
PARV2_107,PARV2_166,PARV2_125,PARV2_107 → PARV2_166 → PARV2_125 → PARV2_107,2.129,0.71,3_pares
PARV2_074,PARV2_204,PARV2_184,PARV2_074 → PARV2_204 → PARV2_184 → PARV2_074,2.129,0.71,3_pares
PARV2_127,PARV2_166,PARV2_181,PARV2_127 → PARV2_166 → PARV2_181 → PARV2_127,2.129,0.71,3_pares
PARV2_159,PARV2_235,PARV2_209,PARV2_159 → PARV2_235 → PARV2_209 → PARV2_159,2.129,0.71,3_pares
PARV2_127,PARV2_159,PARV2_148,PARV2_127 → PARV2_159 → PARV2_148 → PARV2_127,2.128,0.709,3_pares
PARV2_049,PARV2_166,PARV2_148,PARV2_049 → PARV2_166 → PARV2_148 → PARV2_049,2.128,0.709,3_pares
PARV2_074,PARV2_218,PARV2_198,PARV2_074 → PARV2_218 → PARV2_198 → PARV2_074,2.128,0.709,3_pares
PARV2_049,PARV2_142,PARV2_193,PARV2_049 → PARV2_142 → PARV2_193 → PARV2_049,2.128,0.709,3_pares
PARV2_063,PARV2_177,PARV2_204,PARV2_063 → PARV2_177 → PARV2_204 → PARV2_063,2.128,0.709,3_pares
PARV2_006,PARV2_200,PARV2_166,PARV2_006 → PARV2_200 → PARV2_166 → PARV2_006,2.128,0.709,3_pares
PARV2_121,PARV2_200,PARV2_166,PARV2_121 → PARV2_200 → PARV2_166 → PARV2_121,2.128,0.709,3_pares
PARV2_049,PARV2_166,PARV2_068,PARV2_049 → PARV2_166 → PARV2_068 → PARV2_049,2.127,0.709,3_pares
PARV2_125,PARV2_219,PARV2_159,PARV2_125 → PARV2_219 → PARV2_159 → PARV2_125,2.127,0.709,3_pares
PARV2_013,PARV2_074,PARV2_137,PARV2_013 → PARV2_074 → PARV2_137 → PARV2_013,2.127,0.709,3_pares
PARV2_074,PARV2_218,PARV2_116,PARV2_074 → PARV2_218 → PARV2_116 → PARV2_074,2.127,0.709,3_pares
PARV2_035,PARV2_127,PARV2_159,PARV2_035 → PARV2_127 → PARV2_159 → PARV2_035,2.127,0.709,3_pares
PARV2_074,PARV2_225,PARV2_108,PARV2_074 → PARV2_225 → PARV2_108 → PARV2_074,2.127,0.709,3_pares
PARV2_090,PARV2_171,PARV2_159,PARV2_090 → PARV2_171 → PARV2_159 → PARV2_090,2.126,0.709,3_pares
PARV2_006,PARV2_107,PARV2_159,PARV2_006 → PARV2_107 → PARV2_159 → PARV2_006,2.126,0.709,3_pares
PARV2_069,PARV2_129,PARV2_193,PARV2_069 → PARV2_129 → PARV2_193 → PARV2_069,2.126,0.709,3_pares
PARV2_108,PARV2_129,PARV2_159,PARV2_108 → PARV2_129 → PARV2_159 → PARV2_108,2.126,0.709,3_pares
PARV2_166,PARV2_177,PARV2_171,PARV2_166 → PARV2_177 → PARV2_171 → PARV2_166,2.126,0.709,3_pares
PARV2_006,PARV2_035,PARV2_198,PARV2_006 → PARV2_035 → PARV2_198 → PARV2_006,2.125,0.708,3_pares
PARV2_065,PARV2_166,PARV2_188,PARV2_065 → PARV2_166 → PARV2_188 → PARV2_065,2.125,0.708,3_pares
PARV2_014,PARV2_074,PARV2_177,PARV2_014 → PARV2_074 → PARV2_177 → PARV2_014,2.125,0.708,3_pares
PARV2_166,PARV2_177,PARV2_193,PARV2_166 → PARV2_177 → PARV2_193 → PARV2_166,2.125,0.708,3_pares
PARV2_127,PARV2_166,PARV2_221,PARV2_127 → PARV2_166 → PARV2_221 → PARV2_127,2.125,0.708,3_pares
PARV2_063,PARV2_107,PARV2_166,PARV2_063 → PARV2_107 → PARV2_166 → PARV2_063,2.125,0.708,3_pares
PARV2_159,PARV2_204,PARV2_207,PARV2_159 → PARV2_204 → PARV2_207 → PARV2_159,2.125,0.708,3_pares
PARV2_074,PARV2_204,PARV2_129,PARV2_074 → PARV2_204 → PARV2_129 → PARV2_074,2.125,0.708,3_pares
PARV2_074,PARV2_166,PARV2_087,PARV2_074 → PARV2_166 → PARV2_087 → PARV2_074,2.124,0.708,3_pares
PARV2_069,PARV2_074,PARV2_181,PARV2_069 → PARV2_074 → PARV2_181 → PARV2_069,2.124,0.708,3_pares
PARV2_129,PARV2_159,PARV2_225,PARV2_129 → PARV2_159 → PARV2_225 → PARV2_129,2.124,0.708,3_pares
PARV2_049,PARV2_159,PARV2_122,PARV2_049 → PARV2_159 → PARV2_122 → PARV2_049,2.124,0.708,3_pares
PARV2_127,PARV2_166,PARV2_139,PARV2_127 → PARV2_166 → PARV2_139 → PARV2_127,2.124,0.708,3_pares
PARV2_014,PARV2_074,PARV2_171,PARV2_014 → PARV2_074 → PARV2_171 → PARV2_014,2.123,0.708,3_pares
PARV2_129,PARV2_171,PARV2_198,PARV2_129 → PARV2_171 → PARV2_198 → PARV2_129,2.123,0.708,3_pares
PARV2_013,PARV2_171,PARV2_159,PARV2_013 → PARV2_171 → PARV2_159 → PARV2_013,2.123,0.708,3_pares
PARV2_159,PARV2_219,PARV2_193,PARV2_159 → PARV2_219 → PARV2_193 → PARV2_159,2.123,0.708,3_pares
PARV2_069,PARV2_074,PARV2_219,PARV2_069 → PARV2_074 → PARV2_219 → PARV2_069,2.123,0.708,3_pares
PARV2_006,PARV2_013,PARV2_159,PARV2_006 → PARV2_013 → PARV2_159 → PARV2_006,2.123,0.708,3_pares
PARV2_090,PARV2_134,PARV2_204,PARV2_090 → PARV2_134 → PARV2_204 → PARV2_090,2.122,0.707,3_pares
PARV2_006,PARV2_159,PARV2_113,PARV2_006 → PARV2_159 → PARV2_113 → PARV2_006,2.122,0.707,3_pares
PARV2_069,PARV2_074,PARV2_207,PARV2_069 → PARV2_074 → PARV2_207 → PARV2_069,2.122,0.707,3_pares
PARV2_159,PARV2_177,PARV2_204,PARV2_159 → PARV2_177 → PARV2_204 → PARV2_159,2.122,0.707,3_pares
PARV2_122,PARV2_159,PARV2_204,PARV2_122 → PARV2_159 → PARV2_204 → PARV2_122,2.121,0.707,3_pares
PARV2_069,PARV2_074,PARV2_107,PARV2_069 → PARV2_074 → PARV2_107 → PARV2_069,2.121,0.707,3_pares
PARV2_090,PARV2_134,PARV2_159,PARV2_090 → PARV2_134 → PARV2_159 → PARV2_090,2.121,0.707,3_pares
PARV2_006,PARV2_166,PARV2_204,PARV2_006 → PARV2_166 → PARV2_204 → PARV2_006,2.121,0.707,3_pares
PARV2_001,PARV2_074,PARV2_159,PARV2_001 → PARV2_074 → PARV2_159 → PARV2_001,2.121,0.707,3_pares
PARV2_166,PARV2_235,PARV2_221,PARV2_166 → PARV2_235 → PARV2_221 → PARV2_166,2.121,0.707,3_pares
PARV2_134,PARV2_166,PARV2_204,PARV2_134 → PARV2_166 → PARV2_204 → PARV2_134,2.121,0.707,3_pares
PARV2_013,PARV2_193,PARV2_204,PARV2_013 → PARV2_193 → PARV2_204 → PARV2_013,2.12,0.707,3_pares
PARV2_021,PARV2_204,PARV2_159,PARV2_021 → PARV2_204 → PARV2_159 → PARV2_021,2.12,0.707,3_pares
PARV2_105,PARV2_166,PARV2_235,PARV2_105 → PARV2_166 → PARV2_235 → PARV2_105,2.12,0.707,3_pares
PARV2_006,PARV2_074,PARV2_113,PARV2_006 → PARV2_074 → PARV2_113 → PARV2_006,2.12,0.707,3_pares
PARV2_028,PARV2_049,PARV2_166,PARV2_028 → PARV2_049 → PARV2_166 → PARV2_028,2.12,0.707,3_pares
PARV2_041,PARV2_239,PARV2_166,PARV2_041 → PARV2_239 → PARV2_166 → PARV2_041,2.12,0.707,3_pares
PARV2_006,PARV2_209,PARV2_166,PARV2_006 → PARV2_209 → PARV2_166 → PARV2_006,2.12,0.707,3_pares
PARV2_032,PARV2_129,PARV2_159,PARV2_032 → PARV2_129 → PARV2_159 → PARV2_032,2.119,0.706,3_pares
PARV2_013,PARV2_159,PARV2_146,PARV2_013 → PARV2_159 → PARV2_146 → PARV2_013,2.119,0.706,3_pares
PARV2_090,PARV2_193,PARV2_216,PARV2_090 → PARV2_193 → PARV2_216 → PARV2_090,2.119,0.706,3_pares
PARV2_107,PARV2_159,PARV2_200,PARV2_107 → PARV2_159 → PARV2_200 → PARV2_107,2.119,0.706,3_pares
PARV2_098,PARV2_204,PARV2_113,PARV2_098 → PARV2_204 → PARV2_113 → PARV2_098,2.119,0.706,3_pares
PARV2_129,PARV2_159,PARV2_203,PARV2_129 → PARV2_159 → PARV2_203 → PARV2_129,2.119,0.706,3_pares
PARV2_074,PARV2_137,PARV2_129,PARV2_074 → PARV2_137 → PARV2_129 → PARV2_074,2.119,0.706,3_pares
PARV2_006,PARV2_133,PARV2_159,PARV2_006 → PARV2_133 → PARV2_159 → PARV2_006,2.119,0.706,3_pares
PARV2_108,PARV2_181,PARV2_198,PARV2_108 → PARV2_181 → PARV2_198 → PARV2_108,2.119,0.706,3_pares
PARV2_013,PARV2_239,PARV2_204,PARV2_013 → PARV2_239 → PARV2_204 → PARV2_013,2.119,0.706,3_pares
PARV2_006,PARV2_074,PARV2_032,PARV2_006 → PARV2_074 → PARV2_032 → PARV2_006,2.119,0.706,3_pares
PARV2_134,PARV2_166,PARV2_177,PARV2_134 → PARV2_166 → PARV2_177 → PARV2_134,2.118,0.706,3_pares
PARV2_032,PARV2_219,PARV2_159,PARV2_032 → PARV2_219 → PARV2_159 → PARV2_032,2.118,0.706,3_pares
PARV2_065,PARV2_159,PARV2_135,PARV2_065 → PARV2_159 → PARV2_135 → PARV2_065,2.118,0.706,3_pares
PARV2_013,PARV2_159,PARV2_022,PARV2_013 → PARV2_159 → PARV2_022 → PARV2_013,2.118,0.706,3_pares
PARV2_069,PARV2_239,PARV2_166,PARV2_069 → PARV2_239 → PARV2_166 → PARV2_069,2.118,0.706,3_pares
PARV2_035,PARV2_166,PARV2_239,PARV2_035 → PARV2_166 → PARV2_239 → PARV2_035,2.118,0.706,3_pares
PARV2_074,PARV2_116,PARV2_182,PARV2_074 → PARV2_116 → PARV2_182 → PARV2_074,2.117,0.706,3_pares
PARV2_006,PARV2_049,PARV2_079,PARV2_006 → PARV2_049 → PARV2_079 → PARV2_006,2.117,0.706,3_pares
PARV2_108,PARV2_239,PARV2_187,PARV2_108 → PARV2_239 → PARV2_187 → PARV2_108,2.117,0.706,3_pares
PARV2_013,PARV2_159,PARV2_200,PARV2_013 → PARV2_159 → PARV2_200 → PARV2_013,2.117,0.706,3_pares
PARV2_013,PARV2_014,PARV2_074,PARV2_013 → PARV2_014 → PARV2_074 → PARV2_013,2.117,0.706,3_pares
PARV2_065,PARV2_166,PARV2_235,PARV2_065 → PARV2_166 → PARV2_235 → PARV2_065,2.117,0.706,3_pares
PARV2_166,PARV2_232,PARV2_239,PARV2_166 → PARV2_232 → PARV2_239 → PARV2_166,2.117,0.706,3_pares
PARV2_028,PARV2_159,PARV2_166,PARV2_028 → PARV2_159 → PARV2_166 → PARV2_028,2.117,0.706,3_pares
PARV2_166,PARV2_204,PARV2_246,PARV2_166 → PARV2_204 → PARV2_246 → PARV2_166,2.116,0.705,3_pares
PARV2_159,PARV2_166,PARV2_193,PARV2_159 → PARV2_166 → PARV2_193 → PARV2_159,2.116,0.705,3_pares
PARV2_063,PARV2_194,PARV2_166,PARV2_063 → PARV2_194 → PARV2_166 → PARV2_063,2.116,0.705,3_pares
PARV2_129,PARV2_179,PARV2_204,PARV2_129 → PARV2_179 → PARV2_204 → PARV2_129,2.116,0.705,3_pares
PARV2_013,PARV2_159,PARV2_187,PARV2_013 → PARV2_159 → PARV2_187 → PARV2_013,2.115,0.705,3_pares
PARV2_049,PARV2_203,PARV2_138,PARV2_049 → PARV2_203 → PARV2_138 → PARV2_049,2.115,0.705,3_pares
PARV2_035,PARV2_204,PARV2_159,PARV2_035 → PARV2_204 → PARV2_159 → PARV2_035,2.115,0.705,3_pares
PARV2_032,PARV2_108,PARV2_200,PARV2_032 → PARV2_108 → PARV2_200 → PARV2_032,2.115,0.705,3_pares
PARV2_087,PARV2_108,PARV2_159,PARV2_087 → PARV2_108 → PARV2_159 → PARV2_087,2.115,0.705,3_pares
PARV2_142,PARV2_166,PARV2_177,PARV2_142 → PARV2_166 → PARV2_177 → PARV2_142,2.115,0.705,3_pares
PARV2_049,PARV2_239,PARV2_121,PARV2_049 → PARV2_239 → PARV2_121 → PARV2_049,2.115,0.705,3_pares
PARV2_127,PARV2_204,PARV2_240,PARV2_127 → PARV2_204 → PARV2_240 → PARV2_127,2.115,0.705,3_pares
PARV2_049,PARV2_159,PARV2_210,PARV2_049 → PARV2_159 → PARV2_210 → PARV2_049,2.115,0.705,3_pares
PARV2_006,PARV2_219,PARV2_159,PARV2_006 → PARV2_219 → PARV2_159 → PARV2_006,2.115,0.705,3_pares
PARV2_098,PARV2_159,PARV2_113,PARV2_098 → PARV2_159 → PARV2_113 → PARV2_098,2.115,0.705,3_pares
PARV2_035,PARV2_069,PARV2_239,PARV2_035 → PARV2_069 → PARV2_239 → PARV2_035,2.114,0.705,3_pares
PARV2_014,PARV2_074,PARV2_032,PARV2_014 → PARV2_074 → PARV2_032 → PARV2_014,2.114,0.705,3_pares
PARV2_032,PARV2_159,PARV2_200,PARV2_032 → PARV2_159 → PARV2_200 → PARV2_032,2.114,0.705,3_pares
PARV2_127,PARV2_204,PARV2_159,PARV2_127 → PARV2_204 → PARV2_159 → PARV2_127,2.114,0.705,3_pares
PARV2_166,PARV2_204,PARV2_209,PARV2_166 → PARV2_204 → PARV2_209 → PARV2_166,2.114,0.705,3_pares
PARV2_021,PARV2_204,PARV2_239,PARV2_021 → PARV2_204 → PARV2_239 → PARV2_021,2.114,0.705,3_pares
PARV2_159,PARV2_235,PARV2_244,PARV2_159 → PARV2_235 → PARV2_244 → PARV2_159,2.114,0.705,3_pares
PARV2_129,PARV2_134,PARV2_159,PARV2_129 → PARV2_134 → PARV2_159 → PARV2_129,2.114,0.705,3_pares
PARV2_129,PARV2_159,PARV2_188,PARV2_129 → PARV2_159 → PARV2_188 → PARV2_129,2.114,0.705,3_pares
PARV2_013,PARV2_049,PARV2_174,PARV2_013 → PARV2_049 → PARV2_174 → PARV2_013,2.114,0.705,3_pares
PARV2_014,PARV2_074,PARV2_133,PARV2_014 → PARV2_074 → PARV2_133 → PARV2_014,2.113,0.704,3_pares
PARV2_074,PARV2_166,PARV2_221,PARV2_074 → PARV2_166 → PARV2_221 → PARV2_074,2.113,0.704,3_pares
PARV2_013,PARV2_074,PARV2_166,PARV2_013 → PARV2_074 → PARV2_166 → PARV2_013,2.113,0.704,3_pares
PARV2_069,PARV2_074,PARV2_204,PARV2_069 → PARV2_074 → PARV2_204 → PARV2_069,2.112,0.704,3_pares
PARV2_032,PARV2_065,PARV2_159,PARV2_032 → PARV2_065 → PARV2_159 → PARV2_032,2.112,0.704,3_pares
PARV2_013,PARV2_239,PARV2_166,PARV2_013 → PARV2_239 → PARV2_166 → PARV2_013,2.112,0.704,3_pares
PARV2_049,PARV2_159,PARV2_108,PARV2_049 → PARV2_159 → PARV2_108 → PARV2_049,2.112,0.704,3_pares
PARV2_001,PARV2_171,PARV2_159,PARV2_001 → PARV2_171 → PARV2_159 → PARV2_001,2.112,0.704,3_pares
PARV2_013,PARV2_239,PARV2_187,PARV2_013 → PARV2_239 → PARV2_187 → PARV2_013,2.112,0.704,3_pares
PARV2_032,PARV2_108,PARV2_074,PARV2_032 → PARV2_108 → PARV2_074 → PARV2_032,2.112,0.704,3_pares
PARV2_021,PARV2_159,PARV2_125,PARV2_021 → PARV2_159 → PARV2_125 → PARV2_021,2.112,0.704,3_pares
PARV2_129,PARV2_179,PARV2_198,PARV2_129 → PARV2_179 → PARV2_198 → PARV2_129,2.111,0.704,3_pares
PARV2_006,PARV2_200,PARV2_225,PARV2_006 → PARV2_200 → PARV2_225 → PARV2_006,2.111,0.704,3_pares
PARV2_049,PARV2_159,PARV2_148,PARV2_049 → PARV2_159 → PARV2_148 → PARV2_049,2.111,0.704,3_pares
PARV2_166,PARV2_181,PARV2_193,PARV2_166 → PARV2_181 → PARV2_193 → PARV2_166,2.111,0.704,3_pares
PARV2_070,PARV2_074,PARV2_239,PARV2_070 → PARV2_074 → PARV2_239 → PARV2_070,2.111,0.704,3_pares
PARV2_049,PARV2_166,PARV2_098,PARV2_049 → PARV2_166 → PARV2_098 → PARV2_049,2.111,0.704,3_pares
PARV2_006,PARV2_049,PARV2_014,PARV2_006 → PARV2_049 → PARV2_014 → PARV2_006,2.11,0.703,3_pares
PARV2_006,PARV2_074,PARV2_218,PARV2_006 → PARV2_074 → PARV2_218 → PARV2_006,2.11,0.703,3_pares
PARV2_032,PARV2_107,PARV2_166,PARV2_032 → PARV2_107 → PARV2_166 → PARV2_032,2.11,0.703,3_pares
PARV2_074,PARV2_204,PARV2_212,PARV2_074 → PARV2_204 → PARV2_212 → PARV2_074,2.11,0.703,3_pares
PARV2_102,PARV2_166,PARV2_204,PARV2_102 → PARV2_166 → PARV2_204 → PARV2_102,2.11,0.703,3_pares
PARV2_129,PARV2_159,PARV2_146,PARV2_129 → PARV2_159 → PARV2_146 → PARV2_129,2.11,0.703,3_pares
PARV2_070,PARV2_074,PARV2_218,PARV2_070 → PARV2_074 → PARV2_218 → PARV2_070,2.11,0.703,3_pares
PARV2_049,PARV2_166,PARV2_207,PARV2_049 → PARV2_166 → PARV2_207 → PARV2_049,2.11,0.703,3_pares
PARV2_074,PARV2_129,PARV2_127,PARV2_074 → PARV2_129 → PARV2_127 → PARV2_074,2.109,0.703,3_pares
PARV2_166,PARV2_204,PARV2_179,PARV2_166 → PARV2_204 → PARV2_179 → PARV2_166,2.109,0.703,3_pares
PARV2_001,PARV2_111,PARV2_166,PARV2_001 → PARV2_111 → PARV2_166 → PARV2_001,2.109,0.703,3_pares
PARV2_013,PARV2_159,PARV2_014,PARV2_013 → PARV2_159 → PARV2_014 → PARV2_013,2.109,0.703,3_pares
PARV2_065,PARV2_159,PARV2_079,PARV2_065 → PARV2_159 → PARV2_079 → PARV2_065,2.109,0.703,3_pares
PARV2_177,PARV2_204,PARV2_235,PARV2_177 → PARV2_204 → PARV2_235 → PARV2_177,2.109,0.703,3_pares
PARV2_090,PARV2_179,PARV2_159,PARV2_090 → PARV2_179 → PARV2_159 → PARV2_090,2.109,0.703,3_pares
PARV2_006,PARV2_065,PARV2_159,PARV2_006 → PARV2_065 → PARV2_159 → PARV2_006,2.108,0.703,3_pares
PARV2_125,PARV2_219,PARV2_166,PARV2_125 → PARV2_219 → PARV2_166 → PARV2_125,2.108,0.703,3_pares
PARV2_035,PARV2_198,PARV2_239,PARV2_035 → PARV2_198 → PARV2_239 → PARV2_035,2.108,0.703,3_pares
PARV2_125,PARV2_129,PARV2_166,PARV2_125 → PARV2_129 → PARV2_166 → PARV2_125,2.108,0.703,3_pares
PARV2_049,PARV2_142,PARV2_074,PARV2_049 → PARV2_142 → PARV2_074 → PARV2_049,2.108,0.703,3_pares
PARV2_049,PARV2_079,PARV2_239,PARV2_049 → PARV2_079 → PARV2_239 → PARV2_049,2.108,0.703,3_pares
PARV2_193,PARV2_200,PARV2_219,PARV2_193 → PARV2_200 → PARV2_219 → PARV2_193,2.107,0.702,3_pares
PARV2_013,PARV2_171,PARV2_204,PARV2_013 → PARV2_171 → PARV2_204 → PARV2_013,2.107,0.702,3_pares
PARV2_065,PARV2_159,PARV2_188,PARV2_065 → PARV2_159 → PARV2_188 → PARV2_065,2.107,0.702,3_pares
PARV2_049,PARV2_159,PARV2_240,PARV2_049 → PARV2_159 → PARV2_240 → PARV2_049,2.107,0.702,3_pares
PARV2_166,PARV2_235,PARV2_200,PARV2_166 → PARV2_235 → PARV2_200 → PARV2_166,2.107,0.702,3_pares
PARV2_049,PARV2_198,PARV2_138,PARV2_049 → PARV2_198 → PARV2_138 → PARV2_049,2.107,0.702,3_pares
PARV2_079,PARV2_129,PARV2_159,PARV2_079 → PARV2_129 → PARV2_159 → PARV2_079,2.107,0.702,3_pares
PARV2_006,PARV2_166,PARV2_063,PARV2_006 → PARV2_166 → PARV2_063 → PARV2_006,2.107,0.702,3_pares
PARV2_032,PARV2_159,PARV2_204,PARV2_032 → PARV2_159 → PARV2_204 → PARV2_032,2.107,0.702,3_pares
PARV2_069,PARV2_074,PARV2_244,PARV2_069 → PARV2_074 → PARV2_244 → PARV2_069,2.107,0.702,3_pares
PARV2_013,PARV2_171,PARV2_014,PARV2_013 → PARV2_171 → PARV2_014 → PARV2_013,2.107,0.702,3_pares
PARV2_074,PARV2_166,PARV2_139,PARV2_074 → PARV2_166 → PARV2_139 → PARV2_074,2.106,0.702,3_pares
PARV2_013,PARV2_182,PARV2_074,PARV2_013 → PARV2_182 → PARV2_074 → PARV2_013,2.106,0.702,3_pares
PARV2_051,PARV2_074,PARV2_159,PARV2_051 → PARV2_074 → PARV2_159 → PARV2_051,2.106,0.702,3_pares
PARV2_142,PARV2_204,PARV2_177,PARV2_142 → PARV2_204 → PARV2_177 → PARV2_142,2.106,0.702,3_pares
PARV2_110,PARV2_171,PARV2_159,PARV2_110 → PARV2_171 → PARV2_159 → PARV2_110,2.106,0.702,3_pares
PARV2_006,PARV2_074,PARV2_166,PARV2_006 → PARV2_074 → PARV2_166 → PARV2_006,2.106,0.702,3_pares
PARV2_127,PARV2_166,PARV2_177,PARV2_127 → PARV2_166 → PARV2_177 → PARV2_127,2.106,0.702,3_pares
PARV2_074,PARV2_187,PARV2_129,PARV2_074 → PARV2_187 → PARV2_129 → PARV2_074,2.106,0.702,3_pares
PARV2_127,PARV2_198,PARV2_129,PARV2_127 → PARV2_198 → PARV2_129 → PARV2_127,2.106,0.702,3_pares
PARV2_166,PARV2_235,PARV2_177,PARV2_166 → PARV2_235 → PARV2_177 → PARV2_166,2.106,0.702,3_pares
PARV2_074,PARV2_218,PARV2_182,PARV2_074 → PARV2_218 → PARV2_182 → PARV2_074,2.106,0.702,3_pares
PARV2_069,PARV2_171,PARV2_166,PARV2_069 → PARV2_171 → PARV2_166 → PARV2_069,2.106,0.702,3_pares
PARV2_014,PARV2_074,PARV2_107,PARV2_014 → PARV2_074 → PARV2_107 → PARV2_014,2.106,0.702,3_pares
PARV2_001,PARV2_074,PARV2_218,PARV2_001 → PARV2_074 → PARV2_218 → PARV2_001,2.105,0.702,3_pares
PARV2_121,PARV2_159,PARV2_125,PARV2_121 → PARV2_159 → PARV2_125 → PARV2_121,2.105,0.702,3_pares
PARV2_113,PARV2_171,PARV2_204,PARV2_113 → PARV2_171 → PARV2_204 → PARV2_113,2.105,0.702,3_pares
PARV2_013,PARV2_074,PARV2_146,PARV2_013 → PARV2_074 → PARV2_146 → PARV2_013,2.105,0.702,3_pares
PARV2_139,PARV2_179,PARV2_166,PARV2_139 → PARV2_179 → PARV2_166 → PARV2_139,2.105,0.702,3_pares
PARV2_090,PARV2_163,PARV2_204,PARV2_090 → PARV2_163 → PARV2_204 → PARV2_090,2.105,0.702,3_pares
PARV2_070,PARV2_198,PARV2_074,PARV2_070 → PARV2_198 → PARV2_074 → PARV2_070,2.105,0.702,3_pares
PARV2_127,PARV2_159,PARV2_139,PARV2_127 → PARV2_159 → PARV2_139 → PARV2_127,2.105,0.702,3_pares
PARV2_060,PARV2_181,PARV2_204,PARV2_060 → PARV2_181 → PARV2_204 → PARV2_060,2.105,0.702,3_pares
PARV2_087,PARV2_239,PARV2_204,PARV2_087 → PARV2_239 → PARV2_204 → PARV2_087,2.104,0.701,3_pares
PARV2_014,PARV2_239,PARV2_166,PARV2_014 → PARV2_239 → PARV2_166 → PARV2_014,2.104,0.701,3_pares
PARV2_090,PARV2_182,PARV2_239,PARV2_090 → PARV2_182 → PARV2_239 → PARV2_090,2.104,0.701,3_pares
PARV2_171,PARV2_218,PARV2_184,PARV2_171 → PARV2_218 → PARV2_184 → PARV2_171,2.104,0.701,3_pares
PARV2_013,PARV2_171,PARV2_166,PARV2_013 → PARV2_171 → PARV2_166 → PARV2_013,2.104,0.701,3_pares
PARV2_013,PARV2_074,PARV2_225,PARV2_013 → PARV2_074 → PARV2_225 → PARV2_013,2.104,0.701,3_pares
PARV2_049,PARV2_159,PARV2_154,PARV2_049 → PARV2_159 → PARV2_154 → PARV2_049,2.104,0.701,3_pares
PARV2_142,PARV2_204,PARV2_212,PARV2_142 → PARV2_204 → PARV2_212 → PARV2_142,2.104,0.701,3_pares
PARV2_166,PARV2_204,PARV2_239,PARV2_166 → PARV2_204 → PARV2_239 → PARV2_166,2.104,0.701,3_pares
PARV2_074,PARV2_107,PARV2_127,PARV2_074 → PARV2_107 → PARV2_127 → PARV2_074,2.104,0.701,3_pares
PARV2_116,PARV2_203,PARV2_138,PARV2_116 → PARV2_203 → PARV2_138 → PARV2_116,2.104,0.701,3_pares
PARV2_166,PARV2_193,PARV2_204,PARV2_166 → PARV2_193 → PARV2_204 → PARV2_166,2.104,0.701,3_pares
PARV2_070,PARV2_159,PARV2_166,PARV2_070 → PARV2_159 → PARV2_166 → PARV2_070,2.104,0.701,3_pares
PARV2_113,PARV2_129,PARV2_200,PARV2_113 → PARV2_129 → PARV2_200 → PARV2_113,2.104,0.701,3_pares
PARV2_166,PARV2_244,PARV2_179,PARV2_166 → PARV2_244 → PARV2_179 → PARV2_166,2.104,0.701,3_pares
PARV2_070,PARV2_198,PARV2_108,PARV2_070 → PARV2_198 → PARV2_108 → PARV2_070,2.104,0.701,3_pares
PARV2_049,PARV2_142,PARV2_171,PARV2_049 → PARV2_142 → PARV2_171 → PARV2_049,2.104,0.701,3_pares
PARV2_108,PARV2_177,PARV2_204,PARV2_108 → PARV2_177 → PARV2_204 → PARV2_108,2.103,0.701,3_pares
PARV2_159,PARV2_235,PARV2_221,PARV2_159 → PARV2_235 → PARV2_221 → PARV2_159,2.103,0.701,3_pares
PARV2_032,PARV2_129,PARV2_200,PARV2_032 → PARV2_129 → PARV2_200 → PARV2_032,2.103,0.701,3_pares
PARV2_129,PARV2_179,PARV2_159,PARV2_129 → PARV2_179 → PARV2_159 → PARV2_129,2.103,0.701,3_pares
PARV2_013,PARV2_074,PARV2_087,PARV2_013 → PARV2_074 → PARV2_087 → PARV2_013,2.103,0.701,3_pares
PARV2_035,PARV2_204,PARV2_216,PARV2_035 → PARV2_204 → PARV2_216 → PARV2_035,2.102,0.701,3_pares
PARV2_159,PARV2_204,PARV2_219,PARV2_159 → PARV2_204 → PARV2_219 → PARV2_159,2.102,0.701,3_pares
PARV2_122,PARV2_166,PARV2_204,PARV2_122 → PARV2_166 → PARV2_204 → PARV2_122,2.102,0.701,3_pares
PARV2_049,PARV2_239,PARV2_221,PARV2_049 → PARV2_239 → PARV2_221 → PARV2_049,2.102,0.701,3_pares
PARV2_013,PARV2_159,PARV2_235,PARV2_013 → PARV2_159 → PARV2_235 → PARV2_013,2.102,0.701,3_pares
PARV2_035,PARV2_198,PARV2_138,PARV2_035 → PARV2_198 → PARV2_138 → PARV2_035,2.102,0.701,3_pares
PARV2_001,PARV2_074,PARV2_166,PARV2_001 → PARV2_074 → PARV2_166 → PARV2_001,2.102,0.701,3_pares
PARV2_090,PARV2_146,PARV2_239,PARV2_090 → PARV2_146 → PARV2_239 → PARV2_090,2.102,0.701,3_pares
PARV2_049,PARV2_159,PARV2_171,PARV2_049 → PARV2_159 → PARV2_171 → PARV2_049,2.102,0.701,3_pares
PARV2_108,PARV2_133,PARV2_198,PARV2_108 → PARV2_133 → PARV2_198 → PARV2_108,2.102,0.701,3_pares
PARV2_107,PARV2_127,PARV2_166,PARV2_107 → PARV2_127 → PARV2_166 → PARV2_107,2.101,0.7,3_pares
PARV2_108,PARV2_212,PARV2_204,PARV2_108 → PARV2_212 → PARV2_204 → PARV2_108,2.101,0.7,3_pares
PARV2_090,PARV2_193,PARV2_200,PARV2_090 → PARV2_193 → PARV2_200 → PARV2_090,2.101,0.7,3_pares
PARV2_035,PARV2_198,PARV2_108,PARV2_035 → PARV2_198 → PARV2_108 → PARV2_035,2.1,0.7,3_pares
PARV2_013,PARV2_174,PARV2_232,PARV2_013 → PARV2_174 → PARV2_232 → PARV2_013,2.1,0.7,3_pares
PARV2_006,PARV2_133,PARV2_166,PARV2_006 → PARV2_133 → PARV2_166 → PARV2_006,2.1,0.7,3_pares
PARV2_146,PARV2_171,PARV2_166,PARV2_146 → PARV2_171 → PARV2_166 → PARV2_146,2.1,0.7,3_pares
PARV2_006,PARV2_182,PARV2_074,PARV2_006 → PARV2_182 → PARV2_074 → PARV2_006,2.1,0.7,3_pares
PARV2_049,PARV2_239,PARV2_209,PARV2_049 → PARV2_239 → PARV2_209 → PARV2_049,2.1,0.7,3_pares
PARV2_138,PARV2_177,PARV2_204,PARV2_138 → PARV2_177 → PARV2_204 → PARV2_138,2.1,0.7,3_pares
PARV2_028,PARV2_200,PARV2_166,PARV2_028 → PARV2_200 → PARV2_166 → PARV2_028,2.1,0.7,3_pares
PARV2_051,PARV2_074,PARV2_171,PARV2_051 → PARV2_074 → PARV2_171 → PARV2_051,2.1,0.7,3_pares
PARV2_074,PARV2_107,PARV2_143,PARV2_074 → PARV2_107 → PARV2_143 → PARV2_074,2.1,0.7,3_pares
PARV2_098,PARV2_159,PARV2_166,PARV2_098 → PARV2_159 → PARV2_166 → PARV2_098,2.1,0.7,3_pares
PARV2_035,PARV2_204,PARV2_239,PARV2_035 → PARV2_204 → PARV2_239 → PARV2_035,2.099,0.7,3_pares
PARV2_108,PARV2_142,PARV2_204,PARV2_108 → PARV2_142 → PARV2_204 → PARV2_108,2.099,0.7,3_pares
PARV2_074,PARV2_133,PARV2_198,PARV2_074 → PARV2_133 → PARV2_198 → PARV2_074,2.099,0.7,3_pares
PARV2_079,PARV2_239,PARV2_181,PARV2_079 → PARV2_239 → PARV2_181 → PARV2_079,2.099,0.7,3_pares
PARV2_159,PARV2_204,PARV2_212,PARV2_159 → PARV2_204 → PARV2_212 → PARV2_159,2.099,0.7,3_pares
PARV2_065,PARV2_166,PARV2_135,PARV2_065 → PARV2_166 → PARV2_135 → PARV2_065,2.099,0.7,3_pares
PARV2_032,PARV2_116,PARV2_200,PARV2_032 → PARV2_116 → PARV2_200 → PARV2_032,2.099,0.7,3_pares
PARV2_127,PARV2_166,PARV2_244,PARV2_127 → PARV2_166 → PARV2_244 → PARV2_127,2.099,0.7,3_pares
PARV2_014,PARV2_129,PARV2_171,PARV2_014 → PARV2_129 → PARV2_171 → PARV2_014,2.099,0.7,3_pares
PARV2_125,PARV2_134,PARV2_159,PARV2_125 → PARV2_134 → PARV2_159 → PARV2_125,2.099,0.7,3_pares
PARV2_127,PARV2_159,PARV2_193,PARV2_127 → PARV2_159 → PARV2_193 → PARV2_127,2.099,0.7,3_pares
PARV2_098,PARV2_159,PARV2_110,PARV2_098 → PARV2_159 → PARV2_110 → PARV2_098,2.099,0.7,3_pares
PARV2_049,PARV2_159,PARV2_070,PARV2_049 → PARV2_159 → PARV2_070 → PARV2_049,2.098,0.699,3_pares
PARV2_177,PARV2_204,PARV2_216,PARV2_177 → PARV2_204 → PARV2_216 → PARV2_177,2.098,0.699,3_pares
PARV2_013,PARV2_074,PARV2_022,PARV2_013 → PARV2_074 → PARV2_022 → PARV2_013,2.098,0.699,3_pares
PARV2_087,PARV2_108,PARV2_200,PARV2_087 → PARV2_108 → PARV2_200 → PARV2_087,2.098,0.699,3_pares
PARV2_006,PARV2_035,PARV2_166,PARV2_006 → PARV2_035 → PARV2_166 → PARV2_006,2.098,0.699,3_pares
PARV2_006,PARV2_159,PARV2_051,PARV2_006 → PARV2_159 → PARV2_051 → PARV2_006,2.098,0.699,3_pares
PARV2_159,PARV2_235,PARV2_207,PARV2_159 → PARV2_235 → PARV2_207 → PARV2_159,2.098,0.699,3_pares
PARV2_074,PARV2_181,PARV2_182,PARV2_074 → PARV2_181 → PARV2_182 → PARV2_074,2.098,0.699,3_pares
PARV2_006,PARV2_219,PARV2_079,PARV2_006 → PARV2_219 → PARV2_079 → PARV2_006,2.098,0.699,3_pares
PARV2_074,PARV2_181,PARV2_239,PARV2_074 → PARV2_181 → PARV2_239 → PARV2_074,2.097,0.699,3_pares
PARV2_006,PARV2_049,PARV2_198,PARV2_006 → PARV2_049 → PARV2_198 → PARV2_006,2.097,0.699,3_pares
PARV2_074,PARV2_218,PARV2_127,PARV2_074 → PARV2_218 → PARV2_127 → PARV2_074,2.097,0.699,3_pares
PARV2_006,PARV2_134,PARV2_166,PARV2_006 → PARV2_134 → PARV2_166 → PARV2_006,2.097,0.699,3_pares
PARV2_006,PARV2_129,PARV2_079,PARV2_006 → PARV2_129 → PARV2_079 → PARV2_006,2.097,0.699,3_pares
PARV2_049,PARV2_159,PARV2_105,PARV2_049 → PARV2_159 → PARV2_105 → PARV2_049,2.097,0.699,3_pares
PARV2_090,PARV2_110,PARV2_239,PARV2_090 → PARV2_110 → PARV2_239 → PARV2_090,2.097,0.699,3_pares
PARV2_193,PARV2_239,PARV2_219,PARV2_193 → PARV2_239 → PARV2_219 → PARV2_193,2.096,0.699,3_pares
PARV2_069,PARV2_074,PARV2_218,PARV2_069 → PARV2_074 → PARV2_218 → PARV2_069,2.096,0.699,3_pares
PARV2_074,PARV2_225,PARV2_129,PARV2_074 → PARV2_225 → PARV2_129 → PARV2_074,2.096,0.699,3_pares
PARV2_014,PARV2_138,PARV2_049,PARV2_014 → PARV2_138 → PARV2_049 → PARV2_014,2.096,0.699,3_pares
PARV2_065,PARV2_239,PARV2_232,PARV2_065 → PARV2_239 → PARV2_232 → PARV2_065,2.096,0.699,3_pares
PARV2_159,PARV2_200,PARV2_209,PARV2_159 → PARV2_200 → PARV2_209 → PARV2_159,2.096,0.699,3_pares
PARV2_159,PARV2_204,PARV2_209,PARV2_159 → PARV2_204 → PARV2_209 → PARV2_159,2.096,0.699,3_pares
PARV2_006,PARV2_129,PARV2_166,PARV2_006 → PARV2_129 → PARV2_166 → PARV2_006,2.096,0.699,3_pares
PARV2_107,PARV2_179,PARV2_166,PARV2_107 → PARV2_179 → PARV2_166 → PARV2_107,2.096,0.699,3_pares
PARV2_129,PARV2_166,PARV2_188,PARV2_129 → PARV2_166 → PARV2_188 → PARV2_129,2.096,0.699,3_pares
PARV2_074,PARV2_164,PARV2_182,PARV2_074 → PARV2_164 → PARV2_182 → PARV2_074,2.096,0.699,3_pares
PARV2_074,PARV2_129,PARV2_198,PARV2_074 → PARV2_129 → PARV2_198 → PARV2_074,2.095,0.698,3_pares
PARV2_013,PARV2_074,PARV2_159,PARV2_013 → PARV2_074 → PARV2_159 → PARV2_013,2.095,0.698,3_pares
PARV2_013,PARV2_074,PARV2_135,PARV2_013 → PARV2_074 → PARV2_135 → PARV2_013,2.095,0.698,3_pares
PARV2_006,PARV2_133,PARV2_014,PARV2_006 → PARV2_133 → PARV2_014 → PARV2_006,2.095,0.698,3_pares
PARV2_074,PARV2_087,PARV2_129,PARV2_074 → PARV2_087 → PARV2_129 → PARV2_074,2.095,0.698,3_pares
PARV2_074,PARV2_232,PARV2_239,PARV2_074 → PARV2_232 → PARV2_239 → PARV2_074,2.095,0.698,3_pares
PARV2_193,PARV2_216,PARV2_239,PARV2_193 → PARV2_216 → PARV2_239 → PARV2_193,2.095,0.698,3_pares
PARV2_163,PARV2_193,PARV2_204,PARV2_163 → PARV2_193 → PARV2_204 → PARV2_163,2.095,0.698,3_pares
PARV2_013,PARV2_193,PARV2_159,PARV2_013 → PARV2_193 → PARV2_159 → PARV2_013,2.095,0.698,3_pares
PARV2_159,PARV2_181,PARV2_171,PARV2_159 → PARV2_181 → PARV2_171 → PARV2_159,2.094,0.698,3_pares
PARV2_125,PARV2_133,PARV2_159,PARV2_125 → PARV2_133 → PARV2_159 → PARV2_125,2.094,0.698,3_pares
PARV2_013,PARV2_239,PARV2_159,PARV2_013 → PARV2_239 → PARV2_159 → PARV2_013,2.094,0.698,3_pares
PARV2_014,PARV2_074,PARV2_070,PARV2_014 → PARV2_074 → PARV2_070 → PARV2_014,2.094,0.698,3_pares
PARV2_074,PARV2_159,PARV2_113,PARV2_074 → PARV2_159 → PARV2_113 → PARV2_074,2.094,0.698,3_pares
PARV2_013,PARV2_171,PARV2_051,PARV2_013 → PARV2_171 → PARV2_051 → PARV2_013,2.094,0.698,3_pares
PARV2_049,PARV2_159,PARV2_098,PARV2_049 → PARV2_159 → PARV2_098 → PARV2_049,2.094,0.698,3_pares
PARV2_063,PARV2_164,PARV2_166,PARV2_063 → PARV2_164 → PARV2_166 → PARV2_063,2.094,0.698,3_pares
PARV2_116,PARV2_142,PARV2_166,PARV2_116 → PARV2_142 → PARV2_166 → PARV2_116,2.093,0.698,3_pares
PARV2_032,PARV2_049,PARV2_159,PARV2_032 → PARV2_049 → PARV2_159 → PARV2_032,2.093,0.698,3_pares
PARV2_028,PARV2_166,PARV2_204,PARV2_028 → PARV2_166 → PARV2_204 → PARV2_028,2.093,0.698,3_pares
PARV2_032,PARV2_065,PARV2_166,PARV2_032 → PARV2_065 → PARV2_166 → PARV2_032,2.093,0.698,3_pares
PARV2_006,PARV2_159,PARV2_087,PARV2_006 → PARV2_159 → PARV2_087 → PARV2_006,2.093,0.698,3_pares
PARV2_074,PARV2_232,PARV2_108,PARV2_074 → PARV2_232 → PARV2_108 → PARV2_074,2.093,0.698,3_pares
PARV2_022,PARV2_129,PARV2_200,PARV2_022 → PARV2_129 → PARV2_200 → PARV2_022,2.093,0.698,3_pares
PARV2_074,PARV2_090,PARV2_163,PARV2_074 → PARV2_090 → PARV2_163 → PARV2_074,2.093,0.698,3_pares
PARV2_065,PARV2_159,PARV2_225,PARV2_065 → PARV2_159 → PARV2_225 → PARV2_065,2.093,0.698,3_pares
PARV2_060,PARV2_166,PARV2_204,PARV2_060 → PARV2_166 → PARV2_204 → PARV2_060,2.093,0.698,3_pares
PARV2_065,PARV2_166,PARV2_146,PARV2_065 → PARV2_166 → PARV2_146 → PARV2_065,2.093,0.698,3_pares
PARV2_127,PARV2_204,PARV2_177,PARV2_127 → PARV2_204 → PARV2_177 → PARV2_127,2.093,0.698,3_pares
PARV2_065,PARV2_202,PARV2_232,PARV2_065 → PARV2_202 → PARV2_232 → PARV2_065,2.093,0.698,3_pares
PARV2_032,PARV2_108,PARV2_239,PARV2_032 → PARV2_108 → PARV2_239 → PARV2_032,2.093,0.698,3_pares
PARV2_049,PARV2_134,PARV2_159,PARV2_049 → PARV2_134 → PARV2_159 → PARV2_049,2.093,0.698,3_pares
PARV2_049,PARV2_159,PARV2_164,PARV2_049 → PARV2_159 → PARV2_164 → PARV2_049,2.093,0.698,3_pares
PARV2_129,PARV2_166,PARV2_146,PARV2_129 → PARV2_166 → PARV2_146 → PARV2_129,2.092,0.697,3_pares
PARV2_070,PARV2_204,PARV2_239,PARV2_070 → PARV2_204 → PARV2_239 → PARV2_070,2.092,0.697,3_pares
PARV2_006,PARV2_159,PARV2_125,PARV2_006 → PARV2_159 → PARV2_125 → PARV2_006,2.092,0.697,3_pares
PARV2_121,PARV2_204,PARV2_239,PARV2_121 → PARV2_204 → PARV2_239 → PARV2_121,2.092,0.697,3_pares
PARV2_014,PARV2_074,PARV2_244,PARV2_014 → PARV2_074 → PARV2_244 → PARV2_014,2.092,0.697,3_pares
PARV2_133,PARV2_198,PARV2_138,PARV2_133 → PARV2_198 → PARV2_138 → PARV2_133,2.092,0.697,3_pares
PARV2_013,PARV2_142,PARV2_146,PARV2_013 → PARV2_142 → PARV2_146 → PARV2_013,2.092,0.697,3_pares
PARV2_014,PARV2_171,PARV2_166,PARV2_014 → PARV2_171 → PARV2_166 → PARV2_014,2.092,0.697,3_pares
PARV2_013,PARV2_142,PARV2_166,PARV2_013 → PARV2_142 → PARV2_166 → PARV2_013,2.092,0.697,3_pares
PARV2_159,PARV2_179,PARV2_204,PARV2_159 → PARV2_179 → PARV2_204 → PARV2_159,2.091,0.697,3_pares
PARV2_049,PARV2_182,PARV2_239,PARV2_049 → PARV2_182 → PARV2_239 → PARV2_049,2.091,0.697,3_pares
PARV2_013,PARV2_239,PARV2_146,PARV2_013 → PARV2_239 → PARV2_146 → PARV2_013,2.091,0.697,3_pares
PARV2_006,PARV2_235,PARV2_113,PARV2_006 → PARV2_235 → PARV2_113 → PARV2_006,2.091,0.697,3_pares
PARV2_129,PARV2_134,PARV2_204,PARV2_129 → PARV2_134 → PARV2_204 → PARV2_129,2.091,0.697,3_pares
PARV2_142,PARV2_204,PARV2_181,PARV2_142 → PARV2_204 → PARV2_181 → PARV2_142,2.091,0.697,3_pares
PARV2_108,PARV2_204,PARV2_232,PARV2_108 → PARV2_204 → PARV2_232 → PARV2_108,2.091,0.697,3_pares
PARV2_129,PARV2_200,PARV2_187,PARV2_129 → PARV2_200 → PARV2_187 → PARV2_129,2.091,0.697,3_pares
PARV2_166,PARV2_171,PARV2_204,PARV2_166 → PARV2_171 → PARV2_204 → PARV2_166,2.091,0.697,3_pares
PARV2_032,PARV2_179,PARV2_200,PARV2_032 → PARV2_179 → PARV2_200 → PARV2_032,2.091,0.697,3_pares
PARV2_006,PARV2_129,PARV2_014,PARV2_006 → PARV2_129 → PARV2_014 → PARV2_006,2.09,0.697,3_pares
PARV2_074,PARV2_090,PARV2_198,PARV2_074 → PARV2_090 → PARV2_198 → PARV2_074,2.09,0.697,3_pares
PARV2_014,PARV2_098,PARV2_049,PARV2_014 → PARV2_098 → PARV2_049 → PARV2_014,2.09,0.697,3_pares
PARV2_049,PARV2_142,PARV2_159,PARV2_049 → PARV2_142 → PARV2_159 → PARV2_049,2.09,0.697,3_pares
PARV2_051,PARV2_074,PARV2_218,PARV2_051 → PARV2_074 → PARV2_218 → PARV2_051,2.09,0.697,3_pares
PARV2_028,PARV2_134,PARV2_166,PARV2_028 → PARV2_134 → PARV2_166 → PARV2_028,2.089,0.696,3_pares
PARV2_159,PARV2_235,PARV2_200,PARV2_159 → PARV2_235 → PARV2_200 → PARV2_159,2.089,0.696,3_pares
PARV2_006,PARV2_194,PARV2_159,PARV2_006 → PARV2_194 → PARV2_159 → PARV2_006,2.089,0.696,3_pares
PARV2_127,PARV2_159,PARV2_235,PARV2_127 → PARV2_159 → PARV2_235 → PARV2_127,2.089,0.696,3_pares
PARV2_032,PARV2_179,PARV2_166,PARV2_032 → PARV2_179 → PARV2_166 → PARV2_032,2.089,0.696,3_pares
PARV2_090,PARV2_146,PARV2_108,PARV2_090 → PARV2_146 → PARV2_108 → PARV2_090,2.089,0.696,3_pares
PARV2_087,PARV2_239,PARV2_166,PARV2_087 → PARV2_239 → PARV2_166 → PARV2_087,2.089,0.696,3_pares
PARV2_069,PARV2_239,PARV2_129,PARV2_069 → PARV2_239 → PARV2_129 → PARV2_069,2.089,0.696,3_pares
PARV2_134,PARV2_204,PARV2_212,PARV2_134 → PARV2_204 → PARV2_212 → PARV2_134,2.089,0.696,3_pares
PARV2_065,PARV2_079,PARV2_239,PARV2_065 → PARV2_079 → PARV2_239 → PARV2_065,2.089,0.696,3_pares
PARV2_035,PARV2_182,PARV2_239,PARV2_035 → PARV2_182 → PARV2_239 → PARV2_035,2.089,0.696,3_pares
PARV2_074,PARV2_204,PARV2_219,PARV2_074 → PARV2_204 → PARV2_219 → PARV2_074,2.088,0.696,3_pares
PARV2_166,PARV2_177,PARV2_239,PARV2_166 → PARV2_177 → PARV2_239 → PARV2_166,2.088,0.696,3_pares
PARV2_069,PARV2_239,PARV2_107,PARV2_069 → PARV2_239 → PARV2_107 → PARV2_069,2.088,0.696,3_pares
PARV2_041,PARV2_074,PARV2_239,PARV2_041 → PARV2_074 → PARV2_239 → PARV2_041,2.088,0.696,3_pares
PARV2_139,PARV2_193,PARV2_159,PARV2_139 → PARV2_193 → PARV2_159 → PARV2_139,2.088,0.696,3_pares
PARV2_069,PARV2_239,PARV2_219,PARV2_069 → PARV2_239 → PARV2_219 → PARV2_069,2.088,0.696,3_pares
PARV2_032,PARV2_060,PARV2_166,PARV2_032 → PARV2_060 → PARV2_166 → PARV2_032,2.088,0.696,3_pares
PARV2_138,PARV2_219,PARV2_198,PARV2_138 → PARV2_219 → PARV2_198 → PARV2_138,2.088,0.696,3_pares
PARV2_032,PARV2_090,PARV2_159,PARV2_032 → PARV2_090 → PARV2_159 → PARV2_032,2.088,0.696,3_pares
PARV2_006,PARV2_105,PARV2_198,PARV2_006 → PARV2_105 → PARV2_198 → PARV2_006,2.088,0.696,3_pares
PARV2_125,PARV2_179,PARV2_159,PARV2_125 → PARV2_179 → PARV2_159 → PARV2_125,2.088,0.696,3_pares
PARV2_035,PARV2_171,PARV2_159,PARV2_035 → PARV2_171 → PARV2_159 → PARV2_035,2.087,0.696,3_pares
PARV2_049,PARV2_174,PARV2_065,PARV2_049 → PARV2_174 → PARV2_065 → PARV2_049,2.087,0.696,3_pares
PARV2_032,PARV2_209,PARV2_166,PARV2_032 → PARV2_209 → PARV2_166 → PARV2_032,2.087,0.696,3_pares
PARV2_035,PARV2_049,PARV2_174,PARV2_035 → PARV2_049 → PARV2_174 → PARV2_035,2.087,0.696,3_pares
PARV2_074,PARV2_135,PARV2_129,PARV2_074 → PARV2_135 → PARV2_129 → PARV2_074,2.087,0.696,3_pares
PARV2_154,PARV2_219,PARV2_159,PARV2_154 → PARV2_219 → PARV2_159 → PARV2_154,2.087,0.696,3_pares
PARV2_074,PARV2_159,PARV2_129,PARV2_074 → PARV2_159 → PARV2_129 → PARV2_074,2.087,0.696,3_pares
PARV2_041,PARV2_074,PARV2_218,PARV2_041 → PARV2_074 → PARV2_218 → PARV2_041,2.087,0.696,3_pares
PARV2_159,PARV2_235,PARV2_212,PARV2_159 → PARV2_235 → PARV2_212 → PARV2_159,2.087,0.696,3_pares
PARV2_032,PARV2_116,PARV2_074,PARV2_032 → PARV2_116 → PARV2_074 → PARV2_032,2.087,0.696,3_pares
PARV2_006,PARV2_219,PARV2_198,PARV2_006 → PARV2_219 → PARV2_198 → PARV2_006,2.087,0.696,3_pares
PARV2_133,PARV2_166,PARV2_204,PARV2_133 → PARV2_166 → PARV2_204 → PARV2_133,2.087,0.696,3_pares
PARV2_049,PARV2_166,PARV2_240,PARV2_049 → PARV2_166 → PARV2_240 → PARV2_049,2.087,0.696,3_pares
PARV2_110,PARV2_171,PARV2_166,PARV2_110 → PARV2_171 → PARV2_166 → PARV2_110,2.087,0.696,3_pares
PARV2_122,PARV2_171,PARV2_204,PARV2_122 → PARV2_171 → PARV2_204 → PARV2_122,2.086,0.695,3_pares
PARV2_121,PARV2_204,PARV2_138,PARV2_121 → PARV2_204 → PARV2_138 → PARV2_121,2.086,0.695,3_pares
PARV2_193,PARV2_204,PARV2_194,PARV2_193 → PARV2_204 → PARV2_194 → PARV2_193,2.086,0.695,3_pares
PARV2_006,PARV2_219,PARV2_051,PARV2_006 → PARV2_219 → PARV2_051 → PARV2_006,2.086,0.695,3_pares
PARV2_074,PARV2_204,PARV2_182,PARV2_074 → PARV2_204 → PARV2_182 → PARV2_074,2.086,0.695,3_pares
PARV2_074,PARV2_192,PARV2_108,PARV2_074 → PARV2_192 → PARV2_108 → PARV2_074,2.086,0.695,3_pares
PARV2_166,PARV2_235,PARV2_194,PARV2_166 → PARV2_235 → PARV2_194 → PARV2_166,2.086,0.695,3_pares
PARV2_127,PARV2_159,PARV2_240,PARV2_127 → PARV2_159 → PARV2_240 → PARV2_127,2.086,0.695,3_pares
PARV2_065,PARV2_146,PARV2_138,PARV2_065 → PARV2_146 → PARV2_138 → PARV2_065,2.086,0.695,3_pares
PARV2_204,PARV2_216,PARV2_212,PARV2_204 → PARV2_216 → PARV2_212 → PARV2_204,2.086,0.695,3_pares
PARV2_021,PARV2_166,PARV2_239,PARV2_021 → PARV2_166 → PARV2_239 → PARV2_021,2.086,0.695,3_pares
PARV2_108,PARV2_127,PARV2_204,PARV2_108 → PARV2_127 → PARV2_204 → PARV2_108,2.086,0.695,3_pares
PARV2_138,PARV2_181,PARV2_204,PARV2_138 → PARV2_181 → PARV2_204 → PARV2_138,2.086,0.695,3_pares
PARV2_006,PARV2_129,PARV2_198,PARV2_006 → PARV2_129 → PARV2_198 → PARV2_006,2.086,0.695,3_pares
PARV2_006,PARV2_013,PARV2_074,PARV2_006 → PARV2_013 → PARV2_074 → PARV2_006,2.085,0.695,3_pares
PARV2_051,PARV2_129,PARV2_171,PARV2_051 → PARV2_129 → PARV2_171 → PARV2_051,2.085,0.695,3_pares
PARV2_006,PARV2_181,PARV2_159,PARV2_006 → PARV2_181 → PARV2_159 → PARV2_006,2.085,0.695,3_pares
PARV2_113,PARV2_171,PARV2_159,PARV2_113 → PARV2_171 → PARV2_159 → PARV2_113,2.085,0.695,3_pares
PARV2_127,PARV2_159,PARV2_246,PARV2_127 → PARV2_159 → PARV2_246 → PARV2_127,2.085,0.695,3_pares
PARV2_022,PARV2_108,PARV2_200,PARV2_022 → PARV2_108 → PARV2_200 → PARV2_022,2.085,0.695,3_pares
PARV2_065,PARV2_159,PARV2_154,PARV2_065 → PARV2_159 → PARV2_154 → PARV2_065,2.085,0.695,3_pares
PARV2_001,PARV2_074,PARV2_204,PARV2_001 → PARV2_074 → PARV2_204 → PARV2_001,2.085,0.695,3_pares
PARV2_049,PARV2_182,PARV2_074,PARV2_049 → PARV2_182 → PARV2_074 → PARV2_049,2.085,0.695,3_pares
PARV2_074,PARV2_105,PARV2_182,PARV2_074 → PARV2_105 → PARV2_182 → PARV2_074,2.085,0.695,3_pares
PARV2_129,PARV2_200,PARV2_204,PARV2_129 → PARV2_200 → PARV2_204 → PARV2_129,2.085,0.695,3_pares
PARV2_006,PARV2_070,PARV2_198,PARV2_006 → PARV2_070 → PARV2_198 → PARV2_006,2.085,0.695,3_pares
PARV2_006,PARV2_090,PARV2_159,PARV2_006 → PARV2_090 → PARV2_159 → PARV2_006,2.085,0.695,3_pares
PARV2_032,PARV2_179,PARV2_204,PARV2_032 → PARV2_179 → PARV2_204 → PARV2_032,2.084,0.695,3_pares
PARV2_070,PARV2_198,PARV2_239,PARV2_070 → PARV2_198 → PARV2_239 → PARV2_070,2.084,0.695,3_pares
PARV2_063,PARV2_108,PARV2_204,PARV2_063 → PARV2_108 → PARV2_204 → PARV2_063,2.084,0.695,3_pares
PARV2_004,PARV2_171,PARV2_166,PARV2_004 → PARV2_171 → PARV2_166 → PARV2_004,2.084,0.695,3_pares
PARV2_108,PARV2_200,PARV2_225,PARV2_108 → PARV2_200 → PARV2_225 → PARV2_108,2.084,0.695,3_pares
PARV2_102,PARV2_127,PARV2_204,PARV2_102 → PARV2_127 → PARV2_204 → PARV2_102,2.084,0.695,3_pares
PARV2_122,PARV2_204,PARV2_216,PARV2_122 → PARV2_204 → PARV2_216 → PARV2_122,2.084,0.695,3_pares
PARV2_021,PARV2_204,PARV2_108,PARV2_021 → PARV2_204 → PARV2_108 → PARV2_021,2.084,0.695,3_pares
PARV2_049,PARV2_238,PARV2_129,PARV2_049 → PARV2_238 → PARV2_129 → PARV2_049,2.084,0.695,3_pares
PARV2_079,PARV2_239,PARV2_090,PARV2_079 → PARV2_239 → PARV2_090 → PARV2_079,2.084,0.695,3_pares
PARV2_049,PARV2_198,PARV2_108,PARV2_049 → PARV2_198 → PARV2_108 → PARV2_049,2.083,0.694,3_pares
PARV2_098,PARV2_159,PARV2_164,PARV2_098 → PARV2_159 → PARV2_164 → PARV2_098,2.083,0.694,3_pares
PARV2_107,PARV2_127,PARV2_159,PARV2_107 → PARV2_127 → PARV2_159 → PARV2_107,2.083,0.694,3_pares
PARV2_049,PARV2_182,PARV2_171,PARV2_049 → PARV2_182 → PARV2_171 → PARV2_049,2.083,0.694,3_pares
PARV2_074,PARV2_207,PARV2_198,PARV2_074 → PARV2_207 → PARV2_198 → PARV2_074,2.083,0.694,3_pares
PARV2_181,PARV2_204,PARV2_202,PARV2_181 → PARV2_204 → PARV2_202 → PARV2_181,2.083,0.694,3_pares
PARV2_032,PARV2_235,PARV2_200,PARV2_032 → PARV2_235 → PARV2_200 → PARV2_032,2.083,0.694,3_pares
PARV2_032,PARV2_177,PARV2_166,PARV2_032 → PARV2_177 → PARV2_166 → PARV2_032,2.083,0.694,3_pares
PARV2_074,PARV2_204,PARV2_108,PARV2_074 → PARV2_204 → PARV2_108 → PARV2_074,2.083,0.694,3_pares
PARV2_142,PARV2_204,PARV2_246,PARV2_142 → PARV2_204 → PARV2_246 → PARV2_142,2.082,0.694,3_pares
PARV2_141,PARV2_166,PARV2_204,PARV2_141 → PARV2_166 → PARV2_204 → PARV2_141,2.082,0.694,3_pares
PARV2_065,PARV2_171,PARV2_079,PARV2_065 → PARV2_171 → PARV2_079 → PARV2_065,2.082,0.694,3_pares
PARV2_159,PARV2_193,PARV2_200,PARV2_159 → PARV2_193 → PARV2_200 → PARV2_159,2.082,0.694,3_pares
PARV2_074,PARV2_181,PARV2_198,PARV2_074 → PARV2_181 → PARV2_198 → PARV2_074,2.082,0.694,3_pares
PARV2_063,PARV2_166,PARV2_204,PARV2_063 → PARV2_166 → PARV2_204 → PARV2_063,2.082,0.694,3_pares
PARV2_074,PARV2_244,PARV2_182,PARV2_074 → PARV2_244 → PARV2_182 → PARV2_074,2.081,0.694,3_pares
PARV2_001,PARV2_111,PARV2_006,PARV2_001 → PARV2_111 → PARV2_006 → PARV2_001,2.081,0.694,3_pares
PARV2_032,PARV2_188,PARV2_074,PARV2_032 → PARV2_188 → PARV2_074 → PARV2_032,2.081,0.694,3_pares
PARV2_177,PARV2_193,PARV2_239,PARV2_177 → PARV2_193 → PARV2_239 → PARV2_177,2.081,0.694,3_pares
PARV2_013,PARV2_174,PARV2_087,PARV2_013 → PARV2_174 → PARV2_087 → PARV2_013,2.081,0.694,3_pares
PARV2_013,PARV2_074,PARV2_239,PARV2_013 → PARV2_074 → PARV2_239 → PARV2_013,2.081,0.694,3_pares
PARV2_181,PARV2_193,PARV2_204,PARV2_181 → PARV2_193 → PARV2_204 → PARV2_181,2.081,0.694,3_pares
PARV2_006,PARV2_133,PARV2_074,PARV2_006 → PARV2_133 → PARV2_074 → PARV2_006,2.081,0.694,3_pares
PARV2_032,PARV2_129,PARV2_074,PARV2_032 → PARV2_129 → PARV2_074 → PARV2_032,2.081,0.694,3_pares
PARV2_070,PARV2_079,PARV2_239,PARV2_070 → PARV2_079 → PARV2_239 → PARV2_070,2.081,0.694,3_pares
PARV2_125,PARV2_204,PARV2_166,PARV2_125 → PARV2_204 → PARV2_166 → PARV2_125,2.081,0.694,3_pares
PARV2_113,PARV2_239,PARV2_204,PARV2_113 → PARV2_239 → PARV2_204 → PARV2_113,2.081,0.694,3_pares
PARV2_148,PARV2_159,PARV2_166,PARV2_148 → PARV2_159 → PARV2_166 → PARV2_148,2.08,0.693,3_pares
PARV2_087,PARV2_171,PARV2_218,PARV2_087 → PARV2_171 → PARV2_218 → PARV2_087,2.08,0.693,3_pares
PARV2_006,PARV2_035,PARV2_159,PARV2_006 → PARV2_035 → PARV2_159 → PARV2_006,2.08,0.693,3_pares
PARV2_049,PARV2_069,PARV2_239,PARV2_049 → PARV2_069 → PARV2_239 → PARV2_049,2.08,0.693,3_pares
PARV2_079,PARV2_239,PARV2_219,PARV2_079 → PARV2_239 → PARV2_219 → PARV2_079,2.08,0.693,3_pares
PARV2_074,PARV2_159,PARV2_187,PARV2_074 → PARV2_159 → PARV2_187 → PARV2_074,2.08,0.693,3_pares
PARV2_090,PARV2_163,PARV2_159,PARV2_090 → PARV2_163 → PARV2_159 → PARV2_090,2.08,0.693,3_pares
PARV2_013,PARV2_182,PARV2_111,PARV2_013 → PARV2_182 → PARV2_111 → PARV2_013,2.08,0.693,3_pares
PARV2_079,PARV2_239,PARV2_129,PARV2_079 → PARV2_239 → PARV2_129 → PARV2_079,2.08,0.693,3_pares
PARV2_063,PARV2_212,PARV2_166,PARV2_063 → PARV2_212 → PARV2_166 → PARV2_063,2.08,0.693,3_pares
PARV2_125,PARV2_164,PARV2_166,PARV2_125 → PARV2_164 → PARV2_166 → PARV2_125,2.08,0.693,3_pares
PARV2_014,PARV2_108,PARV2_204,PARV2_014 → PARV2_108 → PARV2_204 → PARV2_014,2.079,0.693,3_pares
PARV2_098,PARV2_159,PARV2_139,PARV2_098 → PARV2_159 → PARV2_139 → PARV2_098,2.079,0.693,3_pares
PARV2_127,PARV2_204,PARV2_181,PARV2_127 → PARV2_204 → PARV2_181 → PARV2_127,2.079,0.693,3_pares
PARV2_179,PARV2_204,PARV2_219,PARV2_179 → PARV2_204 → PARV2_219 → PARV2_179,2.079,0.693,3_pares
PARV2_079,PARV2_239,PARV2_107,PARV2_079 → PARV2_239 → PARV2_107 → PARV2_079,2.079,0.693,3_pares
PARV2_133,PARV2_193,PARV2_204,PARV2_133 → PARV2_193 → PARV2_204 → PARV2_133,2.079,0.693,3_pares
PARV2_181,PARV2_239,PARV2_235,PARV2_181 → PARV2_239 → PARV2_235 → PARV2_181,2.079,0.693,3_pares
PARV2_006,PARV2_134,PARV2_159,PARV2_006 → PARV2_134 → PARV2_159 → PARV2_006,2.079,0.693,3_pares
PARV2_159,PARV2_166,PARV2_239,PARV2_159 → PARV2_166 → PARV2_239 → PARV2_159,2.079,0.693,3_pares
PARV2_032,PARV2_216,PARV2_200,PARV2_032 → PARV2_216 → PARV2_200 → PARV2_032,2.079,0.693,3_pares
PARV2_068,PARV2_159,PARV2_166,PARV2_068 → PARV2_159 → PARV2_166 → PARV2_068,2.079,0.693,3_pares
PARV2_105,PARV2_166,PARV2_239,PARV2_105 → PARV2_166 → PARV2_239 → PARV2_105,2.079,0.693,3_pares
PARV2_070,PARV2_074,PARV2_166,PARV2_070 → PARV2_074 → PARV2_166 → PARV2_070,2.078,0.693,3_pares
PARV2_171,PARV2_204,PARV2_181,PARV2_171 → PARV2_204 → PARV2_181 → PARV2_171,2.078,0.693,3_pares
PARV2_074,PARV2_181,PARV2_142,PARV2_074 → PARV2_181 → PARV2_142 → PARV2_074,2.078,0.693,3_pares
PARV2_107,PARV2_171,PARV2_166,PARV2_107 → PARV2_171 → PARV2_166 → PARV2_107,2.078,0.693,3_pares
PARV2_184,PARV2_239,PARV2_204,PARV2_184 → PARV2_239 → PARV2_204 → PARV2_184,2.078,0.693,3_pares
PARV2_041,PARV2_171,PARV2_204,PARV2_041 → PARV2_171 → PARV2_204 → PARV2_041,2.077,0.692,3_pares
PARV2_013,PARV2_074,PARV2_187,PARV2_013 → PARV2_074 → PARV2_187 → PARV2_013,2.077,0.692,3_pares
PARV2_028,PARV2_179,PARV2_166,PARV2_028 → PARV2_179 → PARV2_166 → PARV2_028,2.077,0.692,3_pares
PARV2_051,PARV2_239,PARV2_177,PARV2_051 → PARV2_239 → PARV2_177 → PARV2_051,2.077,0.692,3_pares
PARV2_006,PARV2_129,PARV2_074,PARV2_006 → PARV2_129 → PARV2_074 → PARV2_006,2.077,0.692,3_pares
PARV2_166,PARV2_239,PARV2_221,PARV2_166 → PARV2_239 → PARV2_221 → PARV2_166,2.077,0.692,3_pares
PARV2_166,PARV2_221,PARV2_193,PARV2_166 → PARV2_221 → PARV2_193 → PARV2_166,2.077,0.692,3_pares
PARV2_074,PARV2_184,PARV2_239,PARV2_074 → PARV2_184 → PARV2_239 → PARV2_074,2.077,0.692,3_pares
PARV2_006,PARV2_166,PARV2_235,PARV2_006 → PARV2_166 → PARV2_235 → PARV2_006,2.077,0.692,3_pares
PARV2_049,PARV2_239,PARV2_105,PARV2_049 → PARV2_239 → PARV2_105 → PARV2_049,2.077,0.692,3_pares
PARV2_041,PARV2_074,PARV2_235,PARV2_041 → PARV2_074 → PARV2_235 → PARV2_041,2.077,0.692,3_pares
PARV2_006,PARV2_200,PARV2_087,PARV2_006 → PARV2_200 → PARV2_087 → PARV2_006,2.077,0.692,3_pares
PARV2_116,PARV2_193,PARV2_166,PARV2_116 → PARV2_193 → PARV2_166 → PARV2_116,2.077,0.692,3_pares
PARV2_006,PARV2_219,PARV2_074,PARV2_006 → PARV2_219 → PARV2_074 → PARV2_006,2.077,0.692,3_pares
PARV2_006,PARV2_207,PARV2_159,PARV2_006 → PARV2_207 → PARV2_159 → PARV2_006,2.077,0.692,3_pares
PARV2_001,PARV2_074,PARV2_032,PARV2_001 → PARV2_074 → PARV2_032 → PARV2_001,2.077,0.692,3_pares
PARV2_035,PARV2_159,PARV2_125,PARV2_035 → PARV2_159 → PARV2_125 → PARV2_035,2.077,0.692,3_pares
PARV2_074,PARV2_204,PARV2_136,PARV2_074 → PARV2_204 → PARV2_136 → PARV2_074,2.076,0.692,3_pares
PARV2_116,PARV2_134,PARV2_159,PARV2_116 → PARV2_134 → PARV2_159 → PARV2_116,2.076,0.692,3_pares
PARV2_074,PARV2_218,PARV2_133,PARV2_074 → PARV2_218 → PARV2_133 → PARV2_074,2.076,0.692,3_pares
PARV2_021,PARV2_166,PARV2_063,PARV2_021 → PARV2_166 → PARV2_063 → PARV2_021,2.076,0.692,3_pares
PARV2_127,PARV2_204,PARV2_194,PARV2_127 → PARV2_204 → PARV2_194 → PARV2_127,2.076,0.692,3_pares
PARV2_014,PARV2_108,PARV2_181,PARV2_014 → PARV2_108 → PARV2_181 → PARV2_014,2.076,0.692,3_pares
PARV2_108,PARV2_177,PARV2_146,PARV2_108 → PARV2_177 → PARV2_146 → PARV2_108,2.076,0.692,3_pares
PARV2_108,PARV2_239,PARV2_232,PARV2_108 → PARV2_239 → PARV2_232 → PARV2_108,2.076,0.692,3_pares
PARV2_146,PARV2_239,PARV2_166,PARV2_146 → PARV2_239 → PARV2_166 → PARV2_146,2.076,0.692,3_pares
PARV2_060,PARV2_108,PARV2_204,PARV2_060 → PARV2_108 → PARV2_204 → PARV2_060,2.076,0.692,3_pares
PARV2_125,PARV2_181,PARV2_166,PARV2_125 → PARV2_181 → PARV2_166 → PARV2_125,2.076,0.692,3_pares
PARV2_159,PARV2_204,PARV2_194,PARV2_159 → PARV2_204 → PARV2_194 → PARV2_159,2.076,0.692,3_pares
PARV2_063,PARV2_171,PARV2_166,PARV2_063 → PARV2_171 → PARV2_166 → PARV2_063,2.075,0.692,3_pares
PARV2_065,PARV2_159,PARV2_146,PARV2_065 → PARV2_159 → PARV2_146 → PARV2_065,2.075,0.692,3_pares
PARV2_159,PARV2_221,PARV2_204,PARV2_159 → PARV2_221 → PARV2_204 → PARV2_159,2.075,0.692,3_pares
PARV2_049,PARV2_069,PARV2_074,PARV2_049 → PARV2_069 → PARV2_074 → PARV2_049,2.075,0.692,3_pares
PARV2_159,PARV2_193,PARV2_216,PARV2_159 → PARV2_193 → PARV2_216 → PARV2_159,2.075,0.692,3_pares
PARV2_166,PARV2_235,PARV2_209,PARV2_166 → PARV2_235 → PARV2_209 → PARV2_166,2.074,0.691,3_pares
PARV2_013,PARV2_142,PARV2_159,PARV2_013 → PARV2_142 → PARV2_159 → PARV2_013,2.074,0.691,3_pares
PARV2_006,PARV2_182,PARV2_111,PARV2_006 → PARV2_182 → PARV2_111 → PARV2_006,2.074,0.691,3_pares
PARV2_049,PARV2_174,PARV2_177,PARV2_049 → PARV2_174 → PARV2_177 → PARV2_049,2.074,0.691,3_pares
PARV2_127,PARV2_204,PARV2_134,PARV2_127 → PARV2_204 → PARV2_134 → PARV2_127,2.074,0.691,3_pares
PARV2_166,PARV2_209,PARV2_179,PARV2_166 → PARV2_209 → PARV2_179 → PARV2_166,2.074,0.691,3_pares
PARV2_049,PARV2_239,PARV2_116,PARV2_049 → PARV2_239 → PARV2_116 → PARV2_049,2.074,0.691,3_pares
PARV2_032,PARV2_194,PARV2_166,PARV2_032 → PARV2_194 → PARV2_166 → PARV2_032,2.074,0.691,3_pares
PARV2_159,PARV2_171,PARV2_204,PARV2_159 → PARV2_171 → PARV2_204 → PARV2_159,2.074,0.691,3_pares
PARV2_098,PARV2_142,PARV2_143,PARV2_098 → PARV2_142 → PARV2_143 → PARV2_098,2.074,0.691,3_pares
PARV2_035,PARV2_159,PARV2_200,PARV2_035 → PARV2_159 → PARV2_200 → PARV2_035,2.074,0.691,3_pares
PARV2_049,PARV2_174,PARV2_133,PARV2_049 → PARV2_174 → PARV2_133 → PARV2_049,2.074,0.691,3_pares
PARV2_035,PARV2_127,PARV2_200,PARV2_035 → PARV2_127 → PARV2_200 → PARV2_035,2.074,0.691,3_pares
PARV2_049,PARV2_166,PARV2_164,PARV2_049 → PARV2_166 → PARV2_164 → PARV2_049,2.073,0.691,3_pares
PARV2_121,PARV2_171,PARV2_166,PARV2_121 → PARV2_171 → PARV2_166 → PARV2_121,2.073,0.691,3_pares
PARV2_204,PARV2_216,PARV2_239,PARV2_204 → PARV2_216 → PARV2_239 → PARV2_204,2.073,0.691,3_pares
PARV2_032,PARV2_187,PARV2_239,PARV2_032 → PARV2_187 → PARV2_239 → PARV2_032,2.073,0.691,3_pares
PARV2_049,PARV2_174,PARV2_204,PARV2_049 → PARV2_174 → PARV2_204 → PARV2_049,2.073,0.691,3_pares
PARV2_074,PARV2_239,PARV2_129,PARV2_074 → PARV2_239 → PARV2_129 → PARV2_074,2.073,0.691,3_pares
PARV2_074,PARV2_240,PARV2_182,PARV2_074 → PARV2_240 → PARV2_182 → PARV2_074,2.073,0.691,3_pares
PARV2_098,PARV2_159,PARV2_193,PARV2_098 → PARV2_159 → PARV2_193 → PARV2_098,2.073,0.691,3_pares
PARV2_159,PARV2_200,PARV2_171,PARV2_159 → PARV2_200 → PARV2_171 → PARV2_159,2.073,0.691,3_pares
PARV2_013,PARV2_174,PARV2_017,PARV2_013 → PARV2_174 → PARV2_017 → PARV2_013,2.073,0.691,3_pares
PARV2_138,PARV2_177,PARV2_146,PARV2_138 → PARV2_177 → PARV2_146 → PARV2_138,2.073,0.691,3_pares
PARV2_108,PARV2_181,PARV2_239,PARV2_108 → PARV2_181 → PARV2_239 → PARV2_108,2.073,0.691,3_pares
PARV2_129,PARV2_159,PARV2_238,PARV2_129 → PARV2_159 → PARV2_238 → PARV2_129,2.073,0.691,3_pares
PARV2_074,PARV2_207,PARV2_127,PARV2_074 → PARV2_207 → PARV2_127 → PARV2_074,2.073,0.691,3_pares
PARV2_006,PARV2_166,PARV2_125,PARV2_006 → PARV2_166 → PARV2_125 → PARV2_006,2.073,0.691,3_pares
PARV2_074,PARV2_204,PARV2_143,PARV2_074 → PARV2_204 → PARV2_143 → PARV2_074,2.073,0.691,3_pares
PARV2_074,PARV2_218,PARV2_139,PARV2_074 → PARV2_218 → PARV2_139 → PARV2_074,2.073,0.691,3_pares
PARV2_006,PARV2_159,PARV2_187,PARV2_006 → PARV2_159 → PARV2_187 → PARV2_006,2.072,0.691,3_pares
PARV2_159,PARV2_200,PARV2_219,PARV2_159 → PARV2_200 → PARV2_219 → PARV2_159,2.072,0.691,3_pares
PARV2_129,PARV2_200,PARV2_225,PARV2_129 → PARV2_200 → PARV2_225 → PARV2_129,2.072,0.691,3_pares
PARV2_006,PARV2_108,PARV2_074,PARV2_006 → PARV2_108 → PARV2_074 → PARV2_006,2.072,0.691,3_pares
PARV2_013,PARV2_182,PARV2_239,PARV2_013 → PARV2_182 → PARV2_239 → PARV2_013,2.072,0.691,3_pares
PARV2_121,PARV2_159,PARV2_235,PARV2_121 → PARV2_159 → PARV2_235 → PARV2_121,2.072,0.691,3_pares
PARV2_032,PARV2_166,PARV2_239,PARV2_032 → PARV2_166 → PARV2_239 → PARV2_032,2.072,0.691,3_pares
PARV2_014,PARV2_108,PARV2_049,PARV2_014 → PARV2_108 → PARV2_049 → PARV2_014,2.072,0.691,3_pares
PARV2_074,PARV2_246,PARV2_127,PARV2_074 → PARV2_246 → PARV2_127 → PARV2_074,2.072,0.691,3_pares
PARV2_074,PARV2_235,PARV2_135,PARV2_074 → PARV2_235 → PARV2_135 → PARV2_074,2.072,0.691,3_pares
PARV2_074,PARV2_239,PARV2_219,PARV2_074 → PARV2_239 → PARV2_219 → PARV2_074,2.072,0.691,3_pares
PARV2_074,PARV2_218,PARV2_129,PARV2_074 → PARV2_218 → PARV2_129 → PARV2_074,2.072,0.691,3_pares
PARV2_070,PARV2_204,PARV2_166,PARV2_070 → PARV2_204 → PARV2_166 → PARV2_070,2.072,0.691,3_pares
PARV2_074,PARV2_166,PARV2_133,PARV2_074 → PARV2_166 → PARV2_133 → PARV2_074,2.072,0.691,3_pares
PARV2_056,PARV2_074,PARV2_218,PARV2_056 → PARV2_074 → PARV2_218 → PARV2_056,2.072,0.691,3_pares
PARV2_032,PARV2_209,PARV2_074,PARV2_032 → PARV2_209 → PARV2_074 → PARV2_032,2.072,0.691,3_pares
PARV2_065,PARV2_193,PARV2_216,PARV2_065 → PARV2_193 → PARV2_216 → PARV2_065,2.072,0.691,3_pares
PARV2_074,PARV2_129,PARV2_200,PARV2_074 → PARV2_129 → PARV2_200 → PARV2_074,2.071,0.69,3_pares
PARV2_107,PARV2_134,PARV2_166,PARV2_107 → PARV2_134 → PARV2_166 → PARV2_107,2.071,0.69,3_pares
PARV2_127,PARV2_166,PARV2_235,PARV2_127 → PARV2_166 → PARV2_235 → PARV2_127,2.071,0.69,3_pares
PARV2_006,PARV2_235,PARV2_225,PARV2_006 → PARV2_235 → PARV2_225 → PARV2_006,2.071,0.69,3_pares
PARV2_074,PARV2_218,PARV2_209,PARV2_074 → PARV2_218 → PARV2_209 → PARV2_074,2.071,0.69,3_pares
PARV2_032,PARV2_127,PARV2_204,PARV2_032 → PARV2_127 → PARV2_204 → PARV2_032,2.071,0.69,3_pares
PARV2_166,PARV2_204,PARV2_235,PARV2_166 → PARV2_204 → PARV2_235 → PARV2_166,2.071,0.69,3_pares
PARV2_074,PARV2_090,PARV2_134,PARV2_074 → PARV2_090 → PARV2_134 → PARV2_074,2.071,0.69,3_pares
PARV2_069,PARV2_239,PARV2_181,PARV2_069 → PARV2_239 → PARV2_181 → PARV2_069,2.071,0.69,3_pares
PARV2_032,PARV2_166,PARV2_068,PARV2_032 → PARV2_166 → PARV2_068 → PARV2_032,2.071,0.69,3_pares
PARV2_006,PARV2_074,PARV2_187,PARV2_006 → PARV2_074 → PARV2_187 → PARV2_006,2.071,0.69,3_pares
PARV2_122,PARV2_142,PARV2_204,PARV2_122 → PARV2_142 → PARV2_204 → PARV2_122,2.071,0.69,3_pares
PARV2_159,PARV2_177,PARV2_193,PARV2_159 → PARV2_177 → PARV2_193 → PARV2_159,2.07,0.69,3_pares
PARV2_159,PARV2_193,PARV2_218,PARV2_159 → PARV2_193 → PARV2_218 → PARV2_159,2.07,0.69,3_pares
PARV2_127,PARV2_243,PARV2_129,PARV2_127 → PARV2_243 → PARV2_129 → PARV2_127,2.07,0.69,3_pares
PARV2_171,PARV2_204,PARV2_225,PARV2_171 → PARV2_204 → PARV2_225 → PARV2_171,2.07,0.69,3_pares
PARV2_074,PARV2_159,PARV2_087,PARV2_074 → PARV2_159 → PARV2_087 → PARV2_074,2.07,0.69,3_pares
PARV2_090,PARV2_159,PARV2_125,PARV2_090 → PARV2_159 → PARV2_125 → PARV2_090,2.07,0.69,3_pares
PARV2_001,PARV2_074,PARV2_239,PARV2_001 → PARV2_074 → PARV2_239 → PARV2_001,2.07,0.69,3_pares
PARV2_164,PARV2_166,PARV2_204,PARV2_164 → PARV2_166 → PARV2_204 → PARV2_164,2.07,0.69,3_pares
PARV2_049,PARV2_174,PARV2_129,PARV2_049 → PARV2_174 → PARV2_129 → PARV2_049,2.07,0.69,3_pares
PARV2_125,PARV2_209,PARV2_166,PARV2_125 → PARV2_209 → PARV2_166 → PARV2_125,2.07,0.69,3_pares
PARV2_139,PARV2_193,PARV2_166,PARV2_139 → PARV2_193 → PARV2_166 → PARV2_139,2.07,0.69,3_pares
PARV2_135,PARV2_138,PARV2_166,PARV2_135 → PARV2_138 → PARV2_166 → PARV2_135,2.07,0.69,3_pares
PARV2_166,PARV2_204,PARV2_216,PARV2_166 → PARV2_204 → PARV2_216 → PARV2_166,2.07,0.69,3_pares
PARV2_129,PARV2_193,PARV2_200,PARV2_129 → PARV2_193 → PARV2_200 → PARV2_129,2.07,0.69,3_pares
PARV2_193,PARV2_200,PARV2_204,PARV2_193 → PARV2_200 → PARV2_204 → PARV2_193,2.07,0.69,3_pares
PARV2_074,PARV2_204,PARV2_116,PARV2_074 → PARV2_204 → PARV2_116 → PARV2_074,2.07,0.69,3_pares
PARV2_098,PARV2_204,PARV2_143,PARV2_098 → PARV2_204 → PARV2_143 → PARV2_098,2.069,0.69,3_pares
PARV2_006,PARV2_200,PARV2_113,PARV2_006 → PARV2_200 → PARV2_113 → PARV2_006,2.069,0.69,3_pares
PARV2_133,PARV2_159,PARV2_204,PARV2_133 → PARV2_159 → PARV2_204 → PARV2_133,2.069,0.69,3_pares
PARV2_006,PARV2_209,PARV2_074,PARV2_006 → PARV2_209 → PARV2_074 → PARV2_006,2.069,0.69,3_pares
PARV2_035,PARV2_079,PARV2_239,PARV2_035 → PARV2_079 → PARV2_239 → PARV2_035,2.069,0.69,3_pares
PARV2_135,PARV2_171,PARV2_166,PARV2_135 → PARV2_171 → PARV2_166 → PARV2_135,2.069,0.69,3_pares
PARV2_032,PARV2_209,PARV2_159,PARV2_032 → PARV2_209 → PARV2_159 → PARV2_032,2.069,0.69,3_pares
PARV2_006,PARV2_219,PARV2_069,PARV2_006 → PARV2_219 → PARV2_069 → PARV2_006,2.069,0.69,3_pares
PARV2_125,PARV2_179,PARV2_166,PARV2_125 → PARV2_179 → PARV2_166 → PARV2_125,2.069,0.69,3_pares
PARV2_063,PARV2_129,PARV2_166,PARV2_063 → PARV2_129 → PARV2_166 → PARV2_063,2.069,0.69,3_pares
PARV2_074,PARV2_105,PARV2_198,PARV2_074 → PARV2_105 → PARV2_198 → PARV2_074,2.069,0.69,3_pares
PARV2_021,PARV2_193,PARV2_159,PARV2_021 → PARV2_193 → PARV2_159 → PARV2_021,2.069,0.69,3_pares
PARV2_166,PARV2_235,PARV2_212,PARV2_166 → PARV2_235 → PARV2_212 → PARV2_166,2.069,0.69,3_pares
PARV2_006,PARV2_166,PARV2_239,PARV2_006 → PARV2_166 → PARV2_239 → PARV2_006,2.069,0.69,3_pares
PARV2_108,PARV2_246,PARV2_204,PARV2_108 → PARV2_246 → PARV2_204 → PARV2_108,2.069,0.69,3_pares
PARV2_065,PARV2_239,PARV2_187,PARV2_065 → PARV2_239 → PARV2_187 → PARV2_065,2.069,0.69,3_pares
PARV2_006,PARV2_129,PARV2_069,PARV2_006 → PARV2_129 → PARV2_069 → PARV2_006,2.069,0.69,3_pares
PARV2_138,PARV2_166,PARV2_146,PARV2_138 → PARV2_166 → PARV2_146 → PARV2_138,2.069,0.69,3_pares
PARV2_006,PARV2_221,PARV2_166,PARV2_006 → PARV2_221 → PARV2_166 → PARV2_006,2.069,0.69,3_pares
PARV2_074,PARV2_166,PARV2_188,PARV2_074 → PARV2_166 → PARV2_188 → PARV2_074,2.069,0.69,3_pares
PARV2_074,PARV2_235,PARV2_113,PARV2_074 → PARV2_235 → PARV2_113 → PARV2_074,2.068,0.689,3_pares
PARV2_129,PARV2_166,PARV2_239,PARV2_129 → PARV2_166 → PARV2_239 → PARV2_129,2.068,0.689,3_pares
PARV2_098,PARV2_204,PARV2_187,PARV2_098 → PARV2_204 → PARV2_187 → PARV2_098,2.068,0.689,3_pares
PARV2_006,PARV2_235,PARV2_198,PARV2_006 → PARV2_235 → PARV2_198 → PARV2_006,2.068,0.689,3_pares
PARV2_006,PARV2_105,PARV2_014,PARV2_006 → PARV2_105 → PARV2_014 → PARV2_006,2.068,0.689,3_pares
PARV2_159,PARV2_235,PARV2_194,PARV2_159 → PARV2_235 → PARV2_194 → PARV2_159,2.068,0.689,3_pares
PARV2_139,PARV2_166,PARV2_239,PARV2_139 → PARV2_166 → PARV2_239 → PARV2_139,2.068,0.689,3_pares
PARV2_142,PARV2_166,PARV2_204,PARV2_142 → PARV2_166 → PARV2_204 → PARV2_142,2.068,0.689,3_pares
PARV2_079,PARV2_129,PARV2_171,PARV2_079 → PARV2_129 → PARV2_171 → PARV2_079,2.068,0.689,3_pares
PARV2_146,PARV2_239,PARV2_177,PARV2_146 → PARV2_239 → PARV2_177 → PARV2_146,2.068,0.689,3_pares
PARV2_065,PARV2_166,PARV2_239,PARV2_065 → PARV2_166 → PARV2_239 → PARV2_065,2.068,0.689,3_pares
PARV2_006,PARV2_108,PARV2_204,PARV2_006 → PARV2_108 → PARV2_204 → PARV2_006,2.068,0.689,3_pares
PARV2_074,PARV2_129,PARV2_143,PARV2_074 → PARV2_129 → PARV2_143 → PARV2_074,2.068,0.689,3_pares
PARV2_105,PARV2_134,PARV2_204,PARV2_105 → PARV2_134 → PARV2_204 → PARV2_105,2.068,0.689,3_pares
PARV2_032,PARV2_181,PARV2_166,PARV2_032 → PARV2_181 → PARV2_166 → PARV2_032,2.068,0.689,3_pares
PARV2_063,PARV2_074,PARV2_166,PARV2_063 → PARV2_074 → PARV2_166 → PARV2_063,2.068,0.689,3_pares
PARV2_065,PARV2_202,PARV2_166,PARV2_065 → PARV2_202 → PARV2_166 → PARV2_065,2.067,0.689,3_pares
PARV2_127,PARV2_166,PARV2_240,PARV2_127 → PARV2_166 → PARV2_240 → PARV2_127,2.067,0.689,3_pares
PARV2_125,PARV2_171,PARV2_159,PARV2_125 → PARV2_171 → PARV2_159 → PARV2_125,2.067,0.689,3_pares
PARV2_068,PARV2_129,PARV2_166,PARV2_068 → PARV2_129 → PARV2_166 → PARV2_068,2.067,0.689,3_pares
PARV2_187,PARV2_239,PARV2_204,PARV2_187 → PARV2_239 → PARV2_204 → PARV2_187,2.067,0.689,3_pares
PARV2_032,PARV2_216,PARV2_239,PARV2_032 → PARV2_216 → PARV2_239 → PARV2_032,2.067,0.689,3_pares
PARV2_014,PARV2_074,PARV2_235,PARV2_014 → PARV2_074 → PARV2_235 → PARV2_014,2.067,0.689,3_pares
PARV2_098,PARV2_204,PARV2_184,PARV2_098 → PARV2_204 → PARV2_184 → PARV2_098,2.067,0.689,3_pares
PARV2_074,PARV2_218,PARV2_108,PARV2_074 → PARV2_218 → PARV2_108 → PARV2_074,2.067,0.689,3_pares
PARV2_074,PARV2_181,PARV2_127,PARV2_074 → PARV2_181 → PARV2_127 → PARV2_074,2.067,0.689,3_pares
PARV2_063,PARV2_141,PARV2_166,PARV2_063 → PARV2_141 → PARV2_166 → PARV2_063,2.067,0.689,3_pares
PARV2_063,PARV2_193,PARV2_166,PARV2_063 → PARV2_193 → PARV2_166 → PARV2_063,2.067,0.689,3_pares
PARV2_001,PARV2_111,PARV2_235,PARV2_001 → PARV2_111 → PARV2_235 → PARV2_001,2.067,0.689,3_pares
PARV2_074,PARV2_181,PARV2_136,PARV2_074 → PARV2_181 → PARV2_136 → PARV2_074,2.066,0.689,3_pares
PARV2_074,PARV2_105,PARV2_142,PARV2_074 → PARV2_105 → PARV2_142 → PARV2_074,2.066,0.689,3_pares
PARV2_069,PARV2_074,PARV2_177,PARV2_069 → PARV2_074 → PARV2_177 → PARV2_069,2.066,0.689,3_pares
PARV2_068,PARV2_209,PARV2_166,PARV2_068 → PARV2_209 → PARV2_166 → PARV2_068,2.066,0.689,3_pares
PARV2_074,PARV2_204,PARV2_121,PARV2_074 → PARV2_204 → PARV2_121 → PARV2_074,2.066,0.689,3_pares
PARV2_032,PARV2_187,PARV2_138,PARV2_032 → PARV2_187 → PARV2_138 → PARV2_032,2.066,0.689,3_pares
PARV2_166,PARV2_204,PARV2_244,PARV2_166 → PARV2_204 → PARV2_244 → PARV2_166,2.066,0.689,3_pares
PARV2_032,PARV2_177,PARV2_159,PARV2_032 → PARV2_177 → PARV2_159 → PARV2_032,2.066,0.689,3_pares
PARV2_105,PARV2_159,PARV2_235,PARV2_105 → PARV2_159 → PARV2_235 → PARV2_105,2.066,0.689,3_pares
PARV2_134,PARV2_159,PARV2_204,PARV2_134 → PARV2_159 → PARV2_204 → PARV2_134,2.066,0.689,3_pares
PARV2_063,PARV2_239,PARV2_166,PARV2_063 → PARV2_239 → PARV2_166 → PARV2_063,2.066,0.689,3_pares
PARV2_001,PARV2_111,PARV2_125,PARV2_001 → PARV2_111 → PARV2_125 → PARV2_001,2.066,0.689,3_pares
PARV2_127,PARV2_238,PARV2_129,PARV2_127 → PARV2_238 → PARV2_129 → PARV2_127,2.066,0.689,3_pares
PARV2_074,PARV2_166,PARV2_239,PARV2_074 → PARV2_166 → PARV2_239 → PARV2_074,2.065,0.688,3_pares
PARV2_134,PARV2_204,PARV2_194,PARV2_134 → PARV2_204 → PARV2_194 → PARV2_134,2.065,0.688,3_pares
PARV2_065,PARV2_159,PARV2_200,PARV2_065 → PARV2_159 → PARV2_200 → PARV2_065,2.065,0.688,3_pares
PARV2_127,PARV2_204,PARV2_235,PARV2_127 → PARV2_204 → PARV2_235 → PARV2_127,2.065,0.688,3_pares
PARV2_014,PARV2_239,PARV2_049,PARV2_014 → PARV2_239 → PARV2_049 → PARV2_014,2.065,0.688,3_pares
PARV2_129,PARV2_193,PARV2_203,PARV2_129 → PARV2_193 → PARV2_203 → PARV2_129,2.065,0.688,3_pares
PARV2_070,PARV2_142,PARV2_074,PARV2_070 → PARV2_142 → PARV2_074 → PARV2_070,2.065,0.688,3_pares
PARV2_049,PARV2_174,PARV2_200,PARV2_049 → PARV2_174 → PARV2_200 → PARV2_049,2.065,0.688,3_pares
PARV2_179,PARV2_204,PARV2_207,PARV2_179 → PARV2_204 → PARV2_207 → PARV2_179,2.065,0.688,3_pares
PARV2_006,PARV2_181,PARV2_166,PARV2_006 → PARV2_181 → PARV2_166 → PARV2_006,2.065,0.688,3_pares
PARV2_116,PARV2_134,PARV2_204,PARV2_116 → PARV2_134 → PARV2_204 → PARV2_116,2.065,0.688,3_pares
PARV2_006,PARV2_166,PARV2_203,PARV2_006 → PARV2_166 → PARV2_203 → PARV2_006,2.065,0.688,3_pares
PARV2_193,PARV2_204,PARV2_240,PARV2_193 → PARV2_204 → PARV2_240 → PARV2_193,2.064,0.688,3_pares
PARV2_129,PARV2_166,PARV2_203,PARV2_129 → PARV2_166 → PARV2_203 → PARV2_129,2.064,0.688,3_pares
PARV2_049,PARV2_159,PARV2_163,PARV2_049 → PARV2_159 → PARV2_163 → PARV2_049,2.064,0.688,3_pares
PARV2_021,PARV2_193,PARV2_239,PARV2_021 → PARV2_193 → PARV2_239 → PARV2_021,2.064,0.688,3_pares
PARV2_098,PARV2_159,PARV2_187,PARV2_098 → PARV2_159 → PARV2_187 → PARV2_098,2.064,0.688,3_pares
PARV2_070,PARV2_204,PARV2_108,PARV2_070 → PARV2_204 → PARV2_108 → PARV2_070,2.064,0.688,3_pares
PARV2_049,PARV2_079,PARV2_171,PARV2_049 → PARV2_079 → PARV2_171 → PARV2_049,2.064,0.688,3_pares
PARV2_069,PARV2_239,PARV2_204,PARV2_069 → PARV2_239 → PARV2_204 → PARV2_069,2.064,0.688,3_pares
PARV2_179,PARV2_193,PARV2_204,PARV2_179 → PARV2_193 → PARV2_204 → PARV2_179,2.064,0.688,3_pares
PARV2_116,PARV2_171,PARV2_166,PARV2_116 → PARV2_171 → PARV2_166 → PARV2_116,2.064,0.688,3_pares
PARV2_006,PARV2_136,PARV2_074,PARV2_006 → PARV2_136 → PARV2_074 → PARV2_006,2.064,0.688,3_pares
PARV2_032,PARV2_198,PARV2_074,PARV2_032 → PARV2_198 → PARV2_074 → PARV2_032,2.064,0.688,3_pares
PARV2_032,PARV2_129,PARV2_166,PARV2_032 → PARV2_129 → PARV2_166 → PARV2_032,2.064,0.688,3_pares
PARV2_074,PARV2_187,PARV2_108,PARV2_074 → PARV2_187 → PARV2_108 → PARV2_074,2.063,0.688,3_pares
PARV2_001,PARV2_111,PARV2_063,PARV2_001 → PARV2_111 → PARV2_063 → PARV2_001,2.063,0.688,3_pares
PARV2_133,PARV2_134,PARV2_166,PARV2_133 → PARV2_134 → PARV2_166 → PARV2_133,2.063,0.688,3_pares
PARV2_193,PARV2_216,PARV2_219,PARV2_193 → PARV2_216 → PARV2_219 → PARV2_193,2.063,0.688,3_pares
PARV2_166,PARV2_193,PARV2_200,PARV2_166 → PARV2_193 → PARV2_200 → PARV2_166,2.063,0.688,3_pares
PARV2_193,PARV2_204,PARV2_246,PARV2_193 → PARV2_204 → PARV2_246 → PARV2_193,2.063,0.688,3_pares
PARV2_049,PARV2_182,PARV2_111,PARV2_049 → PARV2_182 → PARV2_111 → PARV2_049,2.063,0.688,3_pares
PARV2_065,PARV2_193,PARV2_069,PARV2_065 → PARV2_193 → PARV2_069 → PARV2_065,2.063,0.688,3_pares
PARV2_087,PARV2_129,PARV2_216,PARV2_087 → PARV2_129 → PARV2_216 → PARV2_087,2.063,0.688,3_pares
PARV2_171,PARV2_218,PARV2_181,PARV2_171 → PARV2_218 → PARV2_181 → PARV2_171,2.063,0.688,3_pares
PARV2_074,PARV2_087,PARV2_108,PARV2_074 → PARV2_087 → PARV2_108 → PARV2_074,2.063,0.688,3_pares
PARV2_133,PARV2_171,PARV2_166,PARV2_133 → PARV2_171 → PARV2_166 → PARV2_133,2.063,0.688,3_pares
PARV2_127,PARV2_204,PARV2_142,PARV2_127 → PARV2_204 → PARV2_142 → PARV2_127,2.063,0.688,3_pares
PARV2_032,PARV2_087,PARV2_074,PARV2_032 → PARV2_087 → PARV2_074 → PARV2_032,2.063,0.688,3_pares
PARV2_065,PARV2_179,PARV2_069,PARV2_065 → PARV2_179 → PARV2_069 → PARV2_065,2.063,0.688,3_pares
PARV2_204,PARV2_232,PARV2_239,PARV2_204 → PARV2_232 → PARV2_239 → PARV2_204,2.062,0.687,3_pares
PARV2_216,PARV2_239,PARV2_219,PARV2_216 → PARV2_239 → PARV2_219 → PARV2_216,2.062,0.687,3_pares
PARV2_006,PARV2_159,PARV2_198,PARV2_006 → PARV2_159 → PARV2_198 → PARV2_006,2.062,0.687,3_pares
PARV2_065,PARV2_239,PARV2_069,PARV2_065 → PARV2_239 → PARV2_069 → PARV2_065,2.062,0.687,3_pares
PARV2_032,PARV2_207,PARV2_166,PARV2_032 → PARV2_207 → PARV2_166 → PARV2_032,2.062,0.687,3_pares
PARV2_166,PARV2_239,PARV2_209,PARV2_166 → PARV2_239 → PARV2_209 → PARV2_166,2.062,0.687,3_pares
PARV2_127,PARV2_204,PARV2_179,PARV2_127 → PARV2_204 → PARV2_179 → PARV2_127,2.062,0.687,3_pares
PARV2_032,PARV2_141,PARV2_166,PARV2_032 → PARV2_141 → PARV2_166 → PARV2_032,2.062,0.687,3_pares
PARV2_074,PARV2_204,PARV2_194,PARV2_074 → PARV2_204 → PARV2_194 → PARV2_074,2.062,0.687,3_pares
PARV2_032,PARV2_159,PARV2_235,PARV2_032 → PARV2_159 → PARV2_235 → PARV2_032,2.062,0.687,3_pares
PARV2_125,PARV2_207,PARV2_159,PARV2_125 → PARV2_207 → PARV2_159 → PARV2_125,2.062,0.687,3_pares
PARV2_006,PARV2_244,PARV2_159,PARV2_006 → PARV2_244 → PARV2_159 → PARV2_006,2.062,0.687,3_pares
PARV2_102,PARV2_193,PARV2_239,PARV2_102 → PARV2_193 → PARV2_239 → PARV2_102,2.062,0.687,3_pares
PARV2_074,PARV2_204,PARV2_135,PARV2_074 → PARV2_204 → PARV2_135 → PARV2_074,2.062,0.687,3_pares
PARV2_032,PARV2_051,PARV2_074,PARV2_032 → PARV2_051 → PARV2_074 → PARV2_032,2.062,0.687,3_pares
PARV2_105,PARV2_193,PARV2_204,PARV2_105 → PARV2_193 → PARV2_204 → PARV2_105,2.062,0.687,3_pares
PARV2_006,PARV2_065,PARV2_079,PARV2_006 → PARV2_065 → PARV2_079 → PARV2_006,2.062,0.687,3_pares
PARV2_063,PARV2_193,PARV2_204,PARV2_063 → PARV2_193 → PARV2_204 → PARV2_063,2.062,0.687,3_pares
PARV2_006,PARV2_013,PARV2_014,PARV2_006 → PARV2_013 → PARV2_014 → PARV2_006,2.062,0.687,3_pares
PARV2_134,PARV2_159,PARV2_235,PARV2_134 → PARV2_159 → PARV2_235 → PARV2_134,2.062,0.687,3_pares
PARV2_074,PARV2_159,PARV2_135,PARV2_074 → PARV2_159 → PARV2_135 → PARV2_074,2.061,0.687,3_pares
PARV2_159,PARV2_235,PARV2_164,PARV2_159 → PARV2_235 → PARV2_164 → PARV2_159,2.061,0.687,3_pares
PARV2_074,PARV2_219,PARV2_182,PARV2_074 → PARV2_219 → PARV2_182 → PARV2_074,2.061,0.687,3_pares
PARV2_177,PARV2_204,PARV2_202,PARV2_177 → PARV2_204 → PARV2_202 → PARV2_177,2.061,0.687,3_pares
PARV2_014,PARV2_138,PARV2_166,PARV2_014 → PARV2_138 → PARV2_166 → PARV2_014,2.061,0.687,3_pares
PARV2_108,PARV2_129,PARV2_198,PARV2_108 → PARV2_129 → PARV2_198 → PARV2_108,2.061,0.687,3_pares
PARV2_107,PARV2_171,PARV2_159,PARV2_107 → PARV2_171 → PARV2_159 → PARV2_107,2.061,0.687,3_pares
PARV2_074,PARV2_235,PARV2_219,PARV2_074 → PARV2_235 → PARV2_219 → PARV2_074,2.061,0.687,3_pares
PARV2_133,PARV2_159,PARV2_235,PARV2_133 → PARV2_159 → PARV2_235 → PARV2_133,2.061,0.687,3_pares
PARV2_049,PARV2_239,PARV2_139,PARV2_049 → PARV2_239 → PARV2_139 → PARV2_049,2.061,0.687,3_pares
PARV2_107,PARV2_179,PARV2_200,PARV2_107 → PARV2_179 → PARV2_200 → PARV2_107,2.061,0.687,3_pares
PARV2_125,PARV2_212,PARV2_159,PARV2_125 → PARV2_212 → PARV2_159 → PARV2_125,2.061,0.687,3_pares
PARV2_129,PARV2_200,PARV2_188,PARV2_129 → PARV2_200 → PARV2_188 → PARV2_129,2.061,0.687,3_pares
PARV2_006,PARV2_181,PARV2_204,PARV2_006 → PARV2_181 → PARV2_204 → PARV2_006,2.061,0.687,3_pares
PARV2_051,PARV2_171,PARV2_159,PARV2_051 → PARV2_171 → PARV2_159 → PARV2_051,2.061,0.687,3_pares
PARV2_108,PARV2_219,PARV2_198,PARV2_108 → PARV2_219 → PARV2_198 → PARV2_108,2.061,0.687,3_pares
PARV2_032,PARV2_049,PARV2_239,PARV2_032 → PARV2_049 → PARV2_239 → PARV2_032,2.061,0.687,3_pares
PARV2_028,PARV2_127,PARV2_166,PARV2_028 → PARV2_127 → PARV2_166 → PARV2_028,2.06,0.687,3_pares
PARV2_090,PARV2_202,PARV2_159,PARV2_090 → PARV2_202 → PARV2_159 → PARV2_090,2.06,0.687,3_pares
PARV2_105,PARV2_200,PARV2_204,PARV2_105 → PARV2_200 → PARV2_204 → PARV2_105,2.06,0.687,3_pares
PARV2_159,PARV2_240,PARV2_171,PARV2_159 → PARV2_240 → PARV2_171 → PARV2_159,2.06,0.687,3_pares
PARV2_006,PARV2_074,PARV2_198,PARV2_006 → PARV2_074 → PARV2_198 → PARV2_006,2.06,0.687,3_pares
PARV2_006,PARV2_139,PARV2_166,PARV2_006 → PARV2_139 → PARV2_166 → PARV2_006,2.06,0.687,3_pares
PARV2_129,PARV2_193,PARV2_239,PARV2_129 → PARV2_193 → PARV2_239 → PARV2_129,2.06,0.687,3_pares
PARV2_125,PARV2_127,PARV2_159,PARV2_125 → PARV2_127 → PARV2_159 → PARV2_125,2.06,0.687,3_pares
PARV2_006,PARV2_166,PARV2_188,PARV2_006 → PARV2_166 → PARV2_188 → PARV2_006,2.06,0.687,3_pares
PARV2_108,PARV2_239,PARV2_146,PARV2_108 → PARV2_239 → PARV2_146 → PARV2_108,2.06,0.687,3_pares
PARV2_069,PARV2_074,PARV2_239,PARV2_069 → PARV2_074 → PARV2_239 → PARV2_069,2.06,0.687,3_pares
PARV2_074,PARV2_204,PARV2_239,PARV2_074 → PARV2_204 → PARV2_239 → PARV2_074,2.06,0.687,3_pares
PARV2_068,PARV2_179,PARV2_166,PARV2_068 → PARV2_179 → PARV2_166 → PARV2_068,2.06,0.687,3_pares
PARV2_159,PARV2_200,PARV2_204,PARV2_159 → PARV2_200 → PARV2_204 → PARV2_159,2.06,0.687,3_pares
PARV2_138,PARV2_166,PARV2_204,PARV2_138 → PARV2_166 → PARV2_204 → PARV2_138,2.06,0.687,3_pares
PARV2_129,PARV2_200,PARV2_192,PARV2_129 → PARV2_200 → PARV2_192 → PARV2_129,2.06,0.687,3_pares
PARV2_032,PARV2_105,PARV2_174,PARV2_032 → PARV2_105 → PARV2_174 → PARV2_032,2.059,0.686,3_pares
PARV2_074,PARV2_166,PARV2_209,PARV2_074 → PARV2_166 → PARV2_209 → PARV2_074,2.059,0.686,3_pares
PARV2_063,PARV2_210,PARV2_166,PARV2_063 → PARV2_210 → PARV2_166 → PARV2_063,2.059,0.686,3_pares
PARV2_013,PARV2_159,PARV2_225,PARV2_013 → PARV2_159 → PARV2_225 → PARV2_013,2.059,0.686,3_pares
PARV2_116,PARV2_142,PARV2_204,PARV2_116 → PARV2_142 → PARV2_204 → PARV2_116,2.059,0.686,3_pares
PARV2_013,PARV2_069,PARV2_074,PARV2_013 → PARV2_069 → PARV2_074 → PARV2_013,2.059,0.686,3_pares
PARV2_006,PARV2_159,PARV2_235,PARV2_006 → PARV2_159 → PARV2_235 → PARV2_006,2.059,0.686,3_pares
PARV2_116,PARV2_193,PARV2_204,PARV2_116 → PARV2_193 → PARV2_204 → PARV2_116,2.059,0.686,3_pares
PARV2_006,PARV2_235,PARV2_135,PARV2_006 → PARV2_235 → PARV2_135 → PARV2_006,2.059,0.686,3_pares
PARV2_049,PARV2_239,PARV2_074,PARV2_049 → PARV2_239 → PARV2_074 → PARV2_049,2.059,0.686,3_pares
PARV2_110,PARV2_239,PARV2_166,PARV2_110 → PARV2_239 → PARV2_166 → PARV2_110,2.059,0.686,3_pares
PARV2_065,PARV2_202,PARV2_069,PARV2_065 → PARV2_202 → PARV2_069 → PARV2_065,2.059,0.686,3_pares
PARV2_171,PARV2_204,PARV2_182,PARV2_171 → PARV2_204 → PARV2_182 → PARV2_171,2.059,0.686,3_pares
PARV2_108,PARV2_179,PARV2_204,PARV2_108 → PARV2_179 → PARV2_204 → PARV2_108,2.058,0.686,3_pares
PARV2_006,PARV2_164,PARV2_166,PARV2_006 → PARV2_164 → PARV2_166 → PARV2_006,2.058,0.686,3_pares
PARV2_006,PARV2_013,PARV2_198,PARV2_006 → PARV2_013 → PARV2_198 → PARV2_006,2.058,0.686,3_pares
PARV2_006,PARV2_090,PARV2_146,PARV2_006 → PARV2_090 → PARV2_146 → PARV2_006,2.058,0.686,3_pares
PARV2_006,PARV2_049,PARV2_239,PARV2_006 → PARV2_049 → PARV2_239 → PARV2_006,2.058,0.686,3_pares
PARV2_102,PARV2_166,PARV2_239,PARV2_102 → PARV2_166 → PARV2_239 → PARV2_102,2.058,0.686,3_pares
PARV2_013,PARV2_239,PARV2_170,PARV2_013 → PARV2_239 → PARV2_170 → PARV2_013,2.058,0.686,3_pares
PARV2_074,PARV2_219,PARV2_198,PARV2_074 → PARV2_219 → PARV2_198 → PARV2_074,2.058,0.686,3_pares
PARV2_166,PARV2_235,PARV2_244,PARV2_166 → PARV2_235 → PARV2_244 → PARV2_166,2.058,0.686,3_pares
PARV2_006,PARV2_049,PARV2_203,PARV2_006 → PARV2_049 → PARV2_203 → PARV2_006,2.058,0.686,3_pares
PARV2_122,PARV2_159,PARV2_125,PARV2_122 → PARV2_159 → PARV2_125 → PARV2_122,2.058,0.686,3_pares
PARV2_006,PARV2_207,PARV2_166,PARV2_006 → PARV2_207 → PARV2_166 → PARV2_006,2.058,0.686,3_pares
PARV2_004,PARV2_074,PARV2_166,PARV2_004 → PARV2_074 → PARV2_166 → PARV2_004,2.057,0.686,3_pares
PARV2_102,PARV2_110,PARV2_239,PARV2_102 → PARV2_110 → PARV2_239 → PARV2_102,2.057,0.686,3_pares
PARV2_074,PARV2_239,PARV2_143,PARV2_074 → PARV2_239 → PARV2_143 → PARV2_074,2.057,0.686,3_pares
PARV2_006,PARV2_184,PARV2_074,PARV2_006 → PARV2_184 → PARV2_074 → PARV2_006,2.057,0.686,3_pares
PARV2_070,PARV2_142,PARV2_166,PARV2_070 → PARV2_142 → PARV2_166 → PARV2_070,2.057,0.686,3_pares
PARV2_049,PARV2_239,PARV2_163,PARV2_049 → PARV2_239 → PARV2_163 → PARV2_049,2.057,0.686,3_pares
PARV2_074,PARV2_177,PARV2_142,PARV2_074 → PARV2_177 → PARV2_142 → PARV2_074,2.057,0.686,3_pares
PARV2_032,PARV2_125,PARV2_204,PARV2_032 → PARV2_125 → PARV2_204 → PARV2_032,2.057,0.686,3_pares
PARV2_051,PARV2_239,PARV2_065,PARV2_051 → PARV2_239 → PARV2_065 → PARV2_051,2.057,0.686,3_pares
PARV2_074,PARV2_204,PARV2_225,PARV2_074 → PARV2_204 → PARV2_225 → PARV2_074,2.057,0.686,3_pares
PARV2_013,PARV2_239,PARV2_135,PARV2_013 → PARV2_239 → PARV2_135 → PARV2_013,2.057,0.686,3_pares
PARV2_049,PARV2_134,PARV2_179,PARV2_049 → PARV2_134 → PARV2_179 → PARV2_049,2.056,0.685,3_pares
PARV2_021,PARV2_166,PARV2_125,PARV2_021 → PARV2_166 → PARV2_125 → PARV2_021,2.056,0.685,3_pares
PARV2_013,PARV2_049,PARV2_238,PARV2_013 → PARV2_049 → PARV2_238 → PARV2_013,2.056,0.685,3_pares
PARV2_159,PARV2_181,PARV2_193,PARV2_159 → PARV2_181 → PARV2_193 → PARV2_159,2.056,0.685,3_pares
PARV2_006,PARV2_209,PARV2_079,PARV2_006 → PARV2_209 → PARV2_079 → PARV2_006,2.056,0.685,3_pares
PARV2_006,PARV2_200,PARV2_187,PARV2_006 → PARV2_200 → PARV2_187 → PARV2_006,2.056,0.685,3_pares
PARV2_006,PARV2_090,PARV2_198,PARV2_006 → PARV2_090 → PARV2_198 → PARV2_006,2.056,0.685,3_pares
PARV2_006,PARV2_021,PARV2_166,PARV2_006 → PARV2_021 → PARV2_166 → PARV2_006,2.056,0.685,3_pares
PARV2_049,PARV2_159,PARV2_207,PARV2_049 → PARV2_159 → PARV2_207 → PARV2_049,2.056,0.685,3_pares
PARV2_154,PARV2_171,PARV2_159,PARV2_154 → PARV2_171 → PARV2_159 → PARV2_154,2.056,0.685,3_pares
PARV2_166,PARV2_235,PARV2_239,PARV2_166 → PARV2_235 → PARV2_239 → PARV2_166,2.056,0.685,3_pares
PARV2_051,PARV2_239,PARV2_219,PARV2_051 → PARV2_239 → PARV2_219 → PARV2_051,2.056,0.685,3_pares
PARV2_021,PARV2_182,PARV2_239,PARV2_021 → PARV2_182 → PARV2_239 → PARV2_021,2.056,0.685,3_pares
PARV2_074,PARV2_218,PARV2_143,PARV2_074 → PARV2_218 → PARV2_143 → PARV2_074,2.056,0.685,3_pares
PARV2_001,PARV2_171,PARV2_166,PARV2_001 → PARV2_171 → PARV2_166 → PARV2_001,2.056,0.685,3_pares
PARV2_035,PARV2_204,PARV2_138,PARV2_035 → PARV2_204 → PARV2_138 → PARV2_035,2.056,0.685,3_pares
PARV2_121,PARV2_166,PARV2_204,PARV2_121 → PARV2_166 → PARV2_204 → PARV2_121,2.056,0.685,3_pares
PARV2_159,PARV2_200,PARV2_244,PARV2_159 → PARV2_200 → PARV2_244 → PARV2_159,2.056,0.685,3_pares
PARV2_171,PARV2_204,PARV2_177,PARV2_171 → PARV2_204 → PARV2_177 → PARV2_171,2.056,0.685,3_pares
PARV2_032,PARV2_107,PARV2_159,PARV2_032 → PARV2_107 → PARV2_159 → PARV2_032,2.056,0.685,3_pares
PARV2_074,PARV2_146,PARV2_108,PARV2_074 → PARV2_146 → PARV2_108 → PARV2_074,2.055,0.685,3_pares
PARV2_133,PARV2_193,PARV2_159,PARV2_133 → PARV2_193 → PARV2_159 → PARV2_133,2.055,0.685,3_pares
PARV2_006,PARV2_065,PARV2_014,PARV2_006 → PARV2_065 → PARV2_014 → PARV2_006,2.055,0.685,3_pares
PARV2_127,PARV2_166,PARV2_171,PARV2_127 → PARV2_166 → PARV2_171 → PARV2_127,2.055,0.685,3_pares
PARV2_074,PARV2_239,PARV2_116,PARV2_074 → PARV2_239 → PARV2_116 → PARV2_074,2.055,0.685,3_pares
PARV2_079,PARV2_239,PARV2_204,PARV2_079 → PARV2_239 → PARV2_204 → PARV2_079,2.055,0.685,3_pares
PARV2_021,PARV2_049,PARV2_174,PARV2_021 → PARV2_049 → PARV2_174 → PARV2_021,2.055,0.685,3_pares
PARV2_049,PARV2_174,PARV2_070,PARV2_049 → PARV2_174 → PARV2_070 → PARV2_049,2.055,0.685,3_pares
PARV2_069,PARV2_129,PARV2_216,PARV2_069 → PARV2_129 → PARV2_216 → PARV2_069,2.055,0.685,3_pares
PARV2_166,PARV2_235,PARV2_246,PARV2_166 → PARV2_235 → PARV2_246 → PARV2_166,2.055,0.685,3_pares
PARV2_006,PARV2_108,PARV2_159,PARV2_006 → PARV2_108 → PARV2_159 → PARV2_006,2.055,0.685,3_pares
PARV2_049,PARV2_239,PARV2_102,PARV2_049 → PARV2_239 → PARV2_102 → PARV2_049,2.055,0.685,3_pares
PARV2_006,PARV2_138,PARV2_087,PARV2_006 → PARV2_138 → PARV2_087 → PARV2_006,2.055,0.685,3_pares
PARV2_063,PARV2_235,PARV2_166,PARV2_063 → PARV2_235 → PARV2_166 → PARV2_063,2.055,0.685,3_pares
PARV2_006,PARV2_074,PARV2_022,PARV2_006 → PARV2_074 → PARV2_022 → PARV2_006,2.055,0.685,3_pares
PARV2_065,PARV2_171,PARV2_198,PARV2_065 → PARV2_171 → PARV2_198 → PARV2_065,2.055,0.685,3_pares
PARV2_074,PARV2_204,PARV2_133,PARV2_074 → PARV2_204 → PARV2_133 → PARV2_074,2.055,0.685,3_pares
PARV2_065,PARV2_146,PARV2_239,PARV2_065 → PARV2_146 → PARV2_239 → PARV2_065,2.055,0.685,3_pares
PARV2_127,PARV2_166,PARV2_207,PARV2_127 → PARV2_166 → PARV2_207 → PARV2_127,2.054,0.685,3_pares
PARV2_065,PARV2_193,PARV2_079,PARV2_065 → PARV2_193 → PARV2_079 → PARV2_065,2.054,0.685,3_pares
PARV2_013,PARV2_159,PARV2_203,PARV2_013 → PARV2_159 → PARV2_203 → PARV2_013,2.054,0.685,3_pares
PARV2_051,PARV2_098,PARV2_159,PARV2_051 → PARV2_098 → PARV2_159 → PARV2_051,2.054,0.685,3_pares
PARV2_065,PARV2_179,PARV2_079,PARV2_065 → PARV2_179 → PARV2_079 → PARV2_065,2.054,0.685,3_pares
PARV2_159,PARV2_204,PARV2_202,PARV2_159 → PARV2_204 → PARV2_202 → PARV2_159,2.054,0.685,3_pares
PARV2_074,PARV2_235,PARV2_187,PARV2_074 → PARV2_235 → PARV2_187 → PARV2_074,2.054,0.685,3_pares
PARV2_133,PARV2_159,PARV2_154,PARV2_133 → PARV2_159 → PARV2_154 → PARV2_133,2.054,0.685,3_pares
PARV2_006,PARV2_138,PARV2_225,PARV2_006 → PARV2_138 → PARV2_225 → PARV2_006,2.054,0.685,3_pares
PARV2_013,PARV2_171,PARV2_218,PARV2_013 → PARV2_171 → PARV2_218 → PARV2_013,2.054,0.685,3_pares
PARV2_159,PARV2_204,PARV2_235,PARV2_159 → PARV2_204 → PARV2_235 → PARV2_159,2.053,0.684,3_pares
PARV2_006,PARV2_108,PARV2_239,PARV2_006 → PARV2_108 → PARV2_239 → PARV2_006,2.053,0.684,3_pares
PARV2_006,PARV2_074,PARV2_204,PARV2_006 → PARV2_074 → PARV2_204 → PARV2_006,2.053,0.684,3_pares
PARV2_035,PARV2_204,PARV2_063,PARV2_035 → PARV2_204 → PARV2_063 → PARV2_035,2.053,0.684,3_pares
PARV2_006,PARV2_159,PARV2_135,PARV2_006 → PARV2_159 → PARV2_135 → PARV2_006,2.053,0.684,3_pares
PARV2_006,PARV2_159,PARV2_225,PARV2_006 → PARV2_159 → PARV2_225 → PARV2_006,2.053,0.684,3_pares
PARV2_074,PARV2_198,PARV2_108,PARV2_074 → PARV2_198 → PARV2_108 → PARV2_074,2.053,0.684,3_pares
PARV2_108,PARV2_177,PARV2_159,PARV2_108 → PARV2_177 → PARV2_159 → PARV2_108,2.053,0.684,3_pares
PARV2_041,PARV2_239,PARV2_204,PARV2_041 → PARV2_239 → PARV2_204 → PARV2_041,2.053,0.684,3_pares
PARV2_098,PARV2_204,PARV2_193,PARV2_098 → PARV2_204 → PARV2_193 → PARV2_098,2.053,0.684,3_pares
PARV2_049,PARV2_193,PARV2_200,PARV2_049 → PARV2_193 → PARV2_200 → PARV2_049,2.053,0.684,3_pares
PARV2_171,PARV2_204,PARV2_207,PARV2_171 → PARV2_204 → PARV2_207 → PARV2_171,2.053,0.684,3_pares
PARV2_006,PARV2_069,PARV2_074,PARV2_006 → PARV2_069 → PARV2_074 → PARV2_006,2.053,0.684,3_pares
PARV2_060,PARV2_232,PARV2_108,PARV2_060 → PARV2_232 → PARV2_108 → PARV2_060,2.053,0.684,3_pares
PARV2_129,PARV2_216,PARV2_159,PARV2_129 → PARV2_216 → PARV2_159 → PARV2_129,2.053,0.684,3_pares
PARV2_107,PARV2_134,PARV2_159,PARV2_107 → PARV2_134 → PARV2_159 → PARV2_107,2.053,0.684,3_pares
PARV2_127,PARV2_159,PARV2_210,PARV2_127 → PARV2_159 → PARV2_210 → PARV2_127,2.053,0.684,3_pares
PARV2_159,PARV2_204,PARV2_216,PARV2_159 → PARV2_204 → PARV2_216 → PARV2_159,2.053,0.684,3_pares
PARV2_006,PARV2_065,PARV2_166,PARV2_006 → PARV2_065 → PARV2_166 → PARV2_006,2.052,0.684,3_pares
PARV2_065,PARV2_159,PARV2_237,PARV2_065 → PARV2_159 → PARV2_237 → PARV2_065,2.052,0.684,3_pares
PARV2_090,PARV2_198,PARV2_239,PARV2_090 → PARV2_198 → PARV2_239 → PARV2_090,2.052,0.684,3_pares
PARV2_049,PARV2_174,PARV2_138,PARV2_049 → PARV2_174 → PARV2_138 → PARV2_049,2.052,0.684,3_pares
PARV2_107,PARV2_110,PARV2_239,PARV2_107 → PARV2_110 → PARV2_239 → PARV2_107,2.052,0.684,3_pares
PARV2_098,PARV2_204,PARV2_136,PARV2_098 → PARV2_204 → PARV2_136 → PARV2_098,2.052,0.684,3_pares
PARV2_006,PARV2_074,PARV2_135,PARV2_006 → PARV2_074 → PARV2_135 → PARV2_006,2.052,0.684,3_pares
PARV2_135,PARV2_138,PARV2_159,PARV2_135 → PARV2_138 → PARV2_159 → PARV2_135,2.052,0.684,3_pares
PARV2_006,PARV2_049,PARV2_069,PARV2_006 → PARV2_049 → PARV2_069 → PARV2_006,2.052,0.684,3_pares
PARV2_063,PARV2_244,PARV2_166,PARV2_063 → PARV2_244 → PARV2_166 → PARV2_063,2.052,0.684,3_pares
PARV2_159,PARV2_240,PARV2_193,PARV2_159 → PARV2_240 → PARV2_193 → PARV2_159,2.052,0.684,3_pares
PARV2_032,PARV2_209,PARV2_200,PARV2_032 → PARV2_209 → PARV2_200 → PARV2_032,2.052,0.684,3_pares
PARV2_006,PARV2_074,PARV2_159,PARV2_006 → PARV2_074 → PARV2_159 → PARV2_006,2.052,0.684,3_pares
PARV2_108,PARV2_219,PARV2_159,PARV2_108 → PARV2_219 → PARV2_159 → PARV2_108,2.052,0.684,3_pares
PARV2_108,PARV2_193,PARV2_204,PARV2_108 → PARV2_193 → PARV2_204 → PARV2_108,2.052,0.684,3_pares
PARV2_116,PARV2_179,PARV2_204,PARV2_116 → PARV2_179 → PARV2_204 → PARV2_116,2.052,0.684,3_pares
PARV2_166,PARV2_244,PARV2_193,PARV2_166 → PARV2_244 → PARV2_193 → PARV2_166,2.052,0.684,3_pares
PARV2_006,PARV2_193,PARV2_159,PARV2_006 → PARV2_193 → PARV2_159 → PARV2_006,2.052,0.684,3_pares
PARV2_070,PARV2_179,PARV2_166,PARV2_070 → PARV2_179 → PARV2_166 → PARV2_070,2.052,0.684,3_pares
PARV2_142,PARV2_204,PARV2_148,PARV2_142 → PARV2_204 → PARV2_148 → PARV2_142,2.052,0.684,3_pares
PARV2_108,PARV2_204,PARV2_239,PARV2_108 → PARV2_204 → PARV2_239 → PARV2_108,2.051,0.684,3_pares
PARV2_074,PARV2_159,PARV2_139,PARV2_074 → PARV2_159 → PARV2_139 → PARV2_074,2.051,0.684,3_pares
PARV2_074,PARV2_121,PARV2_239,PARV2_074 → PARV2_121 → PARV2_239 → PARV2_074,2.051,0.684,3_pares
PARV2_065,PARV2_193,PARV2_159,PARV2_065 → PARV2_193 → PARV2_159 → PARV2_065,2.051,0.684,3_pares
PARV2_014,PARV2_098,PARV2_204,PARV2_014 → PARV2_098 → PARV2_204 → PARV2_014,2.051,0.684,3_pares
PARV2_006,PARV2_070,PARV2_074,PARV2_006 → PARV2_070 → PARV2_074 → PARV2_006,2.051,0.684,3_pares
PARV2_022,PARV2_138,PARV2_159,PARV2_022 → PARV2_138 → PARV2_159 → PARV2_022,2.051,0.684,3_pares
PARV2_127,PARV2_166,PARV2_134,PARV2_127 → PARV2_166 → PARV2_134 → PARV2_127,2.051,0.684,3_pares
PARV2_139,PARV2_159,PARV2_154,PARV2_139 → PARV2_159 → PARV2_154 → PARV2_139,2.051,0.684,3_pares
PARV2_032,PARV2_181,PARV2_159,PARV2_032 → PARV2_181 → PARV2_159 → PARV2_032,2.051,0.684,3_pares
PARV2_133,PARV2_179,PARV2_166,PARV2_133 → PARV2_179 → PARV2_166 → PARV2_133,2.051,0.684,3_pares
PARV2_006,PARV2_194,PARV2_074,PARV2_006 → PARV2_194 → PARV2_074 → PARV2_006,2.051,0.684,3_pares
PARV2_013,PARV2_142,PARV2_074,PARV2_013 → PARV2_142 → PARV2_074 → PARV2_013,2.051,0.684,3_pares
PARV2_204,PARV2_235,PARV2_221,PARV2_204 → PARV2_235 → PARV2_221 → PARV2_204,2.05,0.683,3_pares
PARV2_074,PARV2_204,PARV2_209,PARV2_074 → PARV2_204 → PARV2_209 → PARV2_074,2.05,0.683,3_pares
PARV2_139,PARV2_179,PARV2_159,PARV2_139 → PARV2_179 → PARV2_159 → PARV2_139,2.05,0.683,3_pares
PARV2_090,PARV2_198,PARV2_108,PARV2_090 → PARV2_198 → PARV2_108 → PARV2_090,2.05,0.683,3_pares
PARV2_204,PARV2_216,PARV2_221,PARV2_204 → PARV2_216 → PARV2_221 → PARV2_204,2.05,0.683,3_pares
PARV2_129,PARV2_134,PARV2_198,PARV2_129 → PARV2_134 → PARV2_198 → PARV2_129,2.05,0.683,3_pares
PARV2_110,PARV2_239,PARV2_177,PARV2_110 → PARV2_239 → PARV2_177 → PARV2_110,2.05,0.683,3_pares
PARV2_074,PARV2_240,PARV2_127,PARV2_074 → PARV2_240 → PARV2_127 → PARV2_074,2.05,0.683,3_pares
PARV2_022,PARV2_239,PARV2_074,PARV2_022 → PARV2_239 → PARV2_074 → PARV2_022,2.05,0.683,3_pares
PARV2_013,PARV2_174,PARV2_204,PARV2_013 → PARV2_174 → PARV2_204 → PARV2_013,2.05,0.683,3_pares
PARV2_006,PARV2_209,PARV2_014,PARV2_006 → PARV2_209 → PARV2_014 → PARV2_006,2.05,0.683,3_pares
PARV2_079,PARV2_129,PARV2_179,PARV2_079 → PARV2_129 → PARV2_179 → PARV2_079,2.049,0.683,3_pares
PARV2_142,PARV2_204,PARV2_194,PARV2_142 → PARV2_204 → PARV2_194 → PARV2_142,2.049,0.683,3_pares
PARV2_069,PARV2_239,PARV2_177,PARV2_069 → PARV2_239 → PARV2_177 → PARV2_069,2.049,0.683,3_pares
PARV2_032,PARV2_113,PARV2_239,PARV2_032 → PARV2_113 → PARV2_239 → PARV2_032,2.049,0.683,3_pares
PARV2_127,PARV2_204,PARV2_244,PARV2_127 → PARV2_204 → PARV2_244 → PARV2_127,2.049,0.683,3_pares
PARV2_159,PARV2_204,PARV2_244,PARV2_159 → PARV2_204 → PARV2_244 → PARV2_159,2.049,0.683,3_pares
PARV2_063,PARV2_246,PARV2_166,PARV2_063 → PARV2_246 → PARV2_166 → PARV2_063,2.049,0.683,3_pares
PARV2_013,PARV2_174,PARV2_200,PARV2_013 → PARV2_174 → PARV2_200 → PARV2_013,2.049,0.683,3_pares
PARV2_179,PARV2_200,PARV2_219,PARV2_179 → PARV2_200 → PARV2_219 → PARV2_179,2.049,0.683,3_pares
PARV2_069,PARV2_239,PARV2_193,PARV2_069 → PARV2_239 → PARV2_193 → PARV2_069,2.049,0.683,3_pares
PARV2_049,PARV2_110,PARV2_239,PARV2_049 → PARV2_110 → PARV2_239 → PARV2_049,2.049,0.683,3_pares
PARV2_051,PARV2_138,PARV2_219,PARV2_051 → PARV2_138 → PARV2_219 → PARV2_051,2.049,0.683,3_pares
PARV2_108,PARV2_200,PARV2_232,PARV2_108 → PARV2_200 → PARV2_232 → PARV2_108,2.049,0.683,3_pares
PARV2_116,PARV2_182,PARV2_239,PARV2_116 → PARV2_182 → PARV2_239 → PARV2_116,2.049,0.683,3_pares
PARV2_006,PARV2_142,PARV2_166,PARV2_006 → PARV2_142 → PARV2_166 → PARV2_006,2.049,0.683,3_pares
PARV2_006,PARV2_108,PARV2_113,PARV2_006 → PARV2_108 → PARV2_113 → PARV2_006,2.049,0.683,3_pares
PARV2_129,PARV2_179,PARV2_200,PARV2_129 → PARV2_179 → PARV2_200 → PARV2_129,2.049,0.683,3_pares
PARV2_125,PARV2_239,PARV2_159,PARV2_125 → PARV2_239 → PARV2_159 → PARV2_125,2.048,0.683,3_pares
PARV2_069,PARV2_074,PARV2_164,PARV2_069 → PARV2_074 → PARV2_164 → PARV2_069,2.048,0.683,3_pares
PARV2_069,PARV2_171,PARV2_204,PARV2_069 → PARV2_171 → PARV2_204 → PARV2_069,2.048,0.683,3_pares
PARV2_200,PARV2_204,PARV2_219,PARV2_200 → PARV2_204 → PARV2_219 → PARV2_200,2.048,0.683,3_pares
PARV2_006,PARV2_107,PARV2_079,PARV2_006 → PARV2_107 → PARV2_079 → PARV2_006,2.048,0.683,3_pares
PARV2_006,PARV2_090,PARV2_069,PARV2_006 → PARV2_090 → PARV2_069 → PARV2_006,2.048,0.683,3_pares
PARV2_006,PARV2_207,PARV2_198,PARV2_006 → PARV2_207 → PARV2_198 → PARV2_006,2.048,0.683,3_pares
PARV2_022,PARV2_171,PARV2_159,PARV2_022 → PARV2_171 → PARV2_159 → PARV2_022,2.048,0.683,3_pares
PARV2_049,PARV2_134,PARV2_127,PARV2_049 → PARV2_134 → PARV2_127 → PARV2_049,2.048,0.683,3_pares
PARV2_032,PARV2_133,PARV2_074,PARV2_032 → PARV2_133 → PARV2_074 → PARV2_032,2.048,0.683,3_pares
PARV2_021,PARV2_110,PARV2_239,PARV2_021 → PARV2_110 → PARV2_239 → PARV2_021,2.048,0.683,3_pares
PARV2_049,PARV2_127,PARV2_142,PARV2_049 → PARV2_127 → PARV2_142 → PARV2_049,2.048,0.683,3_pares
PARV2_074,PARV2_142,PARV2_143,PARV2_074 → PARV2_142 → PARV2_143 → PARV2_074,2.048,0.683,3_pares
PARV2_032,PARV2_079,PARV2_239,PARV2_032 → PARV2_079 → PARV2_239 → PARV2_032,2.048,0.683,3_pares
PARV2_148,PARV2_166,PARV2_204,PARV2_148 → PARV2_166 → PARV2_204 → PARV2_148,2.048,0.683,3_pares
PARV2_098,PARV2_142,PARV2_136,PARV2_098 → PARV2_142 → PARV2_136 → PARV2_098,2.047,0.682,3_pares
PARV2_049,PARV2_127,PARV2_159,PARV2_049 → PARV2_127 → PARV2_159 → PARV2_049,2.047,0.682,3_pares
PARV2_098,PARV2_159,PARV2_181,PARV2_098 → PARV2_159 → PARV2_181 → PARV2_098,2.047,0.682,3_pares
PARV2_014,PARV2_074,PARV2_159,PARV2_014 → PARV2_074 → PARV2_159 → PARV2_014,2.047,0.682,3_pares
PARV2_177,PARV2_193,PARV2_216,PARV2_177 → PARV2_193 → PARV2_216 → PARV2_177,2.047,0.682,3_pares
PARV2_074,PARV2_239,PARV2_135,PARV2_074 → PARV2_239 → PARV2_135 → PARV2_074,2.047,0.682,3_pares
PARV2_166,PARV2_204,PARV2_240,PARV2_166 → PARV2_204 → PARV2_240 → PARV2_166,2.047,0.682,3_pares
PARV2_074,PARV2_116,PARV2_134,PARV2_074 → PARV2_116 → PARV2_134 → PARV2_074,2.047,0.682,3_pares
PARV2_006,PARV2_116,PARV2_074,PARV2_006 → PARV2_116 → PARV2_074 → PARV2_006,2.047,0.682,3_pares
PARV2_006,PARV2_159,PARV2_032,PARV2_006 → PARV2_159 → PARV2_032 → PARV2_006,2.047,0.682,3_pares
PARV2_204,PARV2_239,PARV2_221,PARV2_204 → PARV2_239 → PARV2_221 → PARV2_204,2.047,0.682,3_pares
PARV2_138,PARV2_171,PARV2_204,PARV2_138 → PARV2_171 → PARV2_204 → PARV2_138,2.047,0.682,3_pares
PARV2_006,PARV2_074,PARV2_137,PARV2_006 → PARV2_074 → PARV2_137 → PARV2_006,2.047,0.682,3_pares
PARV2_006,PARV2_013,PARV2_239,PARV2_006 → PARV2_013 → PARV2_239 → PARV2_006,2.047,0.682,3_pares
PARV2_006,PARV2_105,PARV2_203,PARV2_006 → PARV2_105 → PARV2_203 → PARV2_006,2.047,0.682,3_pares
PARV2_204,PARV2_212,PARV2_239,PARV2_204 → PARV2_212 → PARV2_239 → PARV2_204,2.047,0.682,3_pares
PARV2_006,PARV2_113,PARV2_239,PARV2_006 → PARV2_113 → PARV2_239 → PARV2_006,2.046,0.682,3_pares
PARV2_065,PARV2_171,PARV2_159,PARV2_065 → PARV2_171 → PARV2_159 → PARV2_065,2.046,0.682,3_pares
PARV2_060,PARV2_177,PARV2_204,PARV2_060 → PARV2_177 → PARV2_204 → PARV2_060,2.046,0.682,3_pares
PARV2_006,PARV2_035,PARV2_069,PARV2_006 → PARV2_035 → PARV2_069 → PARV2_006,2.046,0.682,3_pares
PARV2_204,PARV2_235,PARV2_212,PARV2_204 → PARV2_235 → PARV2_212 → PARV2_204,2.046,0.682,3_pares
PARV2_166,PARV2_207,PARV2_179,PARV2_166 → PARV2_207 → PARV2_179 → PARV2_166,2.046,0.682,3_pares
PARV2_125,PARV2_235,PARV2_159,PARV2_125 → PARV2_235 → PARV2_159 → PARV2_125,2.046,0.682,3_pares
PARV2_068,PARV2_181,PARV2_166,PARV2_068 → PARV2_181 → PARV2_166 → PARV2_068,2.046,0.682,3_pares
PARV2_181,PARV2_182,PARV2_239,PARV2_181 → PARV2_182 → PARV2_239 → PARV2_181,2.046,0.682,3_pares
PARV2_070,PARV2_182,PARV2_074,PARV2_070 → PARV2_182 → PARV2_074 → PARV2_070,2.046,0.682,3_pares
PARV2_108,PARV2_159,PARV2_187,PARV2_108 → PARV2_159 → PARV2_187 → PARV2_108,2.046,0.682,3_pares
PARV2_032,PARV2_174,PARV2_200,PARV2_032 → PARV2_174 → PARV2_200 → PARV2_032,2.046,0.682,3_pares
PARV2_074,PARV2_218,PARV2_194,PARV2_074 → PARV2_218 → PARV2_194 → PARV2_074,2.046,0.682,3_pares
PARV2_074,PARV2_235,PARV2_184,PARV2_074 → PARV2_235 → PARV2_184 → PARV2_074,2.046,0.682,3_pares
PARV2_032,PARV2_219,PARV2_216,PARV2_032 → PARV2_219 → PARV2_216 → PARV2_032,2.046,0.682,3_pares
PARV2_028,PARV2_127,PARV2_204,PARV2_028 → PARV2_127 → PARV2_204 → PARV2_028,2.046,0.682,3_pares
PARV2_177,PARV2_202,PARV2_239,PARV2_177 → PARV2_202 → PARV2_239 → PARV2_177,2.046,0.682,3_pares
PARV2_133,PARV2_171,PARV2_159,PARV2_133 → PARV2_171 → PARV2_159 → PARV2_133,2.046,0.682,3_pares
PARV2_014,PARV2_239,PARV2_065,PARV2_014 → PARV2_239 → PARV2_065 → PARV2_014,2.046,0.682,3_pares
PARV2_032,PARV2_105,PARV2_159,PARV2_032 → PARV2_105 → PARV2_159 → PARV2_032,2.046,0.682,3_pares
PARV2_074,PARV2_174,PARV2_184,PARV2_074 → PARV2_174 → PARV2_184 → PARV2_074,2.046,0.682,3_pares
PARV2_200,PARV2_204,PARV2_212,PARV2_200 → PARV2_204 → PARV2_212 → PARV2_200,2.045,0.682,3_pares
PARV2_133,PARV2_134,PARV2_159,PARV2_133 → PARV2_134 → PARV2_159 → PARV2_133,2.045,0.682,3_pares
PARV2_049,PARV2_110,PARV2_171,PARV2_049 → PARV2_110 → PARV2_171 → PARV2_049,2.045,0.682,3_pares
PARV2_074,PARV2_177,PARV2_136,PARV2_074 → PARV2_177 → PARV2_136 → PARV2_074,2.045,0.682,3_pares
PARV2_122,PARV2_239,PARV2_204,PARV2_122 → PARV2_239 → PARV2_204 → PARV2_122,2.045,0.682,3_pares
PARV2_125,PARV2_246,PARV2_159,PARV2_125 → PARV2_246 → PARV2_159 → PARV2_125,2.045,0.682,3_pares
PARV2_072,PARV2_184,PARV2_074,PARV2_072 → PARV2_184 → PARV2_074 → PARV2_072,2.045,0.682,3_pares
PARV2_125,PARV2_210,PARV2_159,PARV2_125 → PARV2_210 → PARV2_159 → PARV2_125,2.045,0.682,3_pares
PARV2_107,PARV2_203,PARV2_138,PARV2_107 → PARV2_203 → PARV2_138 → PARV2_107,2.045,0.682,3_pares
PARV2_074,PARV2_177,PARV2_127,PARV2_074 → PARV2_177 → PARV2_127 → PARV2_074,2.045,0.682,3_pares
PARV2_006,PARV2_212,PARV2_166,PARV2_006 → PARV2_212 → PARV2_166 → PARV2_006,2.045,0.682,3_pares
PARV2_049,PARV2_174,PARV2_209,PARV2_049 → PARV2_174 → PARV2_209 → PARV2_049,2.045,0.682,3_pares
PARV2_087,PARV2_172,PARV2_204,PARV2_087 → PARV2_172 → PARV2_204 → PARV2_087,2.045,0.682,3_pares
PARV2_090,PARV2_171,PARV2_218,PARV2_090 → PARV2_171 → PARV2_218 → PARV2_090,2.045,0.682,3_pares
PARV2_065,PARV2_239,PARV2_113,PARV2_065 → PARV2_239 → PARV2_113 → PARV2_065,2.045,0.682,3_pares
PARV2_166,PARV2_177,PARV2_202,PARV2_166 → PARV2_177 → PARV2_202 → PARV2_166,2.044,0.681,3_pares
PARV2_127,PARV2_166,PARV2_193,PARV2_127 → PARV2_166 → PARV2_193 → PARV2_127,2.044,0.681,3_pares
PARV2_032,PARV2_111,PARV2_166,PARV2_032 → PARV2_111 → PARV2_166 → PARV2_032,2.044,0.681,3_pares
PARV2_074,PARV2_218,PARV2_221,PARV2_074 → PARV2_218 → PARV2_221 → PARV2_074,2.044,0.681,3_pares
PARV2_074,PARV2_218,PARV2_239,PARV2_074 → PARV2_218 → PARV2_239 → PARV2_074,2.044,0.681,3_pares
PARV2_032,PARV2_065,PARV2_239,PARV2_032 → PARV2_065 → PARV2_239 → PARV2_032,2.044,0.681,3_pares
PARV2_125,PARV2_134,PARV2_166,PARV2_125 → PARV2_134 → PARV2_166 → PARV2_125,2.044,0.681,3_pares
PARV2_079,PARV2_129,PARV2_193,PARV2_079 → PARV2_129 → PARV2_193 → PARV2_079,2.044,0.681,3_pares
PARV2_021,PARV2_127,PARV2_159,PARV2_021 → PARV2_127 → PARV2_159 → PARV2_021,2.044,0.681,3_pares
PARV2_021,PARV2_204,PARV2_063,PARV2_021 → PARV2_204 → PARV2_063 → PARV2_021,2.044,0.681,3_pares
PARV2_049,PARV2_239,PARV2_108,PARV2_049 → PARV2_239 → PARV2_108 → PARV2_049,2.044,0.681,3_pares
PARV2_014,PARV2_074,PARV2_036,PARV2_014 → PARV2_074 → PARV2_036 → PARV2_014,2.044,0.681,3_pares
PARV2_006,PARV2_235,PARV2_014,PARV2_006 → PARV2_235 → PARV2_014 → PARV2_006,2.044,0.681,3_pares
PARV2_108,PARV2_159,PARV2_235,PARV2_108 → PARV2_159 → PARV2_235 → PARV2_108,2.044,0.681,3_pares
PARV2_074,PARV2_105,PARV2_200,PARV2_074 → PARV2_105 → PARV2_200 → PARV2_074,2.044,0.681,3_pares
PARV2_074,PARV2_135,PARV2_108,PARV2_074 → PARV2_135 → PARV2_108 → PARV2_074,2.044,0.681,3_pares
PARV2_134,PARV2_166,PARV2_235,PARV2_134 → PARV2_166 → PARV2_235 → PARV2_134,2.044,0.681,3_pares
PARV2_032,PARV2_207,PARV2_159,PARV2_032 → PARV2_207 → PARV2_159 → PARV2_032,2.044,0.681,3_pares
PARV2_035,PARV2_142,PARV2_166,PARV2_035 → PARV2_142 → PARV2_166 → PARV2_035,2.044,0.681,3_pares
PARV2_006,PARV2_138,PARV2_159,PARV2_006 → PARV2_138 → PARV2_159 → PARV2_006,2.043,0.681,3_pares
PARV2_006,PARV2_181,PARV2_079,PARV2_006 → PARV2_181 → PARV2_079 → PARV2_006,2.043,0.681,3_pares
PARV2_035,PARV2_110,PARV2_239,PARV2_035 → PARV2_110 → PARV2_239 → PARV2_035,2.043,0.681,3_pares
PARV2_035,PARV2_204,PARV2_108,PARV2_035 → PARV2_204 → PARV2_108 → PARV2_035,2.043,0.681,3_pares
PARV2_006,PARV2_105,PARV2_159,PARV2_006 → PARV2_105 → PARV2_159 → PARV2_006,2.043,0.681,3_pares
PARV2_166,PARV2_235,PARV2_207,PARV2_166 → PARV2_235 → PARV2_207 → PARV2_166,2.043,0.681,3_pares
PARV2_177,PARV2_193,PARV2_218,PARV2_177 → PARV2_193 → PARV2_218 → PARV2_177,2.043,0.681,3_pares
PARV2_159,PARV2_210,PARV2_193,PARV2_159 → PARV2_210 → PARV2_193 → PARV2_159,2.043,0.681,3_pares
PARV2_032,PARV2_142,PARV2_204,PARV2_032 → PARV2_142 → PARV2_204 → PARV2_032,2.043,0.681,3_pares
PARV2_032,PARV2_166,PARV2_235,PARV2_032 → PARV2_166 → PARV2_235 → PARV2_032,2.043,0.681,3_pares
PARV2_148,PARV2_159,PARV2_235,PARV2_148 → PARV2_159 → PARV2_235 → PARV2_148,2.043,0.681,3_pares
PARV2_065,PARV2_202,PARV2_237,PARV2_065 → PARV2_202 → PARV2_237 → PARV2_065,2.043,0.681,3_pares
PARV2_006,PARV2_139,PARV2_159,PARV2_006 → PARV2_139 → PARV2_159 → PARV2_006,2.043,0.681,3_pares
PARV2_090,PARV2_159,PARV2_108,PARV2_090 → PARV2_159 → PARV2_108 → PARV2_090,2.042,0.681,3_pares
PARV2_021,PARV2_182,PARV2_074,PARV2_021 → PARV2_182 → PARV2_074 → PARV2_021,2.042,0.681,3_pares
PARV2_138,PARV2_159,PARV2_204,PARV2_138 → PARV2_159 → PARV2_204 → PARV2_138,2.042,0.681,3_pares
PARV2_001,PARV2_111,PARV2_204,PARV2_001 → PARV2_111 → PARV2_204 → PARV2_001,2.042,0.681,3_pares
PARV2_032,PARV2_141,PARV2_074,PARV2_032 → PARV2_141 → PARV2_074 → PARV2_032,2.042,0.681,3_pares
PARV2_074,PARV2_113,PARV2_239,PARV2_074 → PARV2_113 → PARV2_239 → PARV2_074,2.042,0.681,3_pares
PARV2_074,PARV2_107,PARV2_198,PARV2_074 → PARV2_107 → PARV2_198 → PARV2_074,2.042,0.681,3_pares
PARV2_006,PARV2_244,PARV2_166,PARV2_006 → PARV2_244 → PARV2_166 → PARV2_006,2.042,0.681,3_pares
PARV2_049,PARV2_238,PARV2_108,PARV2_049 → PARV2_238 → PARV2_108 → PARV2_049,2.042,0.681,3_pares
PARV2_138,PARV2_194,PARV2_204,PARV2_138 → PARV2_194 → PARV2_204 → PARV2_138,2.042,0.681,3_pares
PARV2_171,PARV2_193,PARV2_200,PARV2_171 → PARV2_193 → PARV2_200 → PARV2_171,2.042,0.681,3_pares
PARV2_049,PARV2_174,PARV2_207,PARV2_049 → PARV2_174 → PARV2_207 → PARV2_049,2.042,0.681,3_pares
PARV2_006,PARV2_065,PARV2_051,PARV2_006 → PARV2_065 → PARV2_051 → PARV2_006,2.042,0.681,3_pares
PARV2_108,PARV2_159,PARV2_204,PARV2_108 → PARV2_159 → PARV2_204 → PARV2_108,2.042,0.681,3_pares
PARV2_108,PARV2_207,PARV2_198,PARV2_108 → PARV2_207 → PARV2_198 → PARV2_108,2.042,0.681,3_pares
PARV2_107,PARV2_179,PARV2_159,PARV2_107 → PARV2_179 → PARV2_159 → PARV2_107,2.042,0.681,3_pares
PARV2_164,PARV2_166,PARV2_235,PARV2_164 → PARV2_166 → PARV2_235 → PARV2_164,2.042,0.681,3_pares
PARV2_133,PARV2_142,PARV2_204,PARV2_133 → PARV2_142 → PARV2_204 → PARV2_133,2.042,0.681,3_pares
PARV2_074,PARV2_148,PARV2_127,PARV2_074 → PARV2_148 → PARV2_127 → PARV2_074,2.042,0.681,3_pares
PARV2_154,PARV2_209,PARV2_159,PARV2_154 → PARV2_209 → PARV2_159 → PARV2_154,2.042,0.681,3_pares
PARV2_013,PARV2_193,PARV2_200,PARV2_013 → PARV2_193 → PARV2_200 → PARV2_013,2.042,0.681,3_pares
PARV2_105,PARV2_159,PARV2_204,PARV2_105 → PARV2_159 → PARV2_204 → PARV2_105,2.041,0.68,3_pares
PARV2_014,PARV2_138,PARV2_065,PARV2_014 → PARV2_138 → PARV2_065 → PARV2_014,2.041,0.68,3_pares
PARV2_068,PARV2_194,PARV2_166,PARV2_068 → PARV2_194 → PARV2_166 → PARV2_068,2.041,0.68,3_pares
PARV2_074,PARV2_142,PARV2_136,PARV2_074 → PARV2_142 → PARV2_136 → PARV2_074,2.041,0.68,3_pares
PARV2_110,PARV2_239,PARV2_159,PARV2_110 → PARV2_239 → PARV2_159 → PARV2_110,2.041,0.68,3_pares
PARV2_014,PARV2_108,PARV2_129,PARV2_014 → PARV2_108 → PARV2_129 → PARV2_014,2.041,0.68,3_pares
PARV2_006,PARV2_164,PARV2_159,PARV2_006 → PARV2_164 → PARV2_159 → PARV2_006,2.041,0.68,3_pares
PARV2_159,PARV2_200,PARV2_181,PARV2_159 → PARV2_200 → PARV2_181 → PARV2_159,2.041,0.68,3_pares
PARV2_121,PARV2_193,PARV2_166,PARV2_121 → PARV2_193 → PARV2_166 → PARV2_121,2.041,0.68,3_pares
PARV2_006,PARV2_235,PARV2_187,PARV2_006 → PARV2_235 → PARV2_187 → PARV2_006,2.041,0.68,3_pares
PARV2_122,PARV2_171,PARV2_159,PARV2_122 → PARV2_171 → PARV2_159 → PARV2_122,2.041,0.68,3_pares
PARV2_166,PARV2_240,PARV2_171,PARV2_166 → PARV2_240 → PARV2_171 → PARV2_166,2.04,0.68,3_pares
PARV2_134,PARV2_204,PARV2_177,PARV2_134 → PARV2_204 → PARV2_177 → PARV2_134,2.04,0.68,3_pares
PARV2_134,PARV2_159,PARV2_164,PARV2_134 → PARV2_159 → PARV2_164 → PARV2_134,2.04,0.68,3_pares
PARV2_006,PARV2_090,PARV2_079,PARV2_006 → PARV2_090 → PARV2_079 → PARV2_006,2.04,0.68,3_pares
PARV2_006,PARV2_070,PARV2_159,PARV2_006 → PARV2_070 → PARV2_159 → PARV2_006,2.04,0.68,3_pares
PARV2_049,PARV2_198,PARV2_239,PARV2_049 → PARV2_198 → PARV2_239 → PARV2_049,2.04,0.68,3_pares
PARV2_179,PARV2_200,PARV2_209,PARV2_179 → PARV2_200 → PARV2_209 → PARV2_179,2.04,0.68,3_pares
PARV2_108,PARV2_204,PARV2_135,PARV2_108 → PARV2_204 → PARV2_135 → PARV2_108,2.04,0.68,3_pares
PARV2_065,PARV2_166,PARV2_125,PARV2_065 → PARV2_166 → PARV2_125 → PARV2_065,2.04,0.68,3_pares
PARV2_035,PARV2_166,PARV2_068,PARV2_035 → PARV2_166 → PARV2_068 → PARV2_035,2.04,0.68,3_pares
PARV2_193,PARV2_204,PARV2_209,PARV2_193 → PARV2_204 → PARV2_209 → PARV2_193,2.04,0.68,3_pares
PARV2_013,PARV2_174,PARV2_225,PARV2_013 → PARV2_174 → PARV2_225 → PARV2_013,2.04,0.68,3_pares
PARV2_179,PARV2_204,PARV2_209,PARV2_179 → PARV2_204 → PARV2_209 → PARV2_179,2.04,0.68,3_pares
PARV2_166,PARV2_171,PARV2_193,PARV2_166 → PARV2_171 → PARV2_193 → PARV2_166,2.04,0.68,3_pares
PARV2_133,PARV2_159,PARV2_200,PARV2_133 → PARV2_159 → PARV2_200 → PARV2_133,2.04,0.68,3_pares
PARV2_013,PARV2_193,PARV2_166,PARV2_013 → PARV2_193 → PARV2_166 → PARV2_013,2.04,0.68,3_pares
PARV2_102,PARV2_204,PARV2_239,PARV2_102 → PARV2_204 → PARV2_239 → PARV2_102,2.04,0.68,3_pares
PARV2_121,PARV2_166,PARV2_239,PARV2_121 → PARV2_166 → PARV2_239 → PARV2_121,2.04,0.68,3_pares
PARV2_079,PARV2_239,PARV2_193,PARV2_079 → PARV2_239 → PARV2_193 → PARV2_079,2.04,0.68,3_pares
PARV2_074,PARV2_116,PARV2_200,PARV2_074 → PARV2_116 → PARV2_200 → PARV2_074,2.04,0.68,3_pares
PARV2_006,PARV2_142,PARV2_204,PARV2_006 → PARV2_142 → PARV2_204 → PARV2_006,2.04,0.68,3_pares
PARV2_006,PARV2_193,PARV2_204,PARV2_006 → PARV2_193 → PARV2_204 → PARV2_006,2.04,0.68,3_pares
PARV2_138,PARV2_221,PARV2_204,PARV2_138 → PARV2_221 → PARV2_204 → PARV2_138,2.04,0.68,3_pares
PARV2_142,PARV2_204,PARV2_207,PARV2_142 → PARV2_204 → PARV2_207 → PARV2_142,2.039,0.68,3_pares
PARV2_166,PARV2_209,PARV2_200,PARV2_166 → PARV2_209 → PARV2_200 → PARV2_166,2.039,0.68,3_pares
PARV2_129,PARV2_166,PARV2_235,PARV2_129 → PARV2_166 → PARV2_235 → PARV2_129,2.039,0.68,3_pares
PARV2_159,PARV2_179,PARV2_193,PARV2_159 → PARV2_179 → PARV2_193 → PARV2_159,2.039,0.68,3_pares
PARV2_032,PARV2_216,PARV2_166,PARV2_032 → PARV2_216 → PARV2_166 → PARV2_032,2.039,0.68,3_pares
PARV2_159,PARV2_193,PARV2_202,PARV2_159 → PARV2_193 → PARV2_202 → PARV2_159,2.039,0.68,3_pares
PARV2_074,PARV2_177,PARV2_239,PARV2_074 → PARV2_177 → PARV2_239 → PARV2_074,2.039,0.68,3_pares
PARV2_182,PARV2_239,PARV2_204,PARV2_182 → PARV2_239 → PARV2_204 → PARV2_182,2.039,0.68,3_pares
PARV2_028,PARV2_200,PARV2_032,PARV2_028 → PARV2_200 → PARV2_032 → PARV2_028,2.039,0.68,3_pares
PARV2_079,PARV2_171,PARV2_204,PARV2_079 → PARV2_171 → PARV2_204 → PARV2_079,2.039,0.68,3_pares
PARV2_121,PARV2_159,PARV2_204,PARV2_121 → PARV2_159 → PARV2_204 → PARV2_121,2.039,0.68,3_pares
PARV2_108,PARV2_212,PARV2_159,PARV2_108 → PARV2_212 → PARV2_159 → PARV2_108,2.039,0.68,3_pares
PARV2_154,PARV2_181,PARV2_159,PARV2_154 → PARV2_181 → PARV2_159 → PARV2_154,2.039,0.68,3_pares
PARV2_068,PARV2_105,PARV2_166,PARV2_068 → PARV2_105 → PARV2_166 → PARV2_068,2.039,0.68,3_pares
PARV2_074,PARV2_171,PARV2_182,PARV2_074 → PARV2_171 → PARV2_182 → PARV2_074,2.039,0.68,3_pares
PARV2_107,PARV2_146,PARV2_138,PARV2_107 → PARV2_146 → PARV2_138 → PARV2_107,2.039,0.68,3_pares
PARV2_105,PARV2_198,PARV2_108,PARV2_105 → PARV2_198 → PARV2_108 → PARV2_105,2.039,0.68,3_pares
PARV2_074,PARV2_129,PARV2_134,PARV2_074 → PARV2_129 → PARV2_134 → PARV2_074,2.039,0.68,3_pares
PARV2_006,PARV2_021,PARV2_159,PARV2_006 → PARV2_021 → PARV2_159 → PARV2_006,2.039,0.68,3_pares
PARV2_063,PARV2_121,PARV2_166,PARV2_063 → PARV2_121 → PARV2_166 → PARV2_063,2.039,0.68,3_pares
PARV2_108,PARV2_129,PARV2_146,PARV2_108 → PARV2_129 → PARV2_146 → PARV2_108,2.039,0.68,3_pares
PARV2_065,PARV2_239,PARV2_188,PARV2_065 → PARV2_239 → PARV2_188 → PARV2_065,2.039,0.68,3_pares
PARV2_065,PARV2_239,PARV2_235,PARV2_065 → PARV2_239 → PARV2_235 → PARV2_065,2.039,0.68,3_pares
PARV2_006,PARV2_105,PARV2_079,PARV2_006 → PARV2_105 → PARV2_079 → PARV2_006,2.038,0.679,3_pares
PARV2_071,PARV2_142,PARV2_204,PARV2_071 → PARV2_142 → PARV2_204 → PARV2_071,2.038,0.679,3_pares
PARV2_001,PARV2_074,PARV2_006,PARV2_001 → PARV2_074 → PARV2_006 → PARV2_001,2.038,0.679,3_pares
PARV2_006,PARV2_035,PARV2_079,PARV2_006 → PARV2_035 → PARV2_079 → PARV2_006,2.038,0.679,3_pares
PARV2_006,PARV2_138,PARV2_113,PARV2_006 → PARV2_138 → PARV2_113 → PARV2_006,2.038,0.679,3_pares
PARV2_006,PARV2_074,PARV2_239,PARV2_006 → PARV2_074 → PARV2_239 → PARV2_006,2.038,0.679,3_pares
PARV2_159,PARV2_235,PARV2_239,PARV2_159 → PARV2_235 → PARV2_239 → PARV2_159,2.038,0.679,3_pares
PARV2_070,PARV2_159,PARV2_125,PARV2_070 → PARV2_159 → PARV2_125 → PARV2_070,2.038,0.679,3_pares
PARV2_074,PARV2_218,PARV2_210,PARV2_074 → PARV2_218 → PARV2_210 → PARV2_074,2.038,0.679,3_pares
PARV2_006,PARV2_159,PARV2_022,PARV2_006 → PARV2_159 → PARV2_022 → PARV2_006,2.038,0.679,3_pares
PARV2_063,PARV2_212,PARV2_204,PARV2_063 → PARV2_212 → PARV2_204 → PARV2_063,2.038,0.679,3_pares
PARV2_065,PARV2_127,PARV2_198,PARV2_065 → PARV2_127 → PARV2_198 → PARV2_065,2.038,0.679,3_pares
PARV2_107,PARV2_198,PARV2_138,PARV2_107 → PARV2_198 → PARV2_138 → PARV2_107,2.038,0.679,3_pares
PARV2_049,PARV2_110,PARV2_098,PARV2_049 → PARV2_110 → PARV2_098 → PARV2_049,2.037,0.679,3_pares
PARV2_108,PARV2_159,PARV2_198,PARV2_108 → PARV2_159 → PARV2_198 → PARV2_108,2.037,0.679,3_pares
PARV2_049,PARV2_198,PARV2_074,PARV2_049 → PARV2_198 → PARV2_074 → PARV2_049,2.037,0.679,3_pares
PARV2_014,PARV2_239,PARV2_129,PARV2_014 → PARV2_239 → PARV2_129 → PARV2_014,2.037,0.679,3_pares
PARV2_129,PARV2_171,PARV2_238,PARV2_129 → PARV2_171 → PARV2_238 → PARV2_129,2.037,0.679,3_pares
PARV2_103,PARV2_108,PARV2_239,PARV2_103 → PARV2_108 → PARV2_239 → PARV2_103,2.037,0.679,3_pares
PARV2_074,PARV2_239,PARV2_139,PARV2_074 → PARV2_239 → PARV2_139 → PARV2_074,2.037,0.679,3_pares
PARV2_028,PARV2_166,PARV2_032,PARV2_028 → PARV2_166 → PARV2_032 → PARV2_028,2.037,0.679,3_pares
PARV2_006,PARV2_235,PARV2_087,PARV2_006 → PARV2_235 → PARV2_087 → PARV2_006,2.037,0.679,3_pares
PARV2_127,PARV2_159,PARV2_181,PARV2_127 → PARV2_159 → PARV2_181 → PARV2_127,2.037,0.679,3_pares
PARV2_006,PARV2_209,PARV2_198,PARV2_006 → PARV2_209 → PARV2_198 → PARV2_006,2.037,0.679,3_pares
PARV2_063,PARV2_133,PARV2_166,PARV2_063 → PARV2_133 → PARV2_166 → PARV2_063,2.037,0.679,3_pares
PARV2_074,PARV2_218,PARV2_077,PARV2_074 → PARV2_218 → PARV2_077 → PARV2_074,2.037,0.679,3_pares
PARV2_032,PARV2_049,PARV2_174,PARV2_032 → PARV2_049 → PARV2_174 → PARV2_032,2.037,0.679,3_pares
PARV2_006,PARV2_138,PARV2_032,PARV2_006 → PARV2_138 → PARV2_032 → PARV2_006,2.037,0.679,3_pares
PARV2_159,PARV2_235,PARV2_246,PARV2_159 → PARV2_235 → PARV2_246 → PARV2_159,2.037,0.679,3_pares
PARV2_074,PARV2_218,PARV2_134,PARV2_074 → PARV2_218 → PARV2_134 → PARV2_074,2.036,0.679,3_pares
PARV2_006,PARV2_200,PARV2_074,PARV2_006 → PARV2_200 → PARV2_074 → PARV2_006,2.036,0.679,3_pares
PARV2_110,PARV2_239,PARV2_181,PARV2_110 → PARV2_239 → PARV2_181 → PARV2_110,2.036,0.679,3_pares
PARV2_127,PARV2_159,PARV2_164,PARV2_127 → PARV2_159 → PARV2_164 → PARV2_127,2.036,0.679,3_pares
PARV2_028,PARV2_171,PARV2_166,PARV2_028 → PARV2_171 → PARV2_166 → PARV2_028,2.036,0.679,3_pares
PARV2_074,PARV2_218,PARV2_188,PARV2_074 → PARV2_218 → PARV2_188 → PARV2_074,2.036,0.679,3_pares
PARV2_074,PARV2_164,PARV2_127,PARV2_074 → PARV2_164 → PARV2_127 → PARV2_074,2.036,0.679,3_pares
PARV2_133,PARV2_193,PARV2_166,PARV2_133 → PARV2_193 → PARV2_166 → PARV2_133,2.036,0.679,3_pares
PARV2_006,PARV2_021,PARV2_204,PARV2_006 → PARV2_021 → PARV2_204 → PARV2_006,2.036,0.679,3_pares
PARV2_166,PARV2_232,PARV2_172,PARV2_166 → PARV2_232 → PARV2_172 → PARV2_166,2.036,0.679,3_pares
PARV2_006,PARV2_122,PARV2_159,PARV2_006 → PARV2_122 → PARV2_159 → PARV2_006,2.036,0.679,3_pares
PARV2_014,PARV2_074,PARV2_056,PARV2_014 → PARV2_074 → PARV2_056 → PARV2_014,2.036,0.679,3_pares
PARV2_021,PARV2_079,PARV2_239,PARV2_021 → PARV2_079 → PARV2_239 → PARV2_021,2.036,0.679,3_pares
PARV2_154,PARV2_235,PARV2_159,PARV2_154 → PARV2_235 → PARV2_159 → PARV2_154,2.036,0.679,3_pares
PARV2_108,PARV2_246,PARV2_198,PARV2_108 → PARV2_246 → PARV2_198 → PARV2_108,2.036,0.679,3_pares
PARV2_098,PARV2_142,PARV2_204,PARV2_098 → PARV2_142 → PARV2_204 → PARV2_098,2.036,0.679,3_pares
PARV2_098,PARV2_159,PARV2_143,PARV2_098 → PARV2_159 → PARV2_143 → PARV2_098,2.036,0.679,3_pares
PARV2_013,PARV2_239,PARV2_203,PARV2_013 → PARV2_239 → PARV2_203 → PARV2_013,2.036,0.679,3_pares
PARV2_072,PARV2_074,PARV2_218,PARV2_072 → PARV2_074 → PARV2_218 → PARV2_072,2.036,0.679,3_pares
PARV2_049,PARV2_069,PARV2_171,PARV2_049 → PARV2_069 → PARV2_171 → PARV2_049,2.036,0.679,3_pares
PARV2_159,PARV2_235,PARV2_218,PARV2_159 → PARV2_235 → PARV2_218 → PARV2_159,2.036,0.679,3_pares
PARV2_028,PARV2_182,PARV2_074,PARV2_028 → PARV2_182 → PARV2_074 → PARV2_028,2.035,0.678,3_pares
PARV2_074,PARV2_239,PARV2_209,PARV2_074 → PARV2_239 → PARV2_209 → PARV2_074,2.035,0.678,3_pares
PARV2_166,PARV2_204,PARV2_202,PARV2_166 → PARV2_204 → PARV2_202 → PARV2_166,2.035,0.678,3_pares
PARV2_074,PARV2_218,PARV2_142,PARV2_074 → PARV2_218 → PARV2_142 → PARV2_074,2.035,0.678,3_pares
PARV2_028,PARV2_159,PARV2_125,PARV2_028 → PARV2_159 → PARV2_125 → PARV2_028,2.035,0.678,3_pares
PARV2_159,PARV2_177,PARV2_171,PARV2_159 → PARV2_177 → PARV2_171 → PARV2_159,2.035,0.678,3_pares
PARV2_159,PARV2_193,PARV2_239,PARV2_159 → PARV2_193 → PARV2_239 → PARV2_159,2.035,0.678,3_pares
PARV2_138,PARV2_159,PARV2_187,PARV2_138 → PARV2_159 → PARV2_187 → PARV2_138,2.035,0.678,3_pares
PARV2_108,PARV2_142,PARV2_146,PARV2_108 → PARV2_142 → PARV2_146 → PARV2_108,2.035,0.678,3_pares
PARV2_071,PARV2_166,PARV2_204,PARV2_071 → PARV2_166 → PARV2_204 → PARV2_071,2.035,0.678,3_pares
PARV2_014,PARV2_239,PARV2_177,PARV2_014 → PARV2_239 → PARV2_177 → PARV2_014,2.035,0.678,3_pares
PARV2_087,PARV2_239,PARV2_159,PARV2_087 → PARV2_239 → PARV2_159 → PARV2_087,2.035,0.678,3_pares
PARV2_070,PARV2_238,PARV2_108,PARV2_070 → PARV2_238 → PARV2_108 → PARV2_070,2.035,0.678,3_pares
PARV2_068,PARV2_139,PARV2_166,PARV2_068 → PARV2_139 → PARV2_166 → PARV2_068,2.035,0.678,3_pares
PARV2_032,PARV2_210,PARV2_074,PARV2_032 → PARV2_210 → PARV2_074 → PARV2_032,2.034,0.678,3_pares
PARV2_108,PARV2_207,PARV2_159,PARV2_108 → PARV2_207 → PARV2_159 → PARV2_108,2.034,0.678,3_pares
PARV2_006,PARV2_070,PARV2_079,PARV2_006 → PARV2_070 → PARV2_079 → PARV2_006,2.034,0.678,3_pares
PARV2_014,PARV2_098,PARV2_159,PARV2_014 → PARV2_098 → PARV2_159 → PARV2_014,2.034,0.678,3_pares
PARV2_068,PARV2_164,PARV2_166,PARV2_068 → PARV2_164 → PARV2_166 → PARV2_068,2.034,0.678,3_pares
PARV2_105,PARV2_203,PARV2_138,PARV2_105 → PARV2_203 → PARV2_138 → PARV2_105,2.034,0.678,3_pares
PARV2_032,PARV2_077,PARV2_074,PARV2_032 → PARV2_077 → PARV2_074 → PARV2_032,2.034,0.678,3_pares
PARV2_159,PARV2_200,PARV2_207,PARV2_159 → PARV2_200 → PARV2_207 → PARV2_159,2.034,0.678,3_pares
PARV2_021,PARV2_142,PARV2_074,PARV2_021 → PARV2_142 → PARV2_074 → PARV2_021,2.034,0.678,3_pares
PARV2_065,PARV2_179,PARV2_198,PARV2_065 → PARV2_179 → PARV2_198 → PARV2_065,2.034,0.678,3_pares
PARV2_021,PARV2_204,PARV2_060,PARV2_021 → PARV2_204 → PARV2_060 → PARV2_021,2.033,0.678,3_pares
PARV2_006,PARV2_193,PARV2_166,PARV2_006 → PARV2_193 → PARV2_166 → PARV2_006,2.033,0.678,3_pares
PARV2_125,PARV2_141,PARV2_166,PARV2_125 → PARV2_141 → PARV2_166 → PARV2_125,2.033,0.678,3_pares
PARV2_171,PARV2_204,PARV2_246,PARV2_171 → PARV2_204 → PARV2_246 → PARV2_171,2.033,0.678,3_pares
PARV2_070,PARV2_159,PARV2_200,PARV2_070 → PARV2_159 → PARV2_200 → PARV2_070,2.033,0.678,3_pares
PARV2_102,PARV2_179,PARV2_204,PARV2_102 → PARV2_179 → PARV2_204 → PARV2_102,2.033,0.678,3_pares
PARV2_032,PARV2_194,PARV2_204,PARV2_032 → PARV2_194 → PARV2_204 → PARV2_032,2.033,0.678,3_pares
PARV2_108,PARV2_239,PARV2_192,PARV2_108 → PARV2_239 → PARV2_192 → PARV2_108,2.033,0.678,3_pares
PARV2_181,PARV2_193,PARV2_216,PARV2_181 → PARV2_193 → PARV2_216 → PARV2_181,2.033,0.678,3_pares
PARV2_142,PARV2_166,PARV2_148,PARV2_142 → PARV2_166 → PARV2_148 → PARV2_142,2.033,0.678,3_pares
PARV2_069,PARV2_129,PARV2_134,PARV2_069 → PARV2_129 → PARV2_134 → PARV2_069,2.033,0.678,3_pares
PARV2_074,PARV2_219,PARV2_200,PARV2_074 → PARV2_219 → PARV2_200 → PARV2_074,2.033,0.678,3_pares
PARV2_074,PARV2_218,PARV2_141,PARV2_074 → PARV2_218 → PARV2_141 → PARV2_074,2.033,0.678,3_pares
PARV2_074,PARV2_107,PARV2_239,PARV2_074 → PARV2_107 → PARV2_239 → PARV2_074,2.032,0.677,3_pares
PARV2_051,PARV2_239,PARV2_159,PARV2_051 → PARV2_239 → PARV2_159 → PARV2_051,2.032,0.677,3_pares
PARV2_049,PARV2_136,PARV2_098,PARV2_049 → PARV2_136 → PARV2_098 → PARV2_049,2.032,0.677,3_pares
PARV2_006,PARV2_013,PARV2_079,PARV2_006 → PARV2_013 → PARV2_079 → PARV2_006,2.032,0.677,3_pares
PARV2_006,PARV2_207,PARV2_079,PARV2_006 → PARV2_207 → PARV2_079 → PARV2_006,2.032,0.677,3_pares
PARV2_074,PARV2_166,PARV2_134,PARV2_074 → PARV2_166 → PARV2_134 → PARV2_074,2.032,0.677,3_pares
PARV2_013,PARV2_074,PARV2_174,PARV2_013 → PARV2_074 → PARV2_174 → PARV2_013,2.032,0.677,3_pares
PARV2_070,PARV2_171,PARV2_166,PARV2_070 → PARV2_171 → PARV2_166 → PARV2_070,2.032,0.677,3_pares
PARV2_148,PARV2_193,PARV2_204,PARV2_148 → PARV2_193 → PARV2_204 → PARV2_148,2.032,0.677,3_pares
PARV2_116,PARV2_200,PARV2_159,PARV2_116 → PARV2_200 → PARV2_159 → PARV2_116,2.032,0.677,3_pares
PARV2_065,PARV2_193,PARV2_239,PARV2_065 → PARV2_193 → PARV2_239 → PARV2_065,2.032,0.677,3_pares
PARV2_065,PARV2_127,PARV2_079,PARV2_065 → PARV2_127 → PARV2_079 → PARV2_065,2.032,0.677,3_pares
PARV2_049,PARV2_239,PARV2_159,PARV2_049 → PARV2_239 → PARV2_159 → PARV2_049,2.032,0.677,3_pares
PARV2_065,PARV2_193,PARV2_218,PARV2_065 → PARV2_193 → PARV2_218 → PARV2_065,2.031,0.677,3_pares
PARV2_171,PARV2_204,PARV2_240,PARV2_171 → PARV2_204 → PARV2_240 → PARV2_171,2.031,0.677,3_pares
PARV2_032,PARV2_133,PARV2_166,PARV2_032 → PARV2_133 → PARV2_166 → PARV2_032,2.031,0.677,3_pares
PARV2_032,PARV2_136,PARV2_074,PARV2_032 → PARV2_136 → PARV2_074 → PARV2_032,2.031,0.677,3_pares
PARV2_074,PARV2_219,PARV2_143,PARV2_074 → PARV2_219 → PARV2_143 → PARV2_074,2.031,0.677,3_pares
PARV2_074,PARV2_239,PARV2_108,PARV2_074 → PARV2_239 → PARV2_108 → PARV2_074,2.031,0.677,3_pares
PARV2_166,PARV2_188,PARV2_239,PARV2_166 → PARV2_188 → PARV2_239 → PARV2_166,2.031,0.677,3_pares
PARV2_049,PARV2_159,PARV2_246,PARV2_049 → PARV2_159 → PARV2_246 → PARV2_049,2.031,0.677,3_pares
PARV2_049,PARV2_174,PARV2_108,PARV2_049 → PARV2_174 → PARV2_108 → PARV2_049,2.031,0.677,3_pares
PARV2_108,PARV2_122,PARV2_204,PARV2_108 → PARV2_122 → PARV2_204 → PARV2_108,2.031,0.677,3_pares
PARV2_090,PARV2_193,PARV2_202,PARV2_090 → PARV2_193 → PARV2_202 → PARV2_090,2.031,0.677,3_pares
PARV2_098,PARV2_204,PARV2_166,PARV2_098 → PARV2_204 → PARV2_166 → PARV2_098,2.031,0.677,3_pares
PARV2_049,PARV2_174,PARV2_141,PARV2_049 → PARV2_174 → PARV2_141 → PARV2_049,2.031,0.677,3_pares
PARV2_006,PARV2_035,PARV2_204,PARV2_006 → PARV2_035 → PARV2_204 → PARV2_006,2.031,0.677,3_pares
PARV2_001,PARV2_111,PARV2_108,PARV2_001 → PARV2_111 → PARV2_108 → PARV2_001,2.031,0.677,3_pares
PARV2_108,PARV2_123,PARV2_204,PARV2_108 → PARV2_123 → PARV2_204 → PARV2_108,2.031,0.677,3_pares
PARV2_006,PARV2_108,PARV2_087,PARV2_006 → PARV2_108 → PARV2_087 → PARV2_006,2.031,0.677,3_pares
PARV2_063,PARV2_121,PARV2_204,PARV2_063 → PARV2_121 → PARV2_204 → PARV2_063,2.031,0.677,3_pares
PARV2_129,PARV2_179,PARV2_203,PARV2_129 → PARV2_179 → PARV2_203 → PARV2_129,2.031,0.677,3_pares
PARV2_006,PARV2_035,PARV2_014,PARV2_006 → PARV2_035 → PARV2_014 → PARV2_006,2.031,0.677,3_pares
PARV2_134,PARV2_179,PARV2_166,PARV2_134 → PARV2_179 → PARV2_166 → PARV2_134,2.031,0.677,3_pares
PARV2_032,PARV2_171,PARV2_204,PARV2_032 → PARV2_171 → PARV2_204 → PARV2_032,2.03,0.677,3_pares
PARV2_013,PARV2_193,PARV2_218,PARV2_013 → PARV2_193 → PARV2_218 → PARV2_013,2.03,0.677,3_pares
PARV2_179,PARV2_204,PARV2_216,PARV2_179 → PARV2_204 → PARV2_216 → PARV2_179,2.03,0.677,3_pares
PARV2_006,PARV2_159,PARV2_204,PARV2_006 → PARV2_159 → PARV2_204 → PARV2_006,2.03,0.677,3_pares
PARV2_035,PARV2_171,PARV2_218,PARV2_035 → PARV2_171 → PARV2_218 → PARV2_035,2.03,0.677,3_pares
PARV2_021,PARV2_159,PARV2_235,PARV2_021 → PARV2_159 → PARV2_235 → PARV2_021,2.03,0.677,3_pares
PARV2_171,PARV2_204,PARV2_212,PARV2_171 → PARV2_204 → PARV2_212 → PARV2_171,2.03,0.677,3_pares
PARV2_017,PARV2_129,PARV2_200,PARV2_017 → PARV2_129 → PARV2_200 → PARV2_017,2.03,0.677,3_pares
PARV2_070,PARV2_159,PARV2_235,PARV2_070 → PARV2_159 → PARV2_235 → PARV2_070,2.03,0.677,3_pares
PARV2_049,PARV2_127,PARV2_200,PARV2_049 → PARV2_127 → PARV2_200 → PARV2_049,2.03,0.677,3_pares
PARV2_090,PARV2_202,PARV2_239,PARV2_090 → PARV2_202 → PARV2_239 → PARV2_090,2.03,0.677,3_pares
PARV2_069,PARV2_074,PARV2_121,PARV2_069 → PARV2_074 → PARV2_121 → PARV2_069,2.03,0.677,3_pares
PARV2_122,PARV2_159,PARV2_200,PARV2_122 → PARV2_159 → PARV2_200 → PARV2_122,2.03,0.677,3_pares
PARV2_138,PARV2_244,PARV2_203,PARV2_138 → PARV2_244 → PARV2_203 → PARV2_138,2.03,0.677,3_pares
PARV2_065,PARV2_110,PARV2_239,PARV2_065 → PARV2_110 → PARV2_239 → PARV2_065,2.03,0.677,3_pares
PARV2_181,PARV2_193,PARV2_239,PARV2_181 → PARV2_193 → PARV2_239 → PARV2_181,2.03,0.677,3_pares
PARV2_181,PARV2_193,PARV2_218,PARV2_181 → PARV2_193 → PARV2_218 → PARV2_181,2.029,0.676,3_pares
PARV2_013,PARV2_174,PARV2_159,PARV2_013 → PARV2_174 → PARV2_159 → PARV2_013,2.029,0.676,3_pares
PARV2_107,PARV2_127,PARV2_200,PARV2_107 → PARV2_127 → PARV2_200 → PARV2_107,2.029,0.676,3_pares
PARV2_133,PARV2_171,PARV2_204,PARV2_133 → PARV2_171 → PARV2_204 → PARV2_133,2.029,0.676,3_pares
PARV2_049,PARV2_174,PARV2_179,PARV2_049 → PARV2_174 → PARV2_179 → PARV2_049,2.029,0.676,3_pares
PARV2_074,PARV2_121,PARV2_198,PARV2_074 → PARV2_121 → PARV2_198 → PARV2_074,2.029,0.676,3_pares
PARV2_074,PARV2_187,PARV2_239,PARV2_074 → PARV2_187 → PARV2_239 → PARV2_074,2.029,0.676,3_pares
PARV2_127,PARV2_204,PARV2_164,PARV2_127 → PARV2_204 → PARV2_164 → PARV2_127,2.029,0.676,3_pares
PARV2_006,PARV2_159,PARV2_014,PARV2_006 → PARV2_159 → PARV2_014 → PARV2_006,2.029,0.676,3_pares
PARV2_065,PARV2_127,PARV2_159,PARV2_065 → PARV2_127 → PARV2_159 → PARV2_065,2.029,0.676,3_pares
PARV2_125,PARV2_138,PARV2_159,PARV2_125 → PARV2_138 → PARV2_159 → PARV2_125,2.029,0.676,3_pares
PARV2_125,PARV2_239,PARV2_166,PARV2_125 → PARV2_239 → PARV2_166 → PARV2_125,2.029,0.676,3_pares
PARV2_074,PARV2_204,PARV2_102,PARV2_074 → PARV2_204 → PARV2_102 → PARV2_074,2.029,0.676,3_pares
PARV2_006,PARV2_194,PARV2_204,PARV2_006 → PARV2_194 → PARV2_204 → PARV2_006,2.029,0.676,3_pares
PARV2_110,PARV2_239,PARV2_219,PARV2_110 → PARV2_239 → PARV2_219 → PARV2_110,2.029,0.676,3_pares
PARV2_006,PARV2_237,PARV2_111,PARV2_006 → PARV2_237 → PARV2_111 → PARV2_006,2.029,0.676,3_pares
PARV2_021,PARV2_127,PARV2_074,PARV2_021 → PARV2_127 → PARV2_074 → PARV2_021,2.029,0.676,3_pares
PARV2_107,PARV2_202,PARV2_159,PARV2_107 → PARV2_202 → PARV2_159 → PARV2_107,2.029,0.676,3_pares
PARV2_108,PARV2_200,PARV2_187,PARV2_108 → PARV2_200 → PARV2_187 → PARV2_108,2.029,0.676,3_pares
PARV2_006,PARV2_182,PARV2_239,PARV2_006 → PARV2_182 → PARV2_239 → PARV2_006,2.029,0.676,3_pares
PARV2_098,PARV2_159,PARV2_148,PARV2_098 → PARV2_159 → PARV2_148 → PARV2_098,2.029,0.676,3_pares
PARV2_159,PARV2_219,PARV2_179,PARV2_159 → PARV2_219 → PARV2_179 → PARV2_159,2.029,0.676,3_pares
PARV2_105,PARV2_198,PARV2_138,PARV2_105 → PARV2_198 → PARV2_138 → PARV2_105,2.028,0.676,3_pares
PARV2_108,PARV2_204,PARV2_235,PARV2_108 → PARV2_204 → PARV2_235 → PARV2_108,2.028,0.676,3_pares
PARV2_021,PARV2_238,PARV2_108,PARV2_021 → PARV2_238 → PARV2_108 → PARV2_021,2.028,0.676,3_pares
PARV2_006,PARV2_209,PARV2_069,PARV2_006 → PARV2_209 → PARV2_069 → PARV2_006,2.028,0.676,3_pares
PARV2_021,PARV2_074,PARV2_239,PARV2_021 → PARV2_074 → PARV2_239 → PARV2_021,2.028,0.676,3_pares
PARV2_070,PARV2_182,PARV2_239,PARV2_070 → PARV2_182 → PARV2_239 → PARV2_070,2.028,0.676,3_pares
PARV2_107,PARV2_243,PARV2_239,PARV2_107 → PARV2_243 → PARV2_239 → PARV2_107,2.028,0.676,3_pares
PARV2_098,PARV2_204,PARV2_212,PARV2_098 → PARV2_204 → PARV2_212 → PARV2_098,2.028,0.676,3_pares
PARV2_102,PARV2_193,PARV2_216,PARV2_102 → PARV2_193 → PARV2_216 → PARV2_102,2.028,0.676,3_pares
PARV2_063,PARV2_159,PARV2_204,PARV2_063 → PARV2_159 → PARV2_204 → PARV2_063,2.028,0.676,3_pares
PARV2_006,PARV2_065,PARV2_146,PARV2_006 → PARV2_065 → PARV2_146 → PARV2_006,2.028,0.676,3_pares
PARV2_204,PARV2_216,PARV2_246,PARV2_204 → PARV2_216 → PARV2_246 → PARV2_204,2.028,0.676,3_pares
PARV2_074,PARV2_133,PARV2_182,PARV2_074 → PARV2_133 → PARV2_182 → PARV2_074,2.028,0.676,3_pares
PARV2_017,PARV2_129,PARV2_179,PARV2_017 → PARV2_129 → PARV2_179 → PARV2_017,2.028,0.676,3_pares
PARV2_006,PARV2_194,PARV2_014,PARV2_006 → PARV2_194 → PARV2_014 → PARV2_006,2.028,0.676,3_pares
PARV2_021,PARV2_051,PARV2_074,PARV2_021 → PARV2_051 → PARV2_074 → PARV2_021,2.028,0.676,3_pares
PARV2_102,PARV2_216,PARV2_239,PARV2_102 → PARV2_216 → PARV2_239 → PARV2_102,2.027,0.676,3_pares
PARV2_032,PARV2_171,PARV2_166,PARV2_032 → PARV2_171 → PARV2_166 → PARV2_032,2.027,0.676,3_pares
PARV2_116,PARV2_179,PARV2_159,PARV2_116 → PARV2_179 → PARV2_159 → PARV2_116,2.027,0.676,3_pares
PARV2_125,PARV2_221,PARV2_159,PARV2_125 → PARV2_221 → PARV2_159 → PARV2_125,2.027,0.676,3_pares
PARV2_006,PARV2_129,PARV2_146,PARV2_006 → PARV2_129 → PARV2_146 → PARV2_006,2.027,0.676,3_pares
PARV2_001,PARV2_111,PARV2_239,PARV2_001 → PARV2_111 → PARV2_239 → PARV2_001,2.027,0.676,3_pares
PARV2_032,PARV2_177,PARV2_239,PARV2_032 → PARV2_177 → PARV2_239 → PARV2_032,2.027,0.676,3_pares
PARV2_006,PARV2_212,PARV2_159,PARV2_006 → PARV2_212 → PARV2_159 → PARV2_006,2.027,0.676,3_pares
PARV2_182,PARV2_239,PARV2_219,PARV2_182 → PARV2_239 → PARV2_219 → PARV2_182,2.027,0.676,3_pares
PARV2_108,PARV2_159,PARV2_135,PARV2_108 → PARV2_159 → PARV2_135 → PARV2_108,2.027,0.676,3_pares
PARV2_138,PARV2_193,PARV2_204,PARV2_138 → PARV2_193 → PARV2_204 → PARV2_138,2.027,0.676,3_pares
PARV2_121,PARV2_204,PARV2_235,PARV2_121 → PARV2_204 → PARV2_235 → PARV2_121,2.027,0.676,3_pares
PARV2_057,PARV2_113,PARV2_074,PARV2_057 → PARV2_113 → PARV2_074 → PARV2_057,2.027,0.676,3_pares
PARV2_181,PARV2_198,PARV2_239,PARV2_181 → PARV2_198 → PARV2_239 → PARV2_181,2.027,0.676,3_pares
PARV2_006,PARV2_246,PARV2_166,PARV2_006 → PARV2_246 → PARV2_166 → PARV2_006,2.027,0.676,3_pares
PARV2_193,PARV2_202,PARV2_219,PARV2_193 → PARV2_202 → PARV2_219 → PARV2_193,2.027,0.676,3_pares
PARV2_108,PARV2_159,PARV2_225,PARV2_108 → PARV2_159 → PARV2_225 → PARV2_108,2.027,0.676,3_pares
PARV2_068,PARV2_127,PARV2_166,PARV2_068 → PARV2_127 → PARV2_166 → PARV2_068,2.027,0.676,3_pares
PARV2_021,PARV2_074,PARV2_218,PARV2_021 → PARV2_074 → PARV2_218 → PARV2_021,2.027,0.676,3_pares
PARV2_159,PARV2_182,PARV2_171,PARV2_159 → PARV2_182 → PARV2_171 → PARV2_159,2.026,0.675,3_pares
PARV2_129,PARV2_193,PARV2_238,PARV2_129 → PARV2_193 → PARV2_238 → PARV2_129,2.026,0.675,3_pares
PARV2_006,PARV2_105,PARV2_200,PARV2_006 → PARV2_105 → PARV2_200 → PARV2_006,2.026,0.675,3_pares
PARV2_129,PARV2_193,PARV2_216,PARV2_129 → PARV2_193 → PARV2_216 → PARV2_129,2.026,0.675,3_pares
PARV2_138,PARV2_159,PARV2_198,PARV2_138 → PARV2_159 → PARV2_198 → PARV2_138,2.026,0.675,3_pares
PARV2_006,PARV2_134,PARV2_079,PARV2_006 → PARV2_134 → PARV2_079 → PARV2_006,2.026,0.675,3_pares
PARV2_069,PARV2_074,PARV2_240,PARV2_069 → PARV2_074 → PARV2_240 → PARV2_069,2.026,0.675,3_pares
PARV2_125,PARV2_246,PARV2_166,PARV2_125 → PARV2_246 → PARV2_166 → PARV2_125,2.026,0.675,3_pares
PARV2_006,PARV2_177,PARV2_159,PARV2_006 → PARV2_177 → PARV2_159 → PARV2_006,2.026,0.675,3_pares
PARV2_159,PARV2_177,PARV2_202,PARV2_159 → PARV2_177 → PARV2_202 → PARV2_159,2.026,0.675,3_pares
PARV2_108,PARV2_239,PARV2_159,PARV2_108 → PARV2_239 → PARV2_159 → PARV2_108,2.026,0.675,3_pares
PARV2_098,PARV2_204,PARV2_105,PARV2_098 → PARV2_204 → PARV2_105 → PARV2_098,2.026,0.675,3_pares
PARV2_049,PARV2_127,PARV2_074,PARV2_049 → PARV2_127 → PARV2_074 → PARV2_049,2.026,0.675,3_pares
PARV2_014,PARV2_239,PARV2_035,PARV2_014 → PARV2_239 → PARV2_035 → PARV2_014,2.026,0.675,3_pares
PARV2_166,PARV2_207,PARV2_171,PARV2_166 → PARV2_207 → PARV2_171 → PARV2_166,2.026,0.675,3_pares
PARV2_021,PARV2_193,PARV2_218,PARV2_021 → PARV2_193 → PARV2_218 → PARV2_021,2.026,0.675,3_pares
PARV2_134,PARV2_159,PARV2_177,PARV2_134 → PARV2_159 → PARV2_177 → PARV2_134,2.026,0.675,3_pares
PARV2_129,PARV2_216,PARV2_239,PARV2_129 → PARV2_216 → PARV2_239 → PARV2_129,2.025,0.675,3_pares
PARV2_006,PARV2_074,PARV2_146,PARV2_006 → PARV2_074 → PARV2_146 → PARV2_006,2.025,0.675,3_pares
PARV2_159,PARV2_204,PARV2_246,PARV2_159 → PARV2_204 → PARV2_246 → PARV2_159,2.025,0.675,3_pares
PARV2_108,PARV2_239,PARV2_135,PARV2_108 → PARV2_239 → PARV2_135 → PARV2_108,2.025,0.675,3_pares
PARV2_006,PARV2_207,PARV2_014,PARV2_006 → PARV2_207 → PARV2_014 → PARV2_006,2.025,0.675,3_pares
PARV2_079,PARV2_239,PARV2_121,PARV2_079 → PARV2_239 → PARV2_121 → PARV2_079,2.025,0.675,3_pares
PARV2_056,PARV2_182,PARV2_074,PARV2_056 → PARV2_182 → PARV2_074 → PARV2_056,2.025,0.675,3_pares
PARV2_121,PARV2_198,PARV2_138,PARV2_121 → PARV2_198 → PARV2_138 → PARV2_121,2.025,0.675,3_pares
PARV2_074,PARV2_116,PARV2_142,PARV2_074 → PARV2_116 → PARV2_142 → PARV2_074,2.025,0.675,3_pares
PARV2_006,PARV2_138,PARV2_187,PARV2_006 → PARV2_138 → PARV2_187 → PARV2_006,2.025,0.675,3_pares
PARV2_035,PARV2_182,PARV2_111,PARV2_035 → PARV2_182 → PARV2_111 → PARV2_035,2.025,0.675,3_pares
PARV2_006,PARV2_219,PARV2_200,PARV2_006 → PARV2_219 → PARV2_200 → PARV2_006,2.025,0.675,3_pares
PARV2_006,PARV2_129,PARV2_200,PARV2_006 → PARV2_129 → PARV2_200 → PARV2_006,2.025,0.675,3_pares
PARV2_148,PARV2_166,PARV2_235,PARV2_148 → PARV2_166 → PARV2_235 → PARV2_148,2.024,0.675,3_pares
PARV2_049,PARV2_174,PARV2_181,PARV2_049 → PARV2_174 → PARV2_181 → PARV2_049,2.024,0.675,3_pares
PARV2_006,PARV2_107,PARV2_198,PARV2_006 → PARV2_107 → PARV2_198 → PARV2_006,2.024,0.675,3_pares
PARV2_006,PARV2_138,PARV2_166,PARV2_006 → PARV2_138 → PARV2_166 → PARV2_006,2.024,0.675,3_pares
PARV2_102,PARV2_193,PARV2_200,PARV2_102 → PARV2_193 → PARV2_200 → PARV2_102,2.024,0.675,3_pares
PARV2_159,PARV2_179,PARV2_200,PARV2_159 → PARV2_179 → PARV2_200 → PARV2_159,2.024,0.675,3_pares
PARV2_074,PARV2_174,PARV2_219,PARV2_074 → PARV2_174 → PARV2_219 → PARV2_074,2.024,0.675,3_pares
PARV2_006,PARV2_194,PARV2_198,PARV2_006 → PARV2_194 → PARV2_198 → PARV2_006,2.024,0.675,3_pares
PARV2_182,PARV2_239,PARV2_193,PARV2_182 → PARV2_239 → PARV2_193 → PARV2_182,2.024,0.675,3_pares
PARV2_074,PARV2_177,PARV2_198,PARV2_074 → PARV2_177 → PARV2_198 → PARV2_074,2.024,0.675,3_pares
PARV2_074,PARV2_107,PARV2_134,PARV2_074 → PARV2_107 → PARV2_134 → PARV2_074,2.024,0.675,3_pares
PARV2_051,PARV2_138,PARV2_159,PARV2_051 → PARV2_138 → PARV2_159 → PARV2_051,2.024,0.675,3_pares
PARV2_142,PARV2_166,PARV2_171,PARV2_142 → PARV2_166 → PARV2_171 → PARV2_142,2.024,0.675,3_pares
PARV2_070,PARV2_198,PARV2_138,PARV2_070 → PARV2_198 → PARV2_138 → PARV2_070,2.024,0.675,3_pares
PARV2_138,PARV2_221,PARV2_198,PARV2_138 → PARV2_221 → PARV2_198 → PARV2_138,2.024,0.675,3_pares
PARV2_108,PARV2_200,PARV2_204,PARV2_108 → PARV2_200 → PARV2_204 → PARV2_108,2.024,0.675,3_pares
PARV2_065,PARV2_203,PARV2_138,PARV2_065 → PARV2_203 → PARV2_138 → PARV2_065,2.024,0.675,3_pares
PARV2_013,PARV2_069,PARV2_239,PARV2_013 → PARV2_069 → PARV2_239 → PARV2_013,2.024,0.675,3_pares
PARV2_013,PARV2_159,PARV2_108,PARV2_013 → PARV2_159 → PARV2_108 → PARV2_013,2.024,0.675,3_pares
PARV2_079,PARV2_129,PARV2_134,PARV2_079 → PARV2_129 → PARV2_134 → PARV2_079,2.024,0.675,3_pares
PARV2_108,PARV2_177,PARV2_198,PARV2_108 → PARV2_177 → PARV2_198 → PARV2_108,2.024,0.675,3_pares
PARV2_098,PARV2_134,PARV2_166,PARV2_098 → PARV2_134 → PARV2_166 → PARV2_098,2.023,0.674,3_pares
PARV2_102,PARV2_171,PARV2_204,PARV2_102 → PARV2_171 → PARV2_204 → PARV2_102,2.023,0.674,3_pares
PARV2_006,PARV2_171,PARV2_166,PARV2_006 → PARV2_171 → PARV2_166 → PARV2_006,2.023,0.674,3_pares
PARV2_179,PARV2_193,PARV2_200,PARV2_179 → PARV2_193 → PARV2_200 → PARV2_179,2.023,0.674,3_pares
PARV2_074,PARV2_148,PARV2_182,PARV2_074 → PARV2_148 → PARV2_182 → PARV2_074,2.023,0.674,3_pares
PARV2_074,PARV2_146,PARV2_129,PARV2_074 → PARV2_146 → PARV2_129 → PARV2_074,2.023,0.674,3_pares
PARV2_006,PARV2_074,PARV2_087,PARV2_006 → PARV2_074 → PARV2_087 → PARV2_006,2.023,0.674,3_pares
PARV2_063,PARV2_199,PARV2_166,PARV2_063 → PARV2_199 → PARV2_166 → PARV2_063,2.023,0.674,3_pares
PARV2_006,PARV2_221,PARV2_198,PARV2_006 → PARV2_221 → PARV2_198 → PARV2_006,2.023,0.674,3_pares
PARV2_032,PARV2_072,PARV2_074,PARV2_032 → PARV2_072 → PARV2_074 → PARV2_032,2.023,0.674,3_pares
PARV2_074,PARV2_218,PARV2_136,PARV2_074 → PARV2_218 → PARV2_136 → PARV2_074,2.023,0.674,3_pares
PARV2_074,PARV2_107,PARV2_136,PARV2_074 → PARV2_107 → PARV2_136 → PARV2_074,2.023,0.674,3_pares
PARV2_107,PARV2_202,PARV2_239,PARV2_107 → PARV2_202 → PARV2_239 → PARV2_107,2.023,0.674,3_pares
PARV2_074,PARV2_141,PARV2_182,PARV2_074 → PARV2_141 → PARV2_182 → PARV2_074,2.022,0.674,3_pares
PARV2_129,PARV2_193,PARV2_218,PARV2_129 → PARV2_193 → PARV2_218 → PARV2_129,2.022,0.674,3_pares
PARV2_193,PARV2_204,PARV2_244,PARV2_193 → PARV2_204 → PARV2_244 → PARV2_193,2.022,0.674,3_pares
PARV2_122,PARV2_204,PARV2_138,PARV2_122 → PARV2_204 → PARV2_138 → PARV2_122,2.022,0.674,3_pares
PARV2_159,PARV2_210,PARV2_204,PARV2_159 → PARV2_210 → PARV2_204 → PARV2_159,2.022,0.674,3_pares
PARV2_065,PARV2_239,PARV2_192,PARV2_065 → PARV2_239 → PARV2_192 → PARV2_065,2.022,0.674,3_pares
PARV2_049,PARV2_134,PARV2_074,PARV2_049 → PARV2_134 → PARV2_074 → PARV2_049,2.022,0.674,3_pares
PARV2_142,PARV2_159,PARV2_166,PARV2_142 → PARV2_159 → PARV2_166 → PARV2_142,2.022,0.674,3_pares
PARV2_070,PARV2_159,PARV2_108,PARV2_070 → PARV2_159 → PARV2_108 → PARV2_070,2.022,0.674,3_pares
PARV2_098,PARV2_204,PARV2_225,PARV2_098 → PARV2_204 → PARV2_225 → PARV2_098,2.022,0.674,3_pares
PARV2_116,PARV2_193,PARV2_159,PARV2_116 → PARV2_193 → PARV2_159 → PARV2_116,2.022,0.674,3_pares
PARV2_121,PARV2_204,PARV2_216,PARV2_121 → PARV2_204 → PARV2_216 → PARV2_121,2.022,0.674,3_pares
PARV2_065,PARV2_171,PARV2_218,PARV2_065 → PARV2_171 → PARV2_218 → PARV2_065,2.022,0.674,3_pares
PARV2_035,PARV2_166,PARV2_125,PARV2_035 → PARV2_166 → PARV2_125 → PARV2_035,2.022,0.674,3_pares
PARV2_032,PARV2_041,PARV2_239,PARV2_032 → PARV2_041 → PARV2_239 → PARV2_032,2.022,0.674,3_pares
PARV2_032,PARV2_108,PARV2_159,PARV2_032 → PARV2_108 → PARV2_159 → PARV2_032,2.022,0.674,3_pares
PARV2_032,PARV2_216,PARV2_159,PARV2_032 → PARV2_216 → PARV2_159 → PARV2_032,2.022,0.674,3_pares
PARV2_159,PARV2_171,PARV2_193,PARV2_159 → PARV2_171 → PARV2_193 → PARV2_159,2.022,0.674,3_pares
PARV2_001,PARV2_171,PARV2_204,PARV2_001 → PARV2_171 → PARV2_204 → PARV2_001,2.022,0.674,3_pares
PARV2_129,PARV2_198,PARV2_239,PARV2_129 → PARV2_198 → PARV2_239 → PARV2_129,2.021,0.674,3_pares
PARV2_001,PARV2_074,PARV2_235,PARV2_001 → PARV2_074 → PARV2_235 → PARV2_001,2.021,0.674,3_pares
PARV2_021,PARV2_159,PARV2_154,PARV2_021 → PARV2_159 → PARV2_154 → PARV2_021,2.021,0.674,3_pares
PARV2_074,PARV2_193,PARV2_143,PARV2_074 → PARV2_193 → PARV2_143 → PARV2_074,2.021,0.674,3_pares
PARV2_063,PARV2_090,PARV2_202,PARV2_063 → PARV2_090 → PARV2_202 → PARV2_063,2.021,0.674,3_pares
PARV2_134,PARV2_166,PARV2_164,PARV2_134 → PARV2_166 → PARV2_164 → PARV2_134,2.021,0.674,3_pares
PARV2_133,PARV2_134,PARV2_204,PARV2_133 → PARV2_134 → PARV2_204 → PARV2_133,2.021,0.674,3_pares
PARV2_014,PARV2_171,PARV2_049,PARV2_014 → PARV2_171 → PARV2_049 → PARV2_014,2.021,0.674,3_pares
PARV2_166,PARV2_193,PARV2_179,PARV2_166 → PARV2_193 → PARV2_179 → PARV2_166,2.021,0.674,3_pares
PARV2_198,PARV2_239,PARV2_219,PARV2_198 → PARV2_239 → PARV2_219 → PARV2_198,2.021,0.674,3_pares
PARV2_108,PARV2_142,PARV2_238,PARV2_108 → PARV2_142 → PARV2_238 → PARV2_108,2.021,0.674,3_pares
PARV2_177,PARV2_239,PARV2_235,PARV2_177 → PARV2_239 → PARV2_235 → PARV2_177,2.021,0.674,3_pares
PARV2_142,PARV2_204,PARV2_216,PARV2_142 → PARV2_204 → PARV2_216 → PARV2_142,2.021,0.674,3_pares
PARV2_111,PARV2_116,PARV2_182,PARV2_111 → PARV2_116 → PARV2_182 → PARV2_111,2.021,0.674,3_pares
PARV2_049,PARV2_239,PARV2_174,PARV2_049 → PARV2_239 → PARV2_174 → PARV2_049,2.021,0.674,3_pares
PARV2_060,PARV2_238,PARV2_108,PARV2_060 → PARV2_238 → PARV2_108 → PARV2_060,2.02,0.673,3_pares
PARV2_108,PARV2_133,PARV2_159,PARV2_108 → PARV2_133 → PARV2_159 → PARV2_108,2.02,0.673,3_pares
PARV2_127,PARV2_159,PARV2_179,PARV2_127 → PARV2_159 → PARV2_179 → PARV2_127,2.02,0.673,3_pares
PARV2_049,PARV2_239,PARV2_235,PARV2_049 → PARV2_239 → PARV2_235 → PARV2_049,2.02,0.673,3_pares
PARV2_113,PARV2_239,PARV2_159,PARV2_113 → PARV2_239 → PARV2_159 → PARV2_113,2.02,0.673,3_pares
PARV2_014,PARV2_239,PARV2_181,PARV2_014 → PARV2_239 → PARV2_181 → PARV2_014,2.02,0.673,3_pares
PARV2_006,PARV2_200,PARV2_079,PARV2_006 → PARV2_200 → PARV2_079 → PARV2_006,2.02,0.673,3_pares
PARV2_021,PARV2_146,PARV2_108,PARV2_021 → PARV2_146 → PARV2_108 → PARV2_021,2.02,0.673,3_pares
PARV2_032,PARV2_198,PARV2_138,PARV2_032 → PARV2_198 → PARV2_138 → PARV2_032,2.02,0.673,3_pares
PARV2_135,PARV2_171,PARV2_218,PARV2_135 → PARV2_171 → PARV2_218 → PARV2_135,2.02,0.673,3_pares
PARV2_116,PARV2_200,PARV2_204,PARV2_116 → PARV2_200 → PARV2_204 → PARV2_116,2.02,0.673,3_pares
PARV2_108,PARV2_127,PARV2_238,PARV2_108 → PARV2_127 → PARV2_238 → PARV2_108,2.02,0.673,3_pares
PARV2_074,PARV2_159,PARV2_121,PARV2_074 → PARV2_159 → PARV2_121 → PARV2_074,2.02,0.673,3_pares
PARV2_006,PARV2_107,PARV2_069,PARV2_006 → PARV2_107 → PARV2_069 → PARV2_006,2.02,0.673,3_pares
PARV2_074,PARV2_159,PARV2_116,PARV2_074 → PARV2_159 → PARV2_116 → PARV2_074,2.02,0.673,3_pares
PARV2_006,PARV2_134,PARV2_204,PARV2_006 → PARV2_134 → PARV2_204 → PARV2_006,2.019,0.673,3_pares
PARV2_006,PARV2_181,PARV2_198,PARV2_006 → PARV2_181 → PARV2_198 → PARV2_006,2.019,0.673,3_pares
PARV2_013,PARV2_193,PARV2_146,PARV2_013 → PARV2_193 → PARV2_146 → PARV2_013,2.019,0.673,3_pares
PARV2_159,PARV2_181,PARV2_239,PARV2_159 → PARV2_181 → PARV2_239 → PARV2_159,2.019,0.673,3_pares
PARV2_142,PARV2_193,PARV2_204,PARV2_142 → PARV2_193 → PARV2_204 → PARV2_142,2.019,0.673,3_pares
PARV2_068,PARV2_125,PARV2_166,PARV2_068 → PARV2_125 → PARV2_166 → PARV2_068,2.019,0.673,3_pares
PARV2_051,PARV2_074,PARV2_141,PARV2_051 → PARV2_074 → PARV2_141 → PARV2_051,2.019,0.673,3_pares
PARV2_074,PARV2_235,PARV2_087,PARV2_074 → PARV2_235 → PARV2_087 → PARV2_074,2.019,0.673,3_pares
PARV2_121,PARV2_193,PARV2_204,PARV2_121 → PARV2_193 → PARV2_204 → PARV2_121,2.019,0.673,3_pares
PARV2_102,PARV2_159,PARV2_204,PARV2_102 → PARV2_159 → PARV2_204 → PARV2_102,2.019,0.673,3_pares
PARV2_032,PARV2_194,PARV2_074,PARV2_032 → PARV2_194 → PARV2_074 → PARV2_032,2.018,0.673,3_pares
PARV2_079,PARV2_129,PARV2_200,PARV2_079 → PARV2_129 → PARV2_200 → PARV2_079,2.018,0.673,3_pares
PARV2_035,PARV2_159,PARV2_108,PARV2_035 → PARV2_159 → PARV2_108 → PARV2_035,2.018,0.673,3_pares
PARV2_069,PARV2_239,PARV2_209,PARV2_069 → PARV2_239 → PARV2_209 → PARV2_069,2.018,0.673,3_pares
PARV2_074,PARV2_166,PARV2_136,PARV2_074 → PARV2_166 → PARV2_136 → PARV2_074,2.018,0.673,3_pares
PARV2_063,PARV2_070,PARV2_204,PARV2_063 → PARV2_070 → PARV2_204 → PARV2_063,2.018,0.673,3_pares
PARV2_069,PARV2_239,PARV2_139,PARV2_069 → PARV2_239 → PARV2_139 → PARV2_069,2.018,0.673,3_pares
PARV2_193,PARV2_218,PARV2_239,PARV2_193 → PARV2_218 → PARV2_239 → PARV2_193,2.018,0.673,3_pares
PARV2_074,PARV2_244,PARV2_127,PARV2_074 → PARV2_244 → PARV2_127 → PARV2_074,2.018,0.673,3_pares
PARV2_074,PARV2_159,PARV2_133,PARV2_074 → PARV2_159 → PARV2_133 → PARV2_074,2.018,0.673,3_pares
PARV2_129,PARV2_166,PARV2_238,PARV2_129 → PARV2_166 → PARV2_238 → PARV2_129,2.018,0.673,3_pares
PARV2_001,PARV2_074,PARV2_057,PARV2_001 → PARV2_074 → PARV2_057 → PARV2_001,2.018,0.673,3_pares
PARV2_014,PARV2_108,PARV2_177,PARV2_014 → PARV2_108 → PARV2_177 → PARV2_014,2.018,0.673,3_pares
PARV2_164,PARV2_166,PARV2_239,PARV2_164 → PARV2_166 → PARV2_239 → PARV2_164,2.018,0.673,3_pares
PARV2_032,PARV2_159,PARV2_154,PARV2_032 → PARV2_159 → PARV2_154 → PARV2_032,2.018,0.673,3_pares
PARV2_090,PARV2_179,PARV2_200,PARV2_090 → PARV2_179 → PARV2_200 → PARV2_090,2.018,0.673,3_pares
PARV2_079,PARV2_129,PARV2_127,PARV2_079 → PARV2_129 → PARV2_127 → PARV2_079,2.018,0.673,3_pares
PARV2_070,PARV2_204,PARV2_159,PARV2_070 → PARV2_204 → PARV2_159 → PARV2_070,2.018,0.673,3_pares
PARV2_127,PARV2_204,PARV2_138,PARV2_127 → PARV2_204 → PARV2_138 → PARV2_127,2.018,0.673,3_pares
PARV2_065,PARV2_163,PARV2_198,PARV2_065 → PARV2_163 → PARV2_198 → PARV2_065,2.018,0.673,3_pares
PARV2_032,PARV2_246,PARV2_204,PARV2_032 → PARV2_246 → PARV2_204 → PARV2_032,2.017,0.672,3_pares
PARV2_074,PARV2_105,PARV2_143,PARV2_074 → PARV2_105 → PARV2_143 → PARV2_074,2.017,0.672,3_pares
PARV2_063,PARV2_177,PARV2_202,PARV2_063 → PARV2_177 → PARV2_202 → PARV2_063,2.017,0.672,3_pares
PARV2_074,PARV2_244,PARV2_200,PARV2_074 → PARV2_244 → PARV2_200 → PARV2_074,2.017,0.672,3_pares
PARV2_049,PARV2_239,PARV2_098,PARV2_049 → PARV2_239 → PARV2_098 → PARV2_049,2.017,0.672,3_pares
PARV2_014,PARV2_074,PARV2_021,PARV2_014 → PARV2_074 → PARV2_021 → PARV2_014,2.017,0.672,3_pares
PARV2_127,PARV2_170,PARV2_129,PARV2_127 → PARV2_170 → PARV2_129 → PARV2_127,2.017,0.672,3_pares
PARV2_127,PARV2_166,PARV2_164,PARV2_127 → PARV2_166 → PARV2_164 → PARV2_127,2.017,0.672,3_pares
PARV2_110,PARV2_171,PARV2_204,PARV2_110 → PARV2_171 → PARV2_204 → PARV2_110,2.017,0.672,3_pares
PARV2_108,PARV2_204,PARV2_202,PARV2_108 → PARV2_204 → PARV2_202 → PARV2_108,2.017,0.672,3_pares
PARV2_070,PARV2_179,PARV2_200,PARV2_070 → PARV2_179 → PARV2_200 → PARV2_070,2.017,0.672,3_pares
PARV2_074,PARV2_174,PARV2_187,PARV2_074 → PARV2_174 → PARV2_187 → PARV2_074,2.017,0.672,3_pares
PARV2_159,PARV2_219,PARV2_216,PARV2_159 → PARV2_219 → PARV2_216 → PARV2_159,2.017,0.672,3_pares
PARV2_074,PARV2_171,PARV2_127,PARV2_074 → PARV2_171 → PARV2_127 → PARV2_074,2.016,0.672,3_pares
PARV2_074,PARV2_152,PARV2_143,PARV2_074 → PARV2_152 → PARV2_143 → PARV2_074,2.016,0.672,3_pares
PARV2_074,PARV2_246,PARV2_182,PARV2_074 → PARV2_246 → PARV2_182 → PARV2_074,2.016,0.672,3_pares
PARV2_121,PARV2_166,PARV2_235,PARV2_121 → PARV2_166 → PARV2_235 → PARV2_121,2.016,0.672,3_pares
PARV2_006,PARV2_198,PARV2_138,PARV2_006 → PARV2_198 → PARV2_138 → PARV2_006,2.016,0.672,3_pares
PARV2_021,PARV2_193,PARV2_200,PARV2_021 → PARV2_193 → PARV2_200 → PARV2_021,2.016,0.672,3_pares
PARV2_108,PARV2_179,PARV2_198,PARV2_108 → PARV2_179 → PARV2_198 → PARV2_108,2.016,0.672,3_pares
PARV2_006,PARV2_232,PARV2_239,PARV2_006 → PARV2_232 → PARV2_239 → PARV2_006,2.016,0.672,3_pares
PARV2_159,PARV2_204,PARV2_164,PARV2_159 → PARV2_204 → PARV2_164 → PARV2_159,2.016,0.672,3_pares
PARV2_049,PARV2_136,PARV2_074,PARV2_049 → PARV2_136 → PARV2_074 → PARV2_049,2.016,0.672,3_pares
PARV2_098,PARV2_142,PARV2_110,PARV2_098 → PARV2_142 → PARV2_110 → PARV2_098,2.016,0.672,3_pares
PARV2_006,PARV2_235,PARV2_032,PARV2_006 → PARV2_235 → PARV2_032 → PARV2_006,2.016,0.672,3_pares
PARV2_111,PARV2_207,PARV2_182,PARV2_111 → PARV2_207 → PARV2_182 → PARV2_111,2.016,0.672,3_pares
PARV2_006,PARV2_244,PARV2_069,PARV2_006 → PARV2_244 → PARV2_069 → PARV2_006,2.016,0.672,3_pares
PARV2_098,PARV2_142,PARV2_166,PARV2_098 → PARV2_142 → PARV2_166 → PARV2_098,2.016,0.672,3_pares
PARV2_028,PARV2_166,PARV2_125,PARV2_028 → PARV2_166 → PARV2_125 → PARV2_028,2.016,0.672,3_pares
PARV2_065,PARV2_198,PARV2_138,PARV2_065 → PARV2_198 → PARV2_138 → PARV2_065,2.016,0.672,3_pares
PARV2_148,PARV2_193,PARV2_159,PARV2_148 → PARV2_193 → PARV2_159 → PARV2_148,2.016,0.672,3_pares
PARV2_056,PARV2_171,PARV2_218,PARV2_056 → PARV2_171 → PARV2_218 → PARV2_056,2.016,0.672,3_pares
PARV2_166,PARV2_193,PARV2_239,PARV2_166 → PARV2_193 → PARV2_239 → PARV2_166,2.016,0.672,3_pares
PARV2_105,PARV2_182,PARV2_239,PARV2_105 → PARV2_182 → PARV2_239 → PARV2_105,2.016,0.672,3_pares
PARV2_179,PARV2_204,PARV2_194,PARV2_179 → PARV2_204 → PARV2_194 → PARV2_179,2.016,0.672,3_pares
PARV2_133,PARV2_142,PARV2_166,PARV2_133 → PARV2_142 → PARV2_166 → PARV2_133,2.015,0.672,3_pares
PARV2_065,PARV2_127,PARV2_243,PARV2_065 → PARV2_127 → PARV2_243 → PARV2_065,2.015,0.672,3_pares
PARV2_074,PARV2_142,PARV2_127,PARV2_074 → PARV2_142 → PARV2_127 → PARV2_074,2.015,0.672,3_pares
PARV2_006,PARV2_159,PARV2_154,PARV2_006 → PARV2_159 → PARV2_154 → PARV2_006,2.015,0.672,3_pares
PARV2_074,PARV2_204,PARV2_134,PARV2_074 → PARV2_204 → PARV2_134 → PARV2_074,2.015,0.672,3_pares
PARV2_098,PARV2_204,PARV2_181,PARV2_098 → PARV2_204 → PARV2_181 → PARV2_098,2.015,0.672,3_pares
PARV2_098,PARV2_159,PARV2_204,PARV2_098 → PARV2_159 → PARV2_204 → PARV2_098,2.015,0.672,3_pares
PARV2_006,PARV2_221,PARV2_159,PARV2_006 → PARV2_221 → PARV2_159 → PARV2_006,2.015,0.672,3_pares
PARV2_049,PARV2_134,PARV2_142,PARV2_049 → PARV2_134 → PARV2_142 → PARV2_049,2.015,0.672,3_pares
PARV2_014,PARV2_138,PARV2_244,PARV2_014 → PARV2_138 → PARV2_244 → PARV2_014,2.015,0.672,3_pares
PARV2_074,PARV2_204,PARV2_142,PARV2_074 → PARV2_204 → PARV2_142 → PARV2_074,2.015,0.672,3_pares
PARV2_006,PARV2_212,PARV2_204,PARV2_006 → PARV2_212 → PARV2_204 → PARV2_006,2.015,0.672,3_pares
PARV2_135,PARV2_171,PARV2_159,PARV2_135 → PARV2_171 → PARV2_159 → PARV2_135,2.015,0.672,3_pares
PARV2_013,PARV2_079,PARV2_239,PARV2_013 → PARV2_079 → PARV2_239 → PARV2_013,2.015,0.672,3_pares
PARV2_072,PARV2_090,PARV2_202,PARV2_072 → PARV2_090 → PARV2_202 → PARV2_072,2.015,0.672,3_pares
PARV2_049,PARV2_174,PARV2_105,PARV2_049 → PARV2_174 → PARV2_105 → PARV2_049,2.014,0.671,3_pares
PARV2_127,PARV2_159,PARV2_177,PARV2_127 → PARV2_159 → PARV2_177 → PARV2_127,2.014,0.671,3_pares
PARV2_032,PARV2_111,PARV2_204,PARV2_032 → PARV2_111 → PARV2_204 → PARV2_032,2.014,0.671,3_pares
PARV2_074,PARV2_105,PARV2_134,PARV2_074 → PARV2_105 → PARV2_134 → PARV2_074,2.014,0.671,3_pares
PARV2_138,PARV2_159,PARV2_146,PARV2_138 → PARV2_159 → PARV2_146 → PARV2_138,2.014,0.671,3_pares
PARV2_125,PARV2_148,PARV2_159,PARV2_125 → PARV2_148 → PARV2_159 → PARV2_125,2.014,0.671,3_pares
PARV2_006,PARV2_212,PARV2_074,PARV2_006 → PARV2_212 → PARV2_074 → PARV2_006,2.014,0.671,3_pares
PARV2_138,PARV2_194,PARV2_146,PARV2_138 → PARV2_194 → PARV2_146 → PARV2_138,2.014,0.671,3_pares
PARV2_074,PARV2_239,PARV2_102,PARV2_074 → PARV2_239 → PARV2_102 → PARV2_074,2.014,0.671,3_pares
PARV2_063,PARV2_204,PARV2_202,PARV2_063 → PARV2_204 → PARV2_202 → PARV2_063,2.014,0.671,3_pares
PARV2_049,PARV2_193,PARV2_179,PARV2_049 → PARV2_193 → PARV2_179 → PARV2_049,2.014,0.671,3_pares
PARV2_139,PARV2_239,PARV2_159,PARV2_139 → PARV2_239 → PARV2_159 → PARV2_139,2.014,0.671,3_pares
PARV2_049,PARV2_193,PARV2_239,PARV2_049 → PARV2_193 → PARV2_239 → PARV2_049,2.014,0.671,3_pares
PARV2_051,PARV2_138,PARV2_065,PARV2_051 → PARV2_138 → PARV2_065 → PARV2_051,2.014,0.671,3_pares
PARV2_108,PARV2_159,PARV2_146,PARV2_108 → PARV2_159 → PARV2_146 → PARV2_108,2.014,0.671,3_pares
PARV2_060,PARV2_125,PARV2_204,PARV2_060 → PARV2_125 → PARV2_204 → PARV2_060,2.013,0.671,3_pares
PARV2_004,PARV2_074,PARV2_232,PARV2_004 → PARV2_074 → PARV2_232 → PARV2_004,2.013,0.671,3_pares
PARV2_049,PARV2_203,PARV2_098,PARV2_049 → PARV2_203 → PARV2_098 → PARV2_049,2.013,0.671,3_pares
PARV2_074,PARV2_159,PARV2_219,PARV2_074 → PARV2_159 → PARV2_219 → PARV2_074,2.013,0.671,3_pares
PARV2_006,PARV2_108,PARV2_079,PARV2_006 → PARV2_108 → PARV2_079 → PARV2_006,2.013,0.671,3_pares
PARV2_006,PARV2_235,PARV2_079,PARV2_006 → PARV2_235 → PARV2_079 → PARV2_006,2.013,0.671,3_pares
PARV2_032,PARV2_072,PARV2_204,PARV2_032 → PARV2_072 → PARV2_204 → PARV2_032,2.013,0.671,3_pares
PARV2_159,PARV2_204,PARV2_239,PARV2_159 → PARV2_204 → PARV2_239 → PARV2_159,2.013,0.671,3_pares
PARV2_202,PARV2_232,PARV2_239,PARV2_202 → PARV2_232 → PARV2_239 → PARV2_202,2.013,0.671,3_pares
PARV2_065,PARV2_202,PARV2_079,PARV2_065 → PARV2_202 → PARV2_079 → PARV2_065,2.013,0.671,3_pares
PARV2_087,PARV2_172,PARV2_166,PARV2_087 → PARV2_172 → PARV2_166 → PARV2_087,2.013,0.671,3_pares
PARV2_013,PARV2_174,PARV2_014,PARV2_013 → PARV2_174 → PARV2_014 → PARV2_013,2.013,0.671,3_pares
PARV2_021,PARV2_146,PARV2_239,PARV2_021 → PARV2_146 → PARV2_239 → PARV2_021,2.013,0.671,3_pares
PARV2_006,PARV2_200,PARV2_204,PARV2_006 → PARV2_200 → PARV2_204 → PARV2_006,2.013,0.671,3_pares
PARV2_074,PARV2_238,PARV2_108,PARV2_074 → PARV2_238 → PARV2_108 → PARV2_074,2.013,0.671,3_pares
PARV2_021,PARV2_159,PARV2_108,PARV2_021 → PARV2_159 → PARV2_108 → PARV2_021,2.013,0.671,3_pares
PARV2_032,PARV2_133,PARV2_159,PARV2_032 → PARV2_133 → PARV2_159 → PARV2_032,2.013,0.671,3_pares
PARV2_014,PARV2_239,PARV2_204,PARV2_014 → PARV2_239 → PARV2_204 → PARV2_014,2.013,0.671,3_pares
PARV2_074,PARV2_204,PARV2_141,PARV2_074 → PARV2_204 → PARV2_141 → PARV2_074,2.013,0.671,3_pares
PARV2_060,PARV2_121,PARV2_204,PARV2_060 → PARV2_121 → PARV2_204 → PARV2_060,2.013,0.671,3_pares
PARV2_108,PARV2_239,PARV2_235,PARV2_108 → PARV2_239 → PARV2_235 → PARV2_108,2.013,0.671,3_pares
PARV2_065,PARV2_202,PARV2_159,PARV2_065 → PARV2_202 → PARV2_159 → PARV2_065,2.012,0.671,3_pares
PARV2_111,PARV2_122,PARV2_182,PARV2_111 → PARV2_122 → PARV2_182 → PARV2_111,2.012,0.671,3_pares
PARV2_121,PARV2_166,PARV2_125,PARV2_121 → PARV2_166 → PARV2_125 → PARV2_121,2.012,0.671,3_pares
PARV2_006,PARV2_203,PARV2_138,PARV2_006 → PARV2_203 → PARV2_138 → PARV2_006,2.012,0.671,3_pares
PARV2_014,PARV2_138,PARV2_171,PARV2_014 → PARV2_138 → PARV2_171 → PARV2_014,2.012,0.671,3_pares
PARV2_028,PARV2_193,PARV2_204,PARV2_028 → PARV2_193 → PARV2_204 → PARV2_028,2.012,0.671,3_pares
PARV2_072,PARV2_187,PARV2_074,PARV2_072 → PARV2_187 → PARV2_074 → PARV2_072,2.012,0.671,3_pares
PARV2_032,PARV2_181,PARV2_239,PARV2_032 → PARV2_181 → PARV2_239 → PARV2_032,2.012,0.671,3_pares
PARV2_154,PARV2_193,PARV2_159,PARV2_154 → PARV2_193 → PARV2_159 → PARV2_154,2.012,0.671,3_pares
PARV2_072,PARV2_159,PARV2_125,PARV2_072 → PARV2_159 → PARV2_125 → PARV2_072,2.012,0.671,3_pares
PARV2_108,PARV2_171,PARV2_204,PARV2_108 → PARV2_171 → PARV2_204 → PARV2_108,2.012,0.671,3_pares
PARV2_017,PARV2_074,PARV2_141,PARV2_017 → PARV2_074 → PARV2_141 → PARV2_017,2.012,0.671,3_pares
PARV2_017,PARV2_074,PARV2_174,PARV2_017 → PARV2_074 → PARV2_174 → PARV2_017,2.012,0.671,3_pares
PARV2_204,PARV2_235,PARV2_246,PARV2_204 → PARV2_235 → PARV2_246 → PARV2_204,2.012,0.671,3_pares
PARV2_142,PARV2_204,PARV2_163,PARV2_142 → PARV2_204 → PARV2_163 → PARV2_142,2.011,0.67,3_pares
PARV2_113,PARV2_129,PARV2_216,PARV2_113 → PARV2_129 → PARV2_216 → PARV2_113,2.011,0.67,3_pares
PARV2_125,PARV2_171,PARV2_166,PARV2_125 → PARV2_171 → PARV2_166 → PARV2_125,2.011,0.67,3_pares
PARV2_032,PARV2_127,PARV2_166,PARV2_032 → PARV2_127 → PARV2_166 → PARV2_032,2.011,0.67,3_pares
PARV2_074,PARV2_238,PARV2_129,PARV2_074 → PARV2_238 → PARV2_129 → PARV2_074,2.011,0.67,3_pares
PARV2_202,PARV2_239,PARV2_204,PARV2_202 → PARV2_239 → PARV2_204 → PARV2_202,2.011,0.67,3_pares
PARV2_074,PARV2_202,PARV2_182,PARV2_074 → PARV2_202 → PARV2_182 → PARV2_074,2.011,0.67,3_pares
PARV2_021,PARV2_166,PARV2_235,PARV2_021 → PARV2_166 → PARV2_235 → PARV2_021,2.011,0.67,3_pares
PARV2_032,PARV2_210,PARV2_200,PARV2_032 → PARV2_210 → PARV2_200 → PARV2_032,2.01,0.67,3_pares
PARV2_232,PARV2_239,PARV2_235,PARV2_232 → PARV2_239 → PARV2_235 → PARV2_232,2.01,0.67,3_pares
PARV2_049,PARV2_174,PARV2_116,PARV2_049 → PARV2_174 → PARV2_116 → PARV2_049,2.01,0.67,3_pares
PARV2_032,PARV2_111,PARV2_200,PARV2_032 → PARV2_111 → PARV2_200 → PARV2_032,2.01,0.67,3_pares
PARV2_035,PARV2_203,PARV2_138,PARV2_035 → PARV2_203 → PARV2_138 → PARV2_035,2.01,0.67,3_pares
PARV2_098,PARV2_200,PARV2_166,PARV2_098 → PARV2_200 → PARV2_166 → PARV2_098,2.01,0.67,3_pares
PARV2_028,PARV2_134,PARV2_204,PARV2_028 → PARV2_134 → PARV2_204 → PARV2_028,2.01,0.67,3_pares
PARV2_159,PARV2_200,PARV2_194,PARV2_159 → PARV2_200 → PARV2_194 → PARV2_159,2.01,0.67,3_pares
PARV2_068,PARV2_246,PARV2_166,PARV2_068 → PARV2_246 → PARV2_166 → PARV2_068,2.01,0.67,3_pares
PARV2_021,PARV2_142,PARV2_159,PARV2_021 → PARV2_142 → PARV2_159 → PARV2_021,2.01,0.67,3_pares
PARV2_138,PARV2_177,PARV2_198,PARV2_138 → PARV2_177 → PARV2_198 → PARV2_138,2.01,0.67,3_pares
PARV2_127,PARV2_159,PARV2_154,PARV2_127 → PARV2_159 → PARV2_154 → PARV2_127,2.01,0.67,3_pares
PARV2_184,PARV2_239,PARV2_235,PARV2_184 → PARV2_239 → PARV2_235 → PARV2_184,2.01,0.67,3_pares
PARV2_098,PARV2_238,PARV2_172,PARV2_098 → PARV2_238 → PARV2_172 → PARV2_098,2.01,0.67,3_pares
PARV2_032,PARV2_174,PARV2_204,PARV2_032 → PARV2_174 → PARV2_204 → PARV2_032,2.01,0.67,3_pares
PARV2_013,PARV2_174,PARV2_187,PARV2_013 → PARV2_174 → PARV2_187 → PARV2_013,2.01,0.67,3_pares
PARV2_129,PARV2_193,PARV2_146,PARV2_129 → PARV2_193 → PARV2_146 → PARV2_129,2.01,0.67,3_pares
PARV2_129,PARV2_146,PARV2_239,PARV2_129 → PARV2_146 → PARV2_239 → PARV2_129,2.01,0.67,3_pares
PARV2_142,PARV2_159,PARV2_181,PARV2_142 → PARV2_159 → PARV2_181 → PARV2_142,2.009,0.67,3_pares
PARV2_129,PARV2_171,PARV2_218,PARV2_129 → PARV2_171 → PARV2_218 → PARV2_129,2.009,0.67,3_pares
PARV2_065,PARV2_163,PARV2_079,PARV2_065 → PARV2_163 → PARV2_079 → PARV2_065,2.009,0.67,3_pares
PARV2_133,PARV2_179,PARV2_204,PARV2_133 → PARV2_179 → PARV2_204 → PARV2_133,2.009,0.67,3_pares
PARV2_013,PARV2_014,PARV2_239,PARV2_013 → PARV2_014 → PARV2_239 → PARV2_013,2.009,0.67,3_pares
PARV2_068,PARV2_074,PARV2_166,PARV2_068 → PARV2_074 → PARV2_166 → PARV2_068,2.009,0.67,3_pares
PARV2_068,PARV2_154,PARV2_166,PARV2_068 → PARV2_154 → PARV2_166 → PARV2_068,2.009,0.67,3_pares
PARV2_159,PARV2_163,PARV2_193,PARV2_159 → PARV2_163 → PARV2_193 → PARV2_159,2.009,0.67,3_pares
PARV2_014,PARV2_108,PARV2_133,PARV2_014 → PARV2_108 → PARV2_133 → PARV2_014,2.009,0.67,3_pares
PARV2_021,PARV2_134,PARV2_159,PARV2_021 → PARV2_134 → PARV2_159 → PARV2_021,2.009,0.67,3_pares
PARV2_057,PARV2_087,PARV2_074,PARV2_057 → PARV2_087 → PARV2_074 → PARV2_057,2.009,0.67,3_pares
PARV2_079,PARV2_239,PARV2_209,PARV2_079 → PARV2_239 → PARV2_209 → PARV2_079,2.009,0.67,3_pares
PARV2_006,PARV2_142,PARV2_074,PARV2_006 → PARV2_142 → PARV2_074 → PARV2_006,2.009,0.67,3_pares
PARV2_146,PARV2_171,PARV2_159,PARV2_146 → PARV2_171 → PARV2_159 → PARV2_146,2.009,0.67,3_pares
PARV2_022,PARV2_239,PARV2_159,PARV2_022 → PARV2_239 → PARV2_159 → PARV2_022,2.009,0.67,3_pares
PARV2_134,PARV2_142,PARV2_204,PARV2_134 → PARV2_142 → PARV2_204 → PARV2_134,2.008,0.669,3_pares
PARV2_021,PARV2_069,PARV2_239,PARV2_021 → PARV2_069 → PARV2_239 → PARV2_021,2.008,0.669,3_pares
PARV2_051,PARV2_138,PARV2_177,PARV2_051 → PARV2_138 → PARV2_177 → PARV2_051,2.008,0.669,3_pares
PARV2_049,PARV2_127,PARV2_193,PARV2_049 → PARV2_127 → PARV2_193 → PARV2_049,2.008,0.669,3_pares
PARV2_108,PARV2_219,PARV2_238,PARV2_108 → PARV2_219 → PARV2_238 → PARV2_108,2.008,0.669,3_pares
PARV2_072,PARV2_177,PARV2_202,PARV2_072 → PARV2_177 → PARV2_202 → PARV2_072,2.008,0.669,3_pares
PARV2_125,PARV2_221,PARV2_166,PARV2_125 → PARV2_221 → PARV2_166 → PARV2_125,2.008,0.669,3_pares
PARV2_074,PARV2_239,PARV2_221,PARV2_074 → PARV2_239 → PARV2_221 → PARV2_074,2.008,0.669,3_pares
PARV2_108,PARV2_179,PARV2_159,PARV2_108 → PARV2_179 → PARV2_159 → PARV2_108,2.008,0.669,3_pares
PARV2_074,PARV2_235,PARV2_198,PARV2_074 → PARV2_235 → PARV2_198 → PARV2_074,2.008,0.669,3_pares
PARV2_074,PARV2_159,PARV2_108,PARV2_074 → PARV2_159 → PARV2_108 → PARV2_074,2.008,0.669,3_pares
PARV2_102,PARV2_134,PARV2_204,PARV2_102 → PARV2_134 → PARV2_204 → PARV2_102,2.008,0.669,3_pares
PARV2_107,PARV2_146,PARV2_239,PARV2_107 → PARV2_146 → PARV2_239 → PARV2_107,2.008,0.669,3_pares
PARV2_006,PARV2_070,PARV2_204,PARV2_006 → PARV2_070 → PARV2_204 → PARV2_006,2.008,0.669,3_pares
PARV2_108,PARV2_246,PARV2_243,PARV2_108 → PARV2_246 → PARV2_243 → PARV2_108,2.008,0.669,3_pares
PARV2_074,PARV2_177,PARV2_134,PARV2_074 → PARV2_177 → PARV2_134 → PARV2_074,2.007,0.669,3_pares
PARV2_021,PARV2_204,PARV2_216,PARV2_021 → PARV2_204 → PARV2_216 → PARV2_021,2.007,0.669,3_pares
PARV2_006,PARV2_235,PARV2_204,PARV2_006 → PARV2_235 → PARV2_204 → PARV2_006,2.007,0.669,3_pares
PARV2_127,PARV2_166,PARV2_142,PARV2_127 → PARV2_166 → PARV2_142 → PARV2_127,2.007,0.669,3_pares
PARV2_032,PARV2_210,PARV2_166,PARV2_032 → PARV2_210 → PARV2_166 → PARV2_032,2.007,0.669,3_pares
PARV2_127,PARV2_200,PARV2_129,PARV2_127 → PARV2_200 → PARV2_129 → PARV2_127,2.007,0.669,3_pares
PARV2_108,PARV2_127,PARV2_159,PARV2_108 → PARV2_127 → PARV2_159 → PARV2_108,2.007,0.669,3_pares
PARV2_107,PARV2_198,PARV2_239,PARV2_107 → PARV2_198 → PARV2_239 → PARV2_107,2.007,0.669,3_pares
PARV2_006,PARV2_013,PARV2_203,PARV2_006 → PARV2_013 → PARV2_203 → PARV2_006,2.007,0.669,3_pares
PARV2_063,PARV2_199,PARV2_204,PARV2_063 → PARV2_199 → PARV2_204 → PARV2_063,2.007,0.669,3_pares
PARV2_163,PARV2_193,PARV2_239,PARV2_163 → PARV2_193 → PARV2_239 → PARV2_163,2.007,0.669,3_pares
PARV2_074,PARV2_235,PARV2_121,PARV2_074 → PARV2_235 → PARV2_121 → PARV2_074,2.007,0.669,3_pares
PARV2_032,PARV2_204,PARV2_239,PARV2_032 → PARV2_204 → PARV2_239 → PARV2_032,2.006,0.669,3_pares
PARV2_004,PARV2_171,PARV2_204,PARV2_004 → PARV2_171 → PARV2_204 → PARV2_004,2.006,0.669,3_pares
PARV2_006,PARV2_177,PARV2_166,PARV2_006 → PARV2_177 → PARV2_166 → PARV2_006,2.006,0.669,3_pares
PARV2_098,PARV2_159,PARV2_116,PARV2_098 → PARV2_159 → PARV2_116 → PARV2_098,2.006,0.669,3_pares
PARV2_116,PARV2_193,PARV2_218,PARV2_116 → PARV2_193 → PARV2_218 → PARV2_116,2.006,0.669,3_pares
PARV2_032,PARV2_188,PARV2_239,PARV2_032 → PARV2_188 → PARV2_239 → PARV2_032,2.006,0.669,3_pares
PARV2_006,PARV2_065,PARV2_198,PARV2_006 → PARV2_065 → PARV2_198 → PARV2_006,2.006,0.669,3_pares
PARV2_133,PARV2_166,PARV2_235,PARV2_133 → PARV2_166 → PARV2_235 → PARV2_133,2.006,0.669,3_pares
PARV2_105,PARV2_134,PARV2_159,PARV2_105 → PARV2_134 → PARV2_159 → PARV2_105,2.006,0.669,3_pares
PARV2_108,PARV2_123,PARV2_159,PARV2_108 → PARV2_123 → PARV2_159 → PARV2_108,2.006,0.669,3_pares
PARV2_125,PARV2_212,PARV2_166,PARV2_125 → PARV2_212 → PARV2_166 → PARV2_125,2.006,0.669,3_pares
PARV2_006,PARV2_171,PARV2_159,PARV2_006 → PARV2_171 → PARV2_159 → PARV2_006,2.006,0.669,3_pares
PARV2_074,PARV2_235,PARV2_212,PARV2_074 → PARV2_235 → PARV2_212 → PARV2_074,2.006,0.669,3_pares
PARV2_146,PARV2_239,PARV2_193,PARV2_146 → PARV2_239 → PARV2_193 → PARV2_146,2.006,0.669,3_pares
PARV2_028,PARV2_193,PARV2_166,PARV2_028 → PARV2_193 → PARV2_166 → PARV2_028,2.006,0.669,3_pares
PARV2_006,PARV2_235,PARV2_200,PARV2_006 → PARV2_235 → PARV2_200 → PARV2_006,2.006,0.669,3_pares
PARV2_102,PARV2_204,PARV2_216,PARV2_102 → PARV2_204 → PARV2_216 → PARV2_102,2.006,0.669,3_pares
PARV2_056,PARV2_159,PARV2_154,PARV2_056 → PARV2_159 → PARV2_154 → PARV2_056,2.006,0.669,3_pares
PARV2_171,PARV2_218,PARV2_182,PARV2_171 → PARV2_218 → PARV2_182 → PARV2_171,2.006,0.669,3_pares
PARV2_159,PARV2_187,PARV2_239,PARV2_159 → PARV2_187 → PARV2_239 → PARV2_159,2.006,0.669,3_pares
PARV2_177,PARV2_198,PARV2_239,PARV2_177 → PARV2_198 → PARV2_239 → PARV2_177,2.005,0.668,3_pares
PARV2_105,PARV2_110,PARV2_239,PARV2_105 → PARV2_110 → PARV2_239 → PARV2_105,2.005,0.668,3_pares
PARV2_006,PARV2_107,PARV2_014,PARV2_006 → PARV2_107 → PARV2_014 → PARV2_006,2.005,0.668,3_pares
PARV2_148,PARV2_182,PARV2_239,PARV2_148 → PARV2_182 → PARV2_239 → PARV2_148,2.005,0.668,3_pares
PARV2_032,PARV2_060,PARV2_074,PARV2_032 → PARV2_060 → PARV2_074 → PARV2_032,2.005,0.668,3_pares
PARV2_049,PARV2_174,PARV2_139,PARV2_049 → PARV2_174 → PARV2_139 → PARV2_049,2.005,0.668,3_pares
PARV2_090,PARV2_159,PARV2_200,PARV2_090 → PARV2_159 → PARV2_200 → PARV2_090,2.005,0.668,3_pares
PARV2_041,PARV2_239,PARV2_235,PARV2_041 → PARV2_239 → PARV2_235 → PARV2_041,2.005,0.668,3_pares
PARV2_098,PARV2_134,PARV2_159,PARV2_098 → PARV2_134 → PARV2_159 → PARV2_098,2.005,0.668,3_pares
PARV2_125,PARV2_127,PARV2_166,PARV2_125 → PARV2_127 → PARV2_166 → PARV2_125,2.005,0.668,3_pares
PARV2_049,PARV2_182,PARV2_098,PARV2_049 → PARV2_182 → PARV2_098 → PARV2_049,2.005,0.668,3_pares
PARV2_068,PARV2_187,PARV2_138,PARV2_068 → PARV2_187 → PARV2_138 → PARV2_068,2.005,0.668,3_pares
PARV2_006,PARV2_139,PARV2_074,PARV2_006 → PARV2_139 → PARV2_074 → PARV2_006,2.005,0.668,3_pares
PARV2_159,PARV2_208,PARV2_171,PARV2_159 → PARV2_208 → PARV2_171 → PARV2_159,2.005,0.668,3_pares
PARV2_141,PARV2_179,PARV2_204,PARV2_141 → PARV2_179 → PARV2_204 → PARV2_141,2.004,0.668,3_pares
PARV2_006,PARV2_134,PARV2_074,PARV2_006 → PARV2_134 → PARV2_074 → PARV2_006,2.004,0.668,3_pares
PARV2_074,PARV2_159,PARV2_210,PARV2_074 → PARV2_159 → PARV2_210 → PARV2_074,2.004,0.668,3_pares
PARV2_006,PARV2_013,PARV2_069,PARV2_006 → PARV2_013 → PARV2_069 → PARV2_006,2.004,0.668,3_pares
PARV2_013,PARV2_142,PARV2_069,PARV2_013 → PARV2_142 → PARV2_069 → PARV2_013,2.004,0.668,3_pares
PARV2_074,PARV2_121,PARV2_200,PARV2_074 → PARV2_121 → PARV2_200 → PARV2_074,2.004,0.668,3_pares
PARV2_057,PARV2_142,PARV2_074,PARV2_057 → PARV2_142 → PARV2_074 → PARV2_057,2.004,0.668,3_pares
PARV2_171,PARV2_218,PARV2_177,PARV2_171 → PARV2_218 → PARV2_177 → PARV2_171,2.004,0.668,3_pares
PARV2_108,PARV2_194,PARV2_204,PARV2_108 → PARV2_194 → PARV2_204 → PARV2_108,2.004,0.668,3_pares
PARV2_074,PARV2_218,PARV2_225,PARV2_074 → PARV2_218 → PARV2_225 → PARV2_074,2.004,0.668,3_pares
PARV2_069,PARV2_074,PARV2_179,PARV2_069 → PARV2_074 → PARV2_179 → PARV2_069,2.004,0.668,3_pares
PARV2_014,PARV2_138,PARV2_177,PARV2_014 → PARV2_138 → PARV2_177 → PARV2_014,2.004,0.668,3_pares
PARV2_090,PARV2_202,PARV2_166,PARV2_090 → PARV2_202 → PARV2_166 → PARV2_090,2.004,0.668,3_pares
PARV2_006,PARV2_207,PARV2_069,PARV2_006 → PARV2_207 → PARV2_069 → PARV2_006,2.004,0.668,3_pares
PARV2_032,PARV2_127,PARV2_074,PARV2_032 → PARV2_127 → PARV2_074 → PARV2_032,2.004,0.668,3_pares
PARV2_041,PARV2_074,PARV2_174,PARV2_041 → PARV2_074 → PARV2_174 → PARV2_041,2.003,0.668,3_pares
PARV2_108,PARV2_246,PARV2_238,PARV2_108 → PARV2_246 → PARV2_238 → PARV2_108,2.003,0.668,3_pares
PARV2_063,PARV2_074,PARV2_204,PARV2_063 → PARV2_074 → PARV2_204 → PARV2_063,2.003,0.668,3_pares
PARV2_032,PARV2_240,PARV2_166,PARV2_032 → PARV2_240 → PARV2_166 → PARV2_032,2.003,0.668,3_pares
PARV2_032,PARV2_125,PARV2_166,PARV2_032 → PARV2_125 → PARV2_166 → PARV2_032,2.003,0.668,3_pares
PARV2_121,PARV2_193,PARV2_218,PARV2_121 → PARV2_193 → PARV2_218 → PARV2_121,2.003,0.668,3_pares
PARV2_138,PARV2_166,PARV2_203,PARV2_138 → PARV2_166 → PARV2_203 → PARV2_138,2.003,0.668,3_pares
PARV2_074,PARV2_204,PARV2_170,PARV2_074 → PARV2_204 → PARV2_170 → PARV2_074,2.003,0.668,3_pares
PARV2_056,PARV2_182,PARV2_111,PARV2_056 → PARV2_182 → PARV2_111 → PARV2_056,2.003,0.668,3_pares
PARV2_035,PARV2_204,PARV2_202,PARV2_035 → PARV2_204 → PARV2_202 → PARV2_035,2.003,0.668,3_pares
PARV2_142,PARV2_166,PARV2_235,PARV2_142 → PARV2_166 → PARV2_235 → PARV2_142,2.003,0.668,3_pares
PARV2_134,PARV2_159,PARV2_141,PARV2_134 → PARV2_159 → PARV2_141 → PARV2_134,2.003,0.668,3_pares
PARV2_098,PARV2_204,PARV2_219,PARV2_098 → PARV2_204 → PARV2_219 → PARV2_098,2.003,0.668,3_pares
PARV2_014,PARV2_239,PARV2_070,PARV2_014 → PARV2_239 → PARV2_070 → PARV2_014,2.002,0.667,3_pares
PARV2_021,PARV2_051,PARV2_239,PARV2_021 → PARV2_051 → PARV2_239 → PARV2_021,2.002,0.667,3_pares
PARV2_065,PARV2_202,PARV2_239,PARV2_065 → PARV2_202 → PARV2_239 → PARV2_065,2.002,0.667,3_pares
PARV2_125,PARV2_133,PARV2_166,PARV2_125 → PARV2_133 → PARV2_166 → PARV2_125,2.002,0.667,3_pares
PARV2_171,PARV2_193,PARV2_218,PARV2_171 → PARV2_193 → PARV2_218 → PARV2_171,2.002,0.667,3_pares
PARV2_110,PARV2_239,PARV2_221,PARV2_110 → PARV2_239 → PARV2_221 → PARV2_110,2.002,0.667,3_pares
PARV2_006,PARV2_177,PARV2_204,PARV2_006 → PARV2_177 → PARV2_204 → PARV2_006,2.002,0.667,3_pares
PARV2_154,PARV2_207,PARV2_159,PARV2_154 → PARV2_207 → PARV2_159 → PARV2_154,2.002,0.667,3_pares
PARV2_098,PARV2_204,PARV2_164,PARV2_098 → PARV2_204 → PARV2_164 → PARV2_098,2.002,0.667,3_pares
PARV2_006,PARV2_159,PARV2_146,PARV2_006 → PARV2_159 → PARV2_146 → PARV2_006,2.002,0.667,3_pares
PARV2_133,PARV2_193,PARV2_200,PARV2_133 → PARV2_193 → PARV2_200 → PARV2_133,2.002,0.667,3_pares
PARV2_154,PARV2_164,PARV2_159,PARV2_154 → PARV2_164 → PARV2_159 → PARV2_154,2.002,0.667,3_pares
PARV2_028,PARV2_159,PARV2_204,PARV2_028 → PARV2_159 → PARV2_204 → PARV2_028,2.002,0.667,3_pares
PARV2_174,PARV2_219,PARV2_179,PARV2_174 → PARV2_219 → PARV2_179 → PARV2_174,2.002,0.667,3_pares
PARV2_127,PARV2_146,PARV2_129,PARV2_127 → PARV2_146 → PARV2_129 → PARV2_127,2.001,0.667,3_pares
PARV2_159,PARV2_164,PARV2_193,PARV2_159 → PARV2_164 → PARV2_193 → PARV2_159,2.001,0.667,3_pares
PARV2_069,PARV2_074,PARV2_202,PARV2_069 → PARV2_074 → PARV2_202 → PARV2_069,2.001,0.667,3_pares
PARV2_138,PARV2_246,PARV2_204,PARV2_138 → PARV2_246 → PARV2_204 → PARV2_138,2.001,0.667,3_pares
PARV2_142,PARV2_204,PARV2_235,PARV2_142 → PARV2_204 → PARV2_235 → PARV2_142,2.001,0.667,3_pares
PARV2_200,PARV2_219,PARV2_216,PARV2_200 → PARV2_219 → PARV2_216 → PARV2_200,2.001,0.667,3_pares
PARV2_063,PARV2_159,PARV2_125,PARV2_063 → PARV2_159 → PARV2_125 → PARV2_063,2.001,0.667,3_pares
PARV2_049,PARV2_174,PARV2_122,PARV2_049 → PARV2_174 → PARV2_122 → PARV2_049,2.001,0.667,3_pares
PARV2_006,PARV2_194,PARV2_146,PARV2_006 → PARV2_194 → PARV2_146 → PARV2_006,2.001,0.667,3_pares
PARV2_006,PARV2_244,PARV2_014,PARV2_006 → PARV2_244 → PARV2_014 → PARV2_006,2.001,0.667,3_pares
PARV2_006,PARV2_108,PARV2_200,PARV2_006 → PARV2_108 → PARV2_200 → PARV2_006,2.001,0.667,3_pares
PARV2_074,PARV2_239,PARV2_188,PARV2_074 → PARV2_239 → PARV2_188 → PARV2_074,2.0,0.667,3_pares
PARV2_006,PARV2_181,PARV2_014,PARV2_006 → PARV2_181 → PARV2_014 → PARV2_006,2.0,0.667,3_pares
PARV2_022,PARV2_129,PARV2_216,PARV2_022 → PARV2_129 → PARV2_216 → PARV2_022,2.0,0.667,3_pares
PARV2_141,PARV2_166,PARV2_235,PARV2_141 → PARV2_166 → PARV2_235 → PARV2_141,2.0,0.667,3_pares
PARV2_006,PARV2_122,PARV2_204,PARV2_006 → PARV2_122 → PARV2_204 → PARV2_006,2.0,0.667,3_pares
PARV2_108,PARV2_129,PARV2_200,PARV2_108 → PARV2_129 → PARV2_200 → PARV2_108,2.0,0.667,3_pares
PARV2_006,PARV2_159,PARV2_200,PARV2_006 → PARV2_159 → PARV2_200 → PARV2_006,2.0,0.667,3_pares
PARV2_041,PARV2_074,PARV2_057,PARV2_041 → PARV2_074 → PARV2_057 → PARV2_041,2.0,0.667,3_pares
PARV2_141,PARV2_142,PARV2_204,PARV2_141 → PARV2_142 → PARV2_204 → PARV2_141,2.0,0.667,3_pares
PARV2_013,PARV2_193,PARV2_203,PARV2_013 → PARV2_193 → PARV2_203 → PARV2_013,2.0,0.667,3_pares
PARV2_139,PARV2_159,PARV2_200,PARV2_139 → PARV2_159 → PARV2_200 → PARV2_139,2.0,0.667,3_pares
PARV2_129,PARV2_134,PARV2_243,PARV2_129 → PARV2_134 → PARV2_243 → PARV2_129,2.0,0.667,3_pares
PARV2_129,PARV2_216,PARV2_225,PARV2_129 → PARV2_216 → PARV2_225 → PARV2_129,2.0,0.667,3_pares
PARV2_182,PARV2_239,PARV2_240,PARV2_182 → PARV2_239 → PARV2_240 → PARV2_182,2.0,0.667,3_pares
PARV2_179,PARV2_200,PARV2_204,PARV2_179 → PARV2_200 → PARV2_204 → PARV2_179,2.0,0.667,3_pares
PARV2_060,PARV2_134,PARV2_204,PARV2_060 → PARV2_134 → PARV2_204 → PARV2_060,2.0,0.667,3_pares
PARV2_127,PARV2_159,PARV2_171,PARV2_127 → PARV2_159 → PARV2_171 → PARV2_127,2.0,0.667,3_pares
PARV2_054,PARV2_069,PARV2_065,PARV2_054 → PARV2_069 → PARV2_065 → PARV2_054,2.0,0.667,3_pares
PARV2_014,PARV2_239,PARV2_107,PARV2_014 → PARV2_239 → PARV2_107 → PARV2_014,2.0,0.667,3_pares
PARV2_032,PARV2_204,PARV2_138,PARV2_032 → PARV2_204 → PARV2_138 → PARV2_032,1.999,0.666,3_pares
PARV2_069,PARV2_239,PARV2_244,PARV2_069 → PARV2_239 → PARV2_244 → PARV2_069,1.999,0.666,3_pares
PARV2_006,PARV2_159,PARV2_079,PARV2_006 → PARV2_159 → PARV2_079 → PARV2_006,1.999,0.666,3_pares
PARV2_014,PARV2_138,PARV2_133,PARV2_014 → PARV2_138 → PARV2_133 → PARV2_014,1.999,0.666,3_pares
PARV2_108,PARV2_219,PARV2_200,PARV2_108 → PARV2_219 → PARV2_200 → PARV2_108,1.999,0.666,3_pares
PARV2_056,PARV2_239,PARV2_074,PARV2_056 → PARV2_239 → PARV2_074 → PARV2_056,1.999,0.666,3_pares
PARV2_127,PARV2_159,PARV2_207,PARV2_127 → PARV2_159 → PARV2_207 → PARV2_127,1.999,0.666,3_pares
PARV2_065,PARV2_166,PARV2_068,PARV2_065 → PARV2_166 → PARV2_068 → PARV2_065,1.999,0.666,3_pares
PARV2_098,PARV2_204,PARV2_170,PARV2_098 → PARV2_204 → PARV2_170 → PARV2_098,1.999,0.666,3_pares
PARV2_111,PARV2_219,PARV2_182,PARV2_111 → PARV2_219 → PARV2_182 → PARV2_111,1.999,0.666,3_pares
PARV2_074,PARV2_204,PARV2_163,PARV2_074 → PARV2_204 → PARV2_163 → PARV2_074,1.999,0.666,3_pares
PARV2_105,PARV2_200,PARV2_159,PARV2_105 → PARV2_200 → PARV2_159 → PARV2_105,1.999,0.666,3_pares
PARV2_074,PARV2_159,PARV2_182,PARV2_074 → PARV2_159 → PARV2_182 → PARV2_074,1.999,0.666,3_pares
PARV2_200,PARV2_204,PARV2_235,PARV2_200 → PARV2_204 → PARV2_235 → PARV2_200,1.999,0.666,3_pares
PARV2_200,PARV2_204,PARV2_216,PARV2_200 → PARV2_204 → PARV2_216 → PARV2_200,1.999,0.666,3_pares
PARV2_006,PARV2_129,PARV2_203,PARV2_006 → PARV2_129 → PARV2_203 → PARV2_006,1.999,0.666,3_pares
PARV2_142,PARV2_193,PARV2_159,PARV2_142 → PARV2_193 → PARV2_159 → PARV2_142,1.999,0.666,3_pares
PARV2_074,PARV2_166,PARV2_142,PARV2_074 → PARV2_166 → PARV2_142 → PARV2_074,1.999,0.666,3_pares
PARV2_129,PARV2_216,PARV2_187,PARV2_129 → PARV2_216 → PARV2_187 → PARV2_129,1.998,0.666,3_pares
PARV2_049,PARV2_239,PARV2_148,PARV2_049 → PARV2_239 → PARV2_148 → PARV2_049,1.998,0.666,3_pares
PARV2_032,PARV2_110,PARV2_239,PARV2_032 → PARV2_110 → PARV2_239 → PARV2_032,1.998,0.666,3_pares
PARV2_032,PARV2_108,PARV2_060,PARV2_032 → PARV2_108 → PARV2_060 → PARV2_032,1.998,0.666,3_pares
PARV2_193,PARV2_200,PARV2_240,PARV2_193 → PARV2_200 → PARV2_240 → PARV2_193,1.998,0.666,3_pares
PARV2_013,PARV2_174,PARV2_203,PARV2_013 → PARV2_174 → PARV2_203 → PARV2_013,1.998,0.666,3_pares
PARV2_013,PARV2_142,PARV2_238,PARV2_013 → PARV2_142 → PARV2_238 → PARV2_013,1.998,0.666,3_pares
PARV2_065,PARV2_193,PARV2_200,PARV2_065 → PARV2_193 → PARV2_200 → PARV2_065,1.998,0.666,3_pares
PARV2_172,PARV2_204,PARV2_232,PARV2_172 → PARV2_204 → PARV2_232 → PARV2_172,1.998,0.666,3_pares
PARV2_006,PARV2_194,PARV2_079,PARV2_006 → PARV2_194 → PARV2_079 → PARV2_006,1.998,0.666,3_pares
PARV2_028,PARV2_179,PARV2_204,PARV2_028 → PARV2_179 → PARV2_204 → PARV2_028,1.998,0.666,3_pares
PARV2_098,PARV2_159,PARV2_219,PARV2_098 → PARV2_159 → PARV2_219 → PARV2_098,1.998,0.666,3_pares
PARV2_006,PARV2_221,PARV2_200,PARV2_006 → PARV2_221 → PARV2_200 → PARV2_006,1.998,0.666,3_pares
PARV2_122,PARV2_159,PARV2_154,PARV2_122 → PARV2_159 → PARV2_154 → PARV2_122,1.998,0.666,3_pares
PARV2_006,PARV2_049,PARV2_174,PARV2_006 → PARV2_049 → PARV2_174 → PARV2_006,1.998,0.666,3_pares
PARV2_171,PARV2_218,PARV2_208,PARV2_171 → PARV2_218 → PARV2_208 → PARV2_171,1.998,0.666,3_pares
PARV2_032,PARV2_179,PARV2_159,PARV2_032 → PARV2_179 → PARV2_159 → PARV2_032,1.998,0.666,3_pares
PARV2_021,PARV2_204,PARV2_235,PARV2_021 → PARV2_204 → PARV2_235 → PARV2_021,1.998,0.666,3_pares
PARV2_006,PARV2_209,PARV2_203,PARV2_006 → PARV2_209 → PARV2_203 → PARV2_006,1.998,0.666,3_pares
PARV2_105,PARV2_198,PARV2_239,PARV2_105 → PARV2_198 → PARV2_239 → PARV2_105,1.997,0.666,3_pares
PARV2_163,PARV2_204,PARV2_212,PARV2_163 → PARV2_204 → PARV2_212 → PARV2_163,1.997,0.666,3_pares
PARV2_004,PARV2_074,PARV2_113,PARV2_004 → PARV2_074 → PARV2_113 → PARV2_004,1.997,0.666,3_pares
PARV2_022,PARV2_239,PARV2_204,PARV2_022 → PARV2_239 → PARV2_204 → PARV2_022,1.997,0.666,3_pares
PARV2_074,PARV2_159,PARV2_198,PARV2_074 → PARV2_159 → PARV2_198 → PARV2_074,1.997,0.666,3_pares
PARV2_069,PARV2_239,PARV2_121,PARV2_069 → PARV2_239 → PARV2_121 → PARV2_069,1.997,0.666,3_pares
PARV2_041,PARV2_074,PARV2_072,PARV2_041 → PARV2_074 → PARV2_072 → PARV2_041,1.997,0.666,3_pares
PARV2_133,PARV2_179,PARV2_159,PARV2_133 → PARV2_179 → PARV2_159 → PARV2_133,1.997,0.666,3_pares
PARV2_013,PARV2_239,PARV2_235,PARV2_013 → PARV2_239 → PARV2_235 → PARV2_013,1.997,0.666,3_pares
PARV2_013,PARV2_239,PARV2_174,PARV2_013 → PARV2_239 → PARV2_174 → PARV2_013,1.997,0.666,3_pares
PARV2_148,PARV2_193,PARV2_166,PARV2_148 → PARV2_193 → PARV2_166 → PARV2_148,1.997,0.666,3_pares
PARV2_204,PARV2_235,PARV2_239,PARV2_204 → PARV2_235 → PARV2_239 → PARV2_204,1.997,0.666,3_pares
PARV2_122,PARV2_204,PARV2_202,PARV2_122 → PARV2_204 → PARV2_202 → PARV2_122,1.997,0.666,3_pares
PARV2_032,PARV2_072,PARV2_166,PARV2_032 → PARV2_072 → PARV2_166 → PARV2_032,1.997,0.666,3_pares
PARV2_127,PARV2_159,PARV2_221,PARV2_127 → PARV2_159 → PARV2_221 → PARV2_127,1.997,0.666,3_pares
PARV2_014,PARV2_171,PARV2_204,PARV2_014 → PARV2_171 → PARV2_204 → PARV2_014,1.997,0.666,3_pares
PARV2_111,PARV2_148,PARV2_182,PARV2_111 → PARV2_148 → PARV2_182 → PARV2_111,1.996,0.665,3_pares
PARV2_142,PARV2_204,PARV2_179,PARV2_142 → PARV2_204 → PARV2_179 → PARV2_142,1.996,0.665,3_pares
PARV2_087,PARV2_172,PARV2_159,PARV2_087 → PARV2_172 → PARV2_159 → PARV2_087,1.996,0.665,3_pares
PARV2_013,PARV2_074,PARV2_235,PARV2_013 → PARV2_074 → PARV2_235 → PARV2_013,1.996,0.665,3_pares
PARV2_193,PARV2_202,PARV2_239,PARV2_193 → PARV2_202 → PARV2_239 → PARV2_193,1.996,0.665,3_pares
PARV2_113,PARV2_239,PARV2_235,PARV2_113 → PARV2_239 → PARV2_235 → PARV2_113,1.996,0.665,3_pares
PARV2_021,PARV2_159,PARV2_200,PARV2_021 → PARV2_159 → PARV2_200 → PARV2_021,1.996,0.665,3_pares
PARV2_032,PARV2_111,PARV2_154,PARV2_032 → PARV2_111 → PARV2_154 → PARV2_032,1.996,0.665,3_pares
PARV2_006,PARV2_177,PARV2_051,PARV2_006 → PARV2_177 → PARV2_051 → PARV2_006,1.996,0.665,3_pares
PARV2_006,PARV2_187,PARV2_239,PARV2_006 → PARV2_187 → PARV2_239 → PARV2_006,1.996,0.665,3_pares
PARV2_074,PARV2_235,PARV2_221,PARV2_074 → PARV2_235 → PARV2_221 → PARV2_074,1.996,0.665,3_pares
PARV2_004,PARV2_074,PARV2_204,PARV2_004 → PARV2_074 → PARV2_204 → PARV2_004,1.996,0.665,3_pares
PARV2_166,PARV2_240,PARV2_193,PARV2_166 → PARV2_240 → PARV2_193 → PARV2_166,1.996,0.665,3_pares
PARV2_127,PARV2_159,PARV2_134,PARV2_127 → PARV2_159 → PARV2_134 → PARV2_127,1.996,0.665,3_pares
PARV2_179,PARV2_200,PARV2_244,PARV2_179 → PARV2_200 → PARV2_244 → PARV2_179,1.996,0.665,3_pares
PARV2_060,PARV2_235,PARV2_108,PARV2_060 → PARV2_235 → PARV2_108 → PARV2_060,1.996,0.665,3_pares
PARV2_138,PARV2_181,PARV2_198,PARV2_138 → PARV2_181 → PARV2_198 → PARV2_138,1.996,0.665,3_pares
PARV2_013,PARV2_198,PARV2_108,PARV2_013 → PARV2_198 → PARV2_108 → PARV2_013,1.996,0.665,3_pares
PARV2_074,PARV2_235,PARV2_127,PARV2_074 → PARV2_235 → PARV2_127 → PARV2_074,1.996,0.665,3_pares
PARV2_014,PARV2_108,PARV2_105,PARV2_014 → PARV2_108 → PARV2_105 → PARV2_014,1.995,0.665,3_pares
PARV2_070,PARV2_204,PARV2_138,PARV2_070 → PARV2_204 → PARV2_138 → PARV2_070,1.995,0.665,3_pares
PARV2_006,PARV2_021,PARV2_079,PARV2_006 → PARV2_021 → PARV2_079 → PARV2_006,1.995,0.665,3_pares
PARV2_068,PARV2_198,PARV2_138,PARV2_068 → PARV2_198 → PARV2_138 → PARV2_068,1.995,0.665,3_pares
PARV2_127,PARV2_200,PARV2_240,PARV2_127 → PARV2_200 → PARV2_240 → PARV2_127,1.995,0.665,3_pares
PARV2_032,PARV2_235,PARV2_239,PARV2_032 → PARV2_235 → PARV2_239 → PARV2_032,1.995,0.665,3_pares
PARV2_013,PARV2_193,PARV2_239,PARV2_013 → PARV2_193 → PARV2_239 → PARV2_013,1.995,0.665,3_pares
PARV2_127,PARV2_200,PARV2_246,PARV2_127 → PARV2_200 → PARV2_246 → PARV2_127,1.995,0.665,3_pares
PARV2_021,PARV2_069,PARV2_074,PARV2_021 → PARV2_069 → PARV2_074 → PARV2_021,1.995,0.665,3_pares
PARV2_121,PARV2_171,PARV2_218,PARV2_121 → PARV2_171 → PARV2_218 → PARV2_121,1.995,0.665,3_pares
PARV2_022,PARV2_171,PARV2_204,PARV2_022 → PARV2_171 → PARV2_204 → PARV2_022,1.995,0.665,3_pares
PARV2_006,PARV2_138,PARV2_188,PARV2_006 → PARV2_138 → PARV2_188 → PARV2_006,1.995,0.665,3_pares
PARV2_200,PARV2_204,PARV2_244,PARV2_200 → PARV2_204 → PARV2_244 → PARV2_200,1.995,0.665,3_pares
PARV2_028,PARV2_204,PARV2_032,PARV2_028 → PARV2_204 → PARV2_032 → PARV2_028,1.995,0.665,3_pares
PARV2_006,PARV2_142,PARV2_159,PARV2_006 → PARV2_142 → PARV2_159 → PARV2_006,1.995,0.665,3_pares
PARV2_014,PARV2_108,PARV2_207,PARV2_014 → PARV2_108 → PARV2_207 → PARV2_014,1.995,0.665,3_pares
PARV2_014,PARV2_138,PARV2_107,PARV2_014 → PARV2_138 → PARV2_107 → PARV2_014,1.995,0.665,3_pares
PARV2_074,PARV2_146,PARV2_239,PARV2_074 → PARV2_146 → PARV2_239 → PARV2_074,1.995,0.665,3_pares
PARV2_074,PARV2_246,PARV2_143,PARV2_074 → PARV2_246 → PARV2_143 → PARV2_074,1.995,0.665,3_pares
PARV2_079,PARV2_239,PARV2_105,PARV2_079 → PARV2_239 → PARV2_105 → PARV2_079,1.995,0.665,3_pares
PARV2_129,PARV2_243,PARV2_239,PARV2_129 → PARV2_243 → PARV2_239 → PARV2_129,1.994,0.665,3_pares
PARV2_006,PARV2_133,PARV2_146,PARV2_006 → PARV2_133 → PARV2_146 → PARV2_006,1.994,0.665,3_pares
PARV2_074,PARV2_218,PARV2_200,PARV2_074 → PARV2_218 → PARV2_200 → PARV2_074,1.994,0.665,3_pares
PARV2_098,PARV2_204,PARV2_110,PARV2_098 → PARV2_204 → PARV2_110 → PARV2_098,1.994,0.665,3_pares
PARV2_148,PARV2_159,PARV2_204,PARV2_148 → PARV2_159 → PARV2_204 → PARV2_148,1.994,0.665,3_pares
PARV2_110,PARV2_239,PARV2_139,PARV2_110 → PARV2_239 → PARV2_139 → PARV2_110,1.994,0.665,3_pares
PARV2_032,PARV2_246,PARV2_166,PARV2_032 → PARV2_246 → PARV2_166 → PARV2_032,1.994,0.665,3_pares
PARV2_198,PARV2_239,PARV2_221,PARV2_198 → PARV2_239 → PARV2_221 → PARV2_198,1.994,0.665,3_pares
PARV2_013,PARV2_239,PARV2_103,PARV2_013 → PARV2_239 → PARV2_103 → PARV2_013,1.994,0.665,3_pares
PARV2_069,PARV2_074,PARV2_142,PARV2_069 → PARV2_074 → PARV2_142 → PARV2_069,1.994,0.665,3_pares
PARV2_121,PARV2_198,PARV2_239,PARV2_121 → PARV2_198 → PARV2_239 → PARV2_121,1.994,0.665,3_pares
PARV2_041,PARV2_074,PARV2_202,PARV2_041 → PARV2_074 → PARV2_202 → PARV2_041,1.994,0.665,3_pares
PARV2_111,PARV2_181,PARV2_182,PARV2_111 → PARV2_181 → PARV2_182 → PARV2_111,1.994,0.665,3_pares
PARV2_006,PARV2_129,PARV2_243,PARV2_006 → PARV2_129 → PARV2_243 → PARV2_006,1.994,0.665,3_pares
PARV2_139,PARV2_182,PARV2_239,PARV2_139 → PARV2_182 → PARV2_239 → PARV2_139,1.993,0.664,3_pares
PARV2_135,PARV2_138,PARV2_235,PARV2_135 → PARV2_138 → PARV2_235 → PARV2_135,1.993,0.664,3_pares
PARV2_110,PARV2_239,PARV2_204,PARV2_110 → PARV2_239 → PARV2_204 → PARV2_110,1.993,0.664,3_pares
PARV2_021,PARV2_218,PARV2_159,PARV2_021 → PARV2_218 → PARV2_159 → PARV2_021,1.993,0.664,3_pares
PARV2_108,PARV2_122,PARV2_159,PARV2_108 → PARV2_122 → PARV2_159 → PARV2_108,1.993,0.664,3_pares
PARV2_022,PARV2_074,PARV2_204,PARV2_022 → PARV2_074 → PARV2_204 → PARV2_022,1.993,0.664,3_pares
PARV2_072,PARV2_166,PARV2_125,PARV2_072 → PARV2_166 → PARV2_125 → PARV2_072,1.993,0.664,3_pares
PARV2_074,PARV2_174,PARV2_108,PARV2_074 → PARV2_174 → PARV2_108 → PARV2_074,1.993,0.664,3_pares
PARV2_108,PARV2_204,PARV2_243,PARV2_108 → PARV2_204 → PARV2_243 → PARV2_108,1.993,0.664,3_pares
PARV2_110,PARV2_239,PARV2_129,PARV2_110 → PARV2_239 → PARV2_129 → PARV2_110,1.993,0.664,3_pares
PARV2_013,PARV2_198,PARV2_239,PARV2_013 → PARV2_198 → PARV2_239 → PARV2_013,1.993,0.664,3_pares
PARV2_074,PARV2_141,PARV2_143,PARV2_074 → PARV2_141 → PARV2_143 → PARV2_074,1.993,0.664,3_pares
PARV2_063,PARV2_171,PARV2_204,PARV2_063 → PARV2_171 → PARV2_204 → PARV2_063,1.993,0.664,3_pares
PARV2_074,PARV2_235,PARV2_108,PARV2_074 → PARV2_235 → PARV2_108 → PARV2_074,1.993,0.664,3_pares
PARV2_098,PARV2_159,PARV2_200,PARV2_098 → PARV2_159 → PARV2_200 → PARV2_098,1.993,0.664,3_pares
PARV2_014,PARV2_074,PARV2_174,PARV2_014 → PARV2_074 → PARV2_174 → PARV2_014,1.993,0.664,3_pares
PARV2_074,PARV2_235,PARV2_239,PARV2_074 → PARV2_235 → PARV2_239 → PARV2_074,1.993,0.664,3_pares
PARV2_108,PARV2_159,PARV2_232,PARV2_108 → PARV2_159 → PARV2_232 → PARV2_108,1.993,0.664,3_pares
PARV2_006,PARV2_235,PARV2_239,PARV2_006 → PARV2_235 → PARV2_239 → PARV2_006,1.992,0.664,3_pares
PARV2_074,PARV2_174,PARV2_133,PARV2_074 → PARV2_174 → PARV2_133 → PARV2_074,1.992,0.664,3_pares
PARV2_193,PARV2_216,PARV2_209,PARV2_193 → PARV2_216 → PARV2_209 → PARV2_193,1.992,0.664,3_pares
PARV2_193,PARV2_200,PARV2_209,PARV2_193 → PARV2_200 → PARV2_209 → PARV2_193,1.992,0.664,3_pares
PARV2_074,PARV2_107,PARV2_163,PARV2_074 → PARV2_107 → PARV2_163 → PARV2_074,1.992,0.664,3_pares
PARV2_017,PARV2_239,PARV2_065,PARV2_017 → PARV2_239 → PARV2_065 → PARV2_017,1.992,0.664,3_pares
PARV2_022,PARV2_074,PARV2_159,PARV2_022 → PARV2_074 → PARV2_159 → PARV2_022,1.992,0.664,3_pares
PARV2_013,PARV2_074,PARV2_057,PARV2_013 → PARV2_074 → PARV2_057 → PARV2_013,1.992,0.664,3_pares
PARV2_141,PARV2_179,PARV2_159,PARV2_141 → PARV2_179 → PARV2_159 → PARV2_141,1.991,0.664,3_pares
PARV2_074,PARV2_110,PARV2_239,PARV2_074 → PARV2_110 → PARV2_239 → PARV2_074,1.991,0.664,3_pares
PARV2_074,PARV2_235,PARV2_209,PARV2_074 → PARV2_235 → PARV2_209 → PARV2_074,1.991,0.664,3_pares
PARV2_032,PARV2_087,PARV2_239,PARV2_032 → PARV2_087 → PARV2_239 → PARV2_032,1.991,0.664,3_pares
PARV2_159,PARV2_225,PARV2_171,PARV2_159 → PARV2_225 → PARV2_171 → PARV2_159,1.991,0.664,3_pares
PARV2_032,PARV2_225,PARV2_074,PARV2_032 → PARV2_225 → PARV2_074 → PARV2_032,1.991,0.664,3_pares
PARV2_074,PARV2_122,PARV2_143,PARV2_074 → PARV2_122 → PARV2_143 → PARV2_074,1.991,0.664,3_pares
PARV2_006,PARV2_221,PARV2_204,PARV2_006 → PARV2_221 → PARV2_204 → PARV2_006,1.991,0.664,3_pares
PARV2_108,PARV2_246,PARV2_159,PARV2_108 → PARV2_246 → PARV2_159 → PARV2_108,1.991,0.664,3_pares
PARV2_063,PARV2_204,PARV2_216,PARV2_063 → PARV2_204 → PARV2_216 → PARV2_063,1.991,0.664,3_pares
PARV2_108,PARV2_171,PARV2_159,PARV2_108 → PARV2_171 → PARV2_159 → PARV2_108,1.991,0.664,3_pares
PARV2_071,PARV2_193,PARV2_204,PARV2_071 → PARV2_193 → PARV2_204 → PARV2_071,1.991,0.664,3_pares
PARV2_006,PARV2_070,PARV2_014,PARV2_006 → PARV2_070 → PARV2_014 → PARV2_006,1.991,0.664,3_pares
PARV2_108,PARV2_179,PARV2_200,PARV2_108 → PARV2_179 → PARV2_200 → PARV2_108,1.991,0.664,3_pares
PARV2_111,PARV2_154,PARV2_182,PARV2_111 → PARV2_154 → PARV2_182 → PARV2_111,1.991,0.664,3_pares
PARV2_121,PARV2_204,PARV2_202,PARV2_121 → PARV2_204 → PARV2_202 → PARV2_121,1.991,0.664,3_pares
PARV2_074,PARV2_171,PARV2_198,PARV2_074 → PARV2_171 → PARV2_198 → PARV2_074,1.991,0.664,3_pares
PARV2_006,PARV2_074,PARV2_235,PARV2_006 → PARV2_074 → PARV2_235 → PARV2_006,1.99,0.663,3_pares
PARV2_074,PARV2_164,PARV2_134,PARV2_074 → PARV2_164 → PARV2_134 → PARV2_074,1.99,0.663,3_pares
PARV2_063,PARV2_194,PARV2_204,PARV2_063 → PARV2_194 → PARV2_204 → PARV2_063,1.99,0.663,3_pares
PARV2_032,PARV2_198,PARV2_239,PARV2_032 → PARV2_198 → PARV2_239 → PARV2_032,1.99,0.663,3_pares
PARV2_071,PARV2_239,PARV2_204,PARV2_071 → PARV2_239 → PARV2_204 → PARV2_071,1.99,0.663,3_pares
PARV2_035,PARV2_239,PARV2_159,PARV2_035 → PARV2_239 → PARV2_159 → PARV2_035,1.99,0.663,3_pares
PARV2_133,PARV2_193,PARV2_218,PARV2_133 → PARV2_193 → PARV2_218 → PARV2_133,1.99,0.663,3_pares
PARV2_006,PARV2_171,PARV2_014,PARV2_006 → PARV2_171 → PARV2_014 → PARV2_006,1.99,0.663,3_pares
PARV2_028,PARV2_142,PARV2_166,PARV2_028 → PARV2_142 → PARV2_166 → PARV2_028,1.99,0.663,3_pares
PARV2_006,PARV2_235,PARV2_218,PARV2_006 → PARV2_235 → PARV2_218 → PARV2_006,1.99,0.663,3_pares
PARV2_108,PARV2_194,PARV2_159,PARV2_108 → PARV2_194 → PARV2_159 → PARV2_108,1.99,0.663,3_pares
PARV2_108,PARV2_193,PARV2_159,PARV2_108 → PARV2_193 → PARV2_159 → PARV2_108,1.99,0.663,3_pares
PARV2_057,PARV2_184,PARV2_074,PARV2_057 → PARV2_184 → PARV2_074 → PARV2_057,1.99,0.663,3_pares
PARV2_006,PARV2_142,PARV2_079,PARV2_006 → PARV2_142 → PARV2_079 → PARV2_006,1.99,0.663,3_pares
PARV2_125,PARV2_210,PARV2_166,PARV2_125 → PARV2_210 → PARV2_166 → PARV2_125,1.989,0.663,3_pares
PARV2_179,PARV2_204,PARV2_244,PARV2_179 → PARV2_204 → PARV2_244 → PARV2_179,1.989,0.663,3_pares
PARV2_134,PARV2_179,PARV2_204,PARV2_134 → PARV2_179 → PARV2_204 → PARV2_134,1.989,0.663,3_pares
PARV2_182,PARV2_239,PARV2_202,PARV2_182 → PARV2_239 → PARV2_202 → PARV2_182,1.989,0.663,3_pares
PARV2_014,PARV2_239,PARV2_105,PARV2_014 → PARV2_239 → PARV2_105 → PARV2_014,1.989,0.663,3_pares
PARV2_159,PARV2_232,PARV2_239,PARV2_159 → PARV2_232 → PARV2_239 → PARV2_159,1.989,0.663,3_pares
PARV2_163,PARV2_171,PARV2_204,PARV2_163 → PARV2_171 → PARV2_204 → PARV2_163,1.989,0.663,3_pares
PARV2_171,PARV2_204,PARV2_202,PARV2_171 → PARV2_204 → PARV2_202 → PARV2_171,1.989,0.663,3_pares
PARV2_138,PARV2_194,PARV2_198,PARV2_138 → PARV2_194 → PARV2_198 → PARV2_138,1.989,0.663,3_pares
PARV2_006,PARV2_200,PARV2_188,PARV2_006 → PARV2_200 → PARV2_188 → PARV2_006,1.989,0.663,3_pares
PARV2_090,PARV2_127,PARV2_200,PARV2_090 → PARV2_127 → PARV2_200 → PARV2_090,1.989,0.663,3_pares
PARV2_074,PARV2_087,PARV2_239,PARV2_074 → PARV2_087 → PARV2_239 → PARV2_074,1.989,0.663,3_pares
PARV2_065,PARV2_179,PARV2_159,PARV2_065 → PARV2_179 → PARV2_159 → PARV2_065,1.989,0.663,3_pares
PARV2_060,PARV2_127,PARV2_204,PARV2_060 → PARV2_127 → PARV2_204 → PARV2_060,1.989,0.663,3_pares
PARV2_111,PARV2_246,PARV2_182,PARV2_111 → PARV2_246 → PARV2_182 → PARV2_111,1.989,0.663,3_pares
PARV2_105,PARV2_174,PARV2_204,PARV2_105 → PARV2_174 → PARV2_204 → PARV2_105,1.989,0.663,3_pares
PARV2_166,PARV2_209,PARV2_193,PARV2_166 → PARV2_209 → PARV2_193 → PARV2_166,1.989,0.663,3_pares
PARV2_049,PARV2_239,PARV2_240,PARV2_049 → PARV2_239 → PARV2_240 → PARV2_049,1.989,0.663,3_pares
PARV2_054,PARV2_225,PARV2_065,PARV2_054 → PARV2_225 → PARV2_065 → PARV2_054,1.988,0.663,3_pares
PARV2_164,PARV2_182,PARV2_239,PARV2_164 → PARV2_182 → PARV2_239 → PARV2_164,1.988,0.663,3_pares
PARV2_071,PARV2_127,PARV2_204,PARV2_071 → PARV2_127 → PARV2_204 → PARV2_071,1.988,0.663,3_pares
PARV2_013,PARV2_193,PARV2_069,PARV2_013 → PARV2_193 → PARV2_069 → PARV2_013,1.988,0.663,3_pares
PARV2_129,PARV2_216,PARV2_198,PARV2_129 → PARV2_216 → PARV2_198 → PARV2_129,1.988,0.663,3_pares
PARV2_063,PARV2_239,PARV2_204,PARV2_063 → PARV2_239 → PARV2_204 → PARV2_063,1.988,0.663,3_pares
PARV2_074,PARV2_174,PARV2_129,PARV2_074 → PARV2_174 → PARV2_129 → PARV2_074,1.988,0.663,3_pares
PARV2_098,PARV2_200,PARV2_113,PARV2_098 → PARV2_200 → PARV2_113 → PARV2_098,1.988,0.663,3_pares
PARV2_069,PARV2_239,PARV2_221,PARV2_069 → PARV2_239 → PARV2_221 → PARV2_069,1.988,0.663,3_pares
PARV2_074,PARV2_193,PARV2_127,PARV2_074 → PARV2_193 → PARV2_127 → PARV2_074,1.988,0.663,3_pares
PARV2_139,PARV2_193,PARV2_239,PARV2_139 → PARV2_193 → PARV2_239 → PARV2_139,1.988,0.663,3_pares
PARV2_021,PARV2_218,PARV2_239,PARV2_021 → PARV2_218 → PARV2_239 → PARV2_021,1.988,0.663,3_pares
PARV2_074,PARV2_240,PARV2_198,PARV2_074 → PARV2_240 → PARV2_198 → PARV2_074,1.988,0.663,3_pares
PARV2_074,PARV2_171,PARV2_142,PARV2_074 → PARV2_171 → PARV2_142 → PARV2_074,1.988,0.663,3_pares
PARV2_154,PARV2_194,PARV2_159,PARV2_154 → PARV2_194 → PARV2_159 → PARV2_154,1.988,0.663,3_pares
PARV2_035,PARV2_204,PARV2_060,PARV2_035 → PARV2_204 → PARV2_060 → PARV2_035,1.988,0.663,3_pares
PARV2_014,PARV2_108,PARV2_171,PARV2_014 → PARV2_108 → PARV2_171 → PARV2_014,1.988,0.663,3_pares
PARV2_098,PARV2_204,PARV2_148,PARV2_098 → PARV2_204 → PARV2_148 → PARV2_098,1.988,0.663,3_pares
PARV2_074,PARV2_239,PARV2_170,PARV2_074 → PARV2_239 → PARV2_170 → PARV2_074,1.988,0.663,3_pares
PARV2_074,PARV2_235,PARV2_129,PARV2_074 → PARV2_235 → PARV2_129 → PARV2_074,1.988,0.663,3_pares
PARV2_069,PARV2_074,PARV2_193,PARV2_069 → PARV2_074 → PARV2_193 → PARV2_069,1.987,0.662,3_pares
PARV2_125,PARV2_204,PARV2_216,PARV2_125 → PARV2_204 → PARV2_216 → PARV2_125,1.987,0.662,3_pares
PARV2_163,PARV2_204,PARV2_207,PARV2_163 → PARV2_204 → PARV2_207 → PARV2_163,1.987,0.662,3_pares
PARV2_063,PARV2_237,PARV2_111,PARV2_063 → PARV2_237 → PARV2_111 → PARV2_063,1.987,0.662,3_pares
PARV2_006,PARV2_193,PARV2_218,PARV2_006 → PARV2_193 → PARV2_218 → PARV2_006,1.987,0.662,3_pares
PARV2_108,PARV2_237,PARV2_111,PARV2_108 → PARV2_237 → PARV2_111 → PARV2_108,1.987,0.662,3_pares
PARV2_142,PARV2_159,PARV2_177,PARV2_142 → PARV2_159 → PARV2_177 → PARV2_142,1.987,0.662,3_pares
PARV2_060,PARV2_179,PARV2_204,PARV2_060 → PARV2_179 → PARV2_204 → PARV2_060,1.987,0.662,3_pares
PARV2_063,PARV2_246,PARV2_204,PARV2_063 → PARV2_246 → PARV2_204 → PARV2_063,1.987,0.662,3_pares
PARV2_159,PARV2_163,PARV2_204,PARV2_159 → PARV2_163 → PARV2_204 → PARV2_159,1.987,0.662,3_pares
PARV2_138,PARV2_171,PARV2_198,PARV2_138 → PARV2_171 → PARV2_198 → PARV2_138,1.987,0.662,3_pares
PARV2_154,PARV2_221,PARV2_159,PARV2_154 → PARV2_221 → PARV2_159 → PARV2_154,1.987,0.662,3_pares
PARV2_110,PARV2_171,PARV2_142,PARV2_110 → PARV2_171 → PARV2_142 → PARV2_110,1.987,0.662,3_pares
PARV2_139,PARV2_193,PARV2_218,PARV2_139 → PARV2_193 → PARV2_218 → PARV2_139,1.987,0.662,3_pares
PARV2_017,PARV2_138,PARV2_065,PARV2_017 → PARV2_138 → PARV2_065 → PARV2_017,1.987,0.662,3_pares
PARV2_006,PARV2_035,PARV2_203,PARV2_006 → PARV2_035 → PARV2_203 → PARV2_006,1.986,0.662,3_pares
PARV2_142,PARV2_171,PARV2_204,PARV2_142 → PARV2_171 → PARV2_204 → PARV2_142,1.986,0.662,3_pares
PARV2_013,PARV2_198,PARV2_138,PARV2_013 → PARV2_198 → PARV2_138 → PARV2_013,1.986,0.662,3_pares
PARV2_138,PARV2_207,PARV2_198,PARV2_138 → PARV2_207 → PARV2_198 → PARV2_138,1.986,0.662,3_pares
PARV2_159,PARV2_221,PARV2_193,PARV2_159 → PARV2_221 → PARV2_193 → PARV2_159,1.986,0.662,3_pares
PARV2_087,PARV2_239,PARV2_235,PARV2_087 → PARV2_239 → PARV2_235 → PARV2_087,1.986,0.662,3_pares
PARV2_108,PARV2_212,PARV2_200,PARV2_108 → PARV2_212 → PARV2_200 → PARV2_108,1.986,0.662,3_pares
PARV2_098,PARV2_204,PARV2_116,PARV2_098 → PARV2_204 → PARV2_116 → PARV2_098,1.986,0.662,3_pares
PARV2_163,PARV2_204,PARV2_194,PARV2_163 → PARV2_204 → PARV2_194 → PARV2_163,1.986,0.662,3_pares
PARV2_060,PARV2_187,PARV2_108,PARV2_060 → PARV2_187 → PARV2_108 → PARV2_060,1.986,0.662,3_pares
PARV2_121,PARV2_193,PARV2_159,PARV2_121 → PARV2_193 → PARV2_159 → PARV2_121,1.986,0.662,3_pares
PARV2_121,PARV2_239,PARV2_159,PARV2_121 → PARV2_239 → PARV2_159 → PARV2_121,1.986,0.662,3_pares
PARV2_014,PARV2_108,PARV2_070,PARV2_014 → PARV2_108 → PARV2_070 → PARV2_014,1.986,0.662,3_pares
PARV2_001,PARV2_111,PARV2_072,PARV2_001 → PARV2_111 → PARV2_072 → PARV2_001,1.986,0.662,3_pares
PARV2_006,PARV2_116,PARV2_200,PARV2_006 → PARV2_116 → PARV2_200 → PARV2_006,1.985,0.662,3_pares
PARV2_051,PARV2_138,PARV2_171,PARV2_051 → PARV2_138 → PARV2_171 → PARV2_051,1.985,0.662,3_pares
PARV2_108,PARV2_127,PARV2_146,PARV2_108 → PARV2_127 → PARV2_146 → PARV2_108,1.985,0.662,3_pares
PARV2_138,PARV2_159,PARV2_203,PARV2_138 → PARV2_159 → PARV2_203 → PARV2_138,1.985,0.662,3_pares
PARV2_127,PARV2_182,PARV2_171,PARV2_127 → PARV2_182 → PARV2_171 → PARV2_127,1.985,0.662,3_pares
PARV2_006,PARV2_200,PARV2_022,PARV2_006 → PARV2_200 → PARV2_022 → PARV2_006,1.985,0.662,3_pares
PARV2_022,PARV2_074,PARV2_032,PARV2_022 → PARV2_074 → PARV2_032 → PARV2_022,1.985,0.662,3_pares
PARV2_054,PARV2_159,PARV2_125,PARV2_054 → PARV2_159 → PARV2_125 → PARV2_054,1.985,0.662,3_pares
PARV2_068,PARV2_135,PARV2_138,PARV2_068 → PARV2_135 → PARV2_138 → PARV2_068,1.985,0.662,3_pares
PARV2_071,PARV2_074,PARV2_204,PARV2_071 → PARV2_074 → PARV2_204 → PARV2_071,1.985,0.662,3_pares
PARV2_006,PARV2_209,PARV2_146,PARV2_006 → PARV2_209 → PARV2_146 → PARV2_006,1.985,0.662,3_pares
PARV2_013,PARV2_239,PARV2_108,PARV2_013 → PARV2_239 → PARV2_108 → PARV2_013,1.985,0.662,3_pares
PARV2_072,PARV2_166,PARV2_235,PARV2_072 → PARV2_166 → PARV2_235 → PARV2_072,1.985,0.662,3_pares
PARV2_065,PARV2_198,PARV2_239,PARV2_065 → PARV2_198 → PARV2_239 → PARV2_065,1.985,0.662,3_pares
PARV2_121,PARV2_159,PARV2_154,PARV2_121 → PARV2_159 → PARV2_154 → PARV2_121,1.985,0.662,3_pares
PARV2_070,PARV2_204,PARV2_216,PARV2_070 → PARV2_204 → PARV2_216 → PARV2_070,1.985,0.662,3_pares
PARV2_142,PARV2_159,PARV2_235,PARV2_142 → PARV2_159 → PARV2_235 → PARV2_142,1.985,0.662,3_pares
PARV2_006,PARV2_108,PARV2_069,PARV2_006 → PARV2_108 → PARV2_069 → PARV2_006,1.985,0.662,3_pares
PARV2_065,PARV2_202,PARV2_198,PARV2_065 → PARV2_202 → PARV2_198 → PARV2_065,1.984,0.661,3_pares
PARV2_098,PARV2_159,PARV2_154,PARV2_098 → PARV2_159 → PARV2_154 → PARV2_098,1.984,0.661,3_pares
PARV2_014,PARV2_138,PARV2_105,PARV2_014 → PARV2_138 → PARV2_105 → PARV2_014,1.984,0.661,3_pares
PARV2_121,PARV2_200,PARV2_204,PARV2_121 → PARV2_200 → PARV2_204 → PARV2_121,1.984,0.661,3_pares
PARV2_014,PARV2_138,PARV2_035,PARV2_014 → PARV2_138 → PARV2_035 → PARV2_014,1.984,0.661,3_pares
PARV2_057,PARV2_219,PARV2_074,PARV2_057 → PARV2_219 → PARV2_074 → PARV2_057,1.984,0.661,3_pares
PARV2_138,PARV2_139,PARV2_203,PARV2_138 → PARV2_139 → PARV2_203 → PARV2_138,1.984,0.661,3_pares
PARV2_159,PARV2_171,PARV2_218,PARV2_159 → PARV2_171 → PARV2_218 → PARV2_159,1.984,0.661,3_pares
PARV2_054,PARV2_113,PARV2_065,PARV2_054 → PARV2_113 → PARV2_065 → PARV2_054,1.984,0.661,3_pares
PARV2_028,PARV2_200,PARV2_204,PARV2_028 → PARV2_200 → PARV2_204 → PARV2_028,1.984,0.661,3_pares
PARV2_072,PARV2_204,PARV2_202,PARV2_072 → PARV2_204 → PARV2_202 → PARV2_072,1.984,0.661,3_pares
PARV2_159,PARV2_246,PARV2_171,PARV2_159 → PARV2_246 → PARV2_171 → PARV2_159,1.984,0.661,3_pares
PARV2_163,PARV2_204,PARV2_239,PARV2_163 → PARV2_204 → PARV2_239 → PARV2_163,1.984,0.661,3_pares
PARV2_102,PARV2_204,PARV2_108,PARV2_102 → PARV2_204 → PARV2_108 → PARV2_102,1.984,0.661,3_pares
PARV2_049,PARV2_239,PARV2_202,PARV2_049 → PARV2_239 → PARV2_202 → PARV2_049,1.984,0.661,3_pares
PARV2_006,PARV2_107,PARV2_203,PARV2_006 → PARV2_107 → PARV2_203 → PARV2_006,1.984,0.661,3_pares
PARV2_074,PARV2_239,PARV2_163,PARV2_074 → PARV2_239 → PARV2_163 → PARV2_074,1.984,0.661,3_pares
PARV2_108,PARV2_139,PARV2_159,PARV2_108 → PARV2_139 → PARV2_159 → PARV2_108,1.983,0.661,3_pares
PARV2_065,PARV2_193,PARV2_146,PARV2_065 → PARV2_193 → PARV2_146 → PARV2_065,1.983,0.661,3_pares
PARV2_108,PARV2_240,PARV2_198,PARV2_108 → PARV2_240 → PARV2_198 → PARV2_108,1.983,0.661,3_pares
PARV2_013,PARV2_074,PARV2_238,PARV2_013 → PARV2_074 → PARV2_238 → PARV2_013,1.983,0.661,3_pares
PARV2_127,PARV2_200,PARV2_171,PARV2_127 → PARV2_200 → PARV2_171 → PARV2_127,1.983,0.661,3_pares
PARV2_074,PARV2_174,PARV2_087,PARV2_074 → PARV2_174 → PARV2_087 → PARV2_074,1.983,0.661,3_pares
PARV2_127,PARV2_202,PARV2_148,PARV2_127 → PARV2_202 → PARV2_148 → PARV2_127,1.983,0.661,3_pares
PARV2_006,PARV2_021,PARV2_218,PARV2_006 → PARV2_021 → PARV2_218 → PARV2_006,1.983,0.661,3_pares
PARV2_159,PARV2_200,PARV2_177,PARV2_159 → PARV2_200 → PARV2_177 → PARV2_159,1.983,0.661,3_pares
PARV2_074,PARV2_235,PARV2_200,PARV2_074 → PARV2_235 → PARV2_200 → PARV2_074,1.983,0.661,3_pares
PARV2_032,PARV2_194,PARV2_159,PARV2_032 → PARV2_194 → PARV2_159 → PARV2_032,1.983,0.661,3_pares
PARV2_013,PARV2_159,PARV2_237,PARV2_013 → PARV2_159 → PARV2_237 → PARV2_013,1.982,0.661,3_pares
PARV2_006,PARV2_184,PARV2_239,PARV2_006 → PARV2_184 → PARV2_239 → PARV2_006,1.982,0.661,3_pares
PARV2_074,PARV2_198,PARV2_239,PARV2_074 → PARV2_198 → PARV2_239 → PARV2_074,1.982,0.661,3_pares
PARV2_127,PARV2_159,PARV2_200,PARV2_127 → PARV2_159 → PARV2_200 → PARV2_127,1.982,0.661,3_pares
PARV2_187,PARV2_239,PARV2_235,PARV2_187 → PARV2_239 → PARV2_235 → PARV2_187,1.982,0.661,3_pares
PARV2_166,PARV2_193,PARV2_216,PARV2_166 → PARV2_193 → PARV2_216 → PARV2_166,1.982,0.661,3_pares
PARV2_032,PARV2_177,PARV2_202,PARV2_032 → PARV2_177 → PARV2_202 → PARV2_032,1.982,0.661,3_pares
PARV2_063,PARV2_148,PARV2_166,PARV2_063 → PARV2_148 → PARV2_166 → PARV2_063,1.982,0.661,3_pares
PARV2_013,PARV2_203,PARV2_138,PARV2_013 → PARV2_203 → PARV2_138 → PARV2_013,1.982,0.661,3_pares
PARV2_111,PARV2_244,PARV2_182,PARV2_111 → PARV2_244 → PARV2_182 → PARV2_111,1.982,0.661,3_pares
PARV2_111,PARV2_204,PARV2_237,PARV2_111 → PARV2_204 → PARV2_237 → PARV2_111,1.982,0.661,3_pares
PARV2_121,PARV2_171,PARV2_159,PARV2_121 → PARV2_171 → PARV2_159 → PARV2_121,1.982,0.661,3_pares
PARV2_049,PARV2_193,PARV2_098,PARV2_049 → PARV2_193 → PARV2_098 → PARV2_049,1.982,0.661,3_pares
PARV2_006,PARV2_013,PARV2_174,PARV2_006 → PARV2_013 → PARV2_174 → PARV2_006,1.982,0.661,3_pares
PARV2_074,PARV2_159,PARV2_142,PARV2_074 → PARV2_159 → PARV2_142 → PARV2_074,1.982,0.661,3_pares
PARV2_014,PARV2_108,PARV2_035,PARV2_014 → PARV2_108 → PARV2_035 → PARV2_014,1.982,0.661,3_pares
PARV2_006,PARV2_108,PARV2_022,PARV2_006 → PARV2_108 → PARV2_022 → PARV2_006,1.982,0.661,3_pares
PARV2_035,PARV2_127,PARV2_202,PARV2_035 → PARV2_127 → PARV2_202 → PARV2_035,1.981,0.66,3_pares
PARV2_098,PARV2_204,PARV2_216,PARV2_098 → PARV2_204 → PARV2_216 → PARV2_098,1.981,0.66,3_pares
PARV2_177,PARV2_193,PARV2_200,PARV2_177 → PARV2_193 → PARV2_200 → PARV2_177,1.981,0.66,3_pares
PARV2_072,PARV2_219,PARV2_074,PARV2_072 → PARV2_219 → PARV2_074 → PARV2_072,1.981,0.66,3_pares
PARV2_193,PARV2_200,PARV2_244,PARV2_193 → PARV2_200 → PARV2_244 → PARV2_193,1.981,0.66,3_pares
PARV2_006,PARV2_069,PARV2_239,PARV2_006 → PARV2_069 → PARV2_239 → PARV2_006,1.981,0.66,3_pares
PARV2_006,PARV2_108,PARV2_135,PARV2_006 → PARV2_108 → PARV2_135 → PARV2_006,1.981,0.66,3_pares
PARV2_134,PARV2_142,PARV2_166,PARV2_134 → PARV2_142 → PARV2_166 → PARV2_134,1.981,0.66,3_pares
PARV2_074,PARV2_122,PARV2_182,PARV2_074 → PARV2_122 → PARV2_182 → PARV2_074,1.981,0.66,3_pares
PARV2_032,PARV2_133,PARV2_174,PARV2_032 → PARV2_133 → PARV2_174 → PARV2_032,1.981,0.66,3_pares
PARV2_006,PARV2_246,PARV2_198,PARV2_006 → PARV2_246 → PARV2_198 → PARV2_006,1.981,0.66,3_pares
PARV2_108,PARV2_142,PARV2_159,PARV2_108 → PARV2_142 → PARV2_159 → PARV2_108,1.98,0.66,3_pares
PARV2_057,PARV2_182,PARV2_074,PARV2_057 → PARV2_182 → PARV2_074 → PARV2_057,1.98,0.66,3_pares
PARV2_049,PARV2_193,PARV2_216,PARV2_049 → PARV2_193 → PARV2_216 → PARV2_049,1.98,0.66,3_pares
PARV2_110,PARV2_171,PARV2_127,PARV2_110 → PARV2_171 → PARV2_127 → PARV2_110,1.98,0.66,3_pares
PARV2_068,PARV2_102,PARV2_166,PARV2_068 → PARV2_102 → PARV2_166 → PARV2_068,1.98,0.66,3_pares
PARV2_028,PARV2_142,PARV2_204,PARV2_028 → PARV2_142 → PARV2_204 → PARV2_028,1.98,0.66,3_pares
PARV2_021,PARV2_182,PARV2_111,PARV2_021 → PARV2_182 → PARV2_111 → PARV2_021,1.98,0.66,3_pares
PARV2_074,PARV2_137,PARV2_108,PARV2_074 → PARV2_137 → PARV2_108 → PARV2_074,1.98,0.66,3_pares
PARV2_006,PARV2_107,PARV2_243,PARV2_006 → PARV2_107 → PARV2_243 → PARV2_006,1.98,0.66,3_pares
PARV2_133,PARV2_179,PARV2_200,PARV2_133 → PARV2_179 → PARV2_200 → PARV2_133,1.98,0.66,3_pares
PARV2_014,PARV2_108,PARV2_159,PARV2_014 → PARV2_108 → PARV2_159 → PARV2_014,1.98,0.66,3_pares
PARV2_174,PARV2_204,PARV2_194,PARV2_174 → PARV2_204 → PARV2_194 → PARV2_174,1.98,0.66,3_pares
PARV2_006,PARV2_122,PARV2_166,PARV2_006 → PARV2_122 → PARV2_166 → PARV2_006,1.98,0.66,3_pares
PARV2_134,PARV2_204,PARV2_141,PARV2_134 → PARV2_204 → PARV2_141 → PARV2_134,1.98,0.66,3_pares
PARV2_006,PARV2_035,PARV2_239,PARV2_006 → PARV2_035 → PARV2_239 → PARV2_006,1.98,0.66,3_pares
PARV2_159,PARV2_210,PARV2_200,PARV2_159 → PARV2_210 → PARV2_200 → PARV2_159,1.98,0.66,3_pares
PARV2_032,PARV2_142,PARV2_166,PARV2_032 → PARV2_142 → PARV2_166 → PARV2_032,1.979,0.66,3_pares
PARV2_142,PARV2_159,PARV2_148,PARV2_142 → PARV2_159 → PARV2_148 → PARV2_142,1.979,0.66,3_pares
PARV2_006,PARV2_235,PARV2_146,PARV2_006 → PARV2_235 → PARV2_146 → PARV2_006,1.979,0.66,3_pares
PARV2_079,PARV2_239,PARV2_221,PARV2_079 → PARV2_239 → PARV2_221 → PARV2_079,1.979,0.66,3_pares
PARV2_098,PARV2_204,PARV2_243,PARV2_098 → PARV2_204 → PARV2_243 → PARV2_098,1.979,0.66,3_pares
PARV2_171,PARV2_218,PARV2_240,PARV2_171 → PARV2_218 → PARV2_240 → PARV2_171,1.979,0.66,3_pares
PARV2_108,PARV2_177,PARV2_238,PARV2_108 → PARV2_177 → PARV2_238 → PARV2_108,1.979,0.66,3_pares
PARV2_194,PARV2_204,PARV2_235,PARV2_194 → PARV2_204 → PARV2_235 → PARV2_194,1.979,0.66,3_pares
PARV2_194,PARV2_204,PARV2_202,PARV2_194 → PARV2_204 → PARV2_202 → PARV2_194,1.979,0.66,3_pares
PARV2_108,PARV2_127,PARV2_198,PARV2_108 → PARV2_127 → PARV2_198 → PARV2_108,1.979,0.66,3_pares
PARV2_070,PARV2_074,PARV2_072,PARV2_070 → PARV2_074 → PARV2_072 → PARV2_070,1.979,0.66,3_pares
PARV2_060,PARV2_192,PARV2_108,PARV2_060 → PARV2_192 → PARV2_108 → PARV2_060,1.979,0.66,3_pares
PARV2_179,PARV2_193,PARV2_216,PARV2_179 → PARV2_193 → PARV2_216 → PARV2_179,1.979,0.66,3_pares
PARV2_032,PARV2_203,PARV2_138,PARV2_032 → PARV2_203 → PARV2_138 → PARV2_032,1.979,0.66,3_pares
PARV2_032,PARV2_172,PARV2_204,PARV2_032 → PARV2_172 → PARV2_204 → PARV2_032,1.979,0.66,3_pares
PARV2_056,PARV2_069,PARV2_074,PARV2_056 → PARV2_069 → PARV2_074 → PARV2_056,1.978,0.659,3_pares
PARV2_006,PARV2_164,PARV2_146,PARV2_006 → PARV2_164 → PARV2_146 → PARV2_006,1.978,0.659,3_pares
PARV2_006,PARV2_134,PARV2_198,PARV2_006 → PARV2_134 → PARV2_198 → PARV2_006,1.978,0.659,3_pares
PARV2_069,PARV2_239,PARV2_202,PARV2_069 → PARV2_239 → PARV2_202 → PARV2_069,1.978,0.659,3_pares
PARV2_108,PARV2_123,PARV2_198,PARV2_108 → PARV2_123 → PARV2_198 → PARV2_108,1.978,0.659,3_pares
PARV2_202,PARV2_221,PARV2_204,PARV2_202 → PARV2_221 → PARV2_204 → PARV2_202,1.978,0.659,3_pares
PARV2_098,PARV2_204,PARV2_239,PARV2_098 → PARV2_204 → PARV2_239 → PARV2_098,1.978,0.659,3_pares
PARV2_108,PARV2_239,PARV2_188,PARV2_108 → PARV2_239 → PARV2_188 → PARV2_108,1.978,0.659,3_pares
PARV2_032,PARV2_210,PARV2_204,PARV2_032 → PARV2_210 → PARV2_204 → PARV2_032,1.978,0.659,3_pares
PARV2_006,PARV2_181,PARV2_069,PARV2_006 → PARV2_181 → PARV2_069 → PARV2_006,1.978,0.659,3_pares
PARV2_108,PARV2_239,PARV2_243,PARV2_108 → PARV2_239 → PARV2_243 → PARV2_108,1.978,0.659,3_pares
PARV2_032,PARV2_090,PARV2_202,PARV2_032 → PARV2_090 → PARV2_202 → PARV2_032,1.978,0.659,3_pares
PARV2_134,PARV2_159,PARV2_154,PARV2_134 → PARV2_159 → PARV2_154 → PARV2_134,1.978,0.659,3_pares
PARV2_108,PARV2_177,PARV2_239,PARV2_108 → PARV2_177 → PARV2_239 → PARV2_108,1.978,0.659,3_pares
PARV2_006,PARV2_133,PARV2_174,PARV2_006 → PARV2_133 → PARV2_174 → PARV2_006,1.978,0.659,3_pares
PARV2_065,PARV2_127,PARV2_146,PARV2_065 → PARV2_127 → PARV2_146 → PARV2_065,1.978,0.659,3_pares
PARV2_006,PARV2_177,PARV2_014,PARV2_006 → PARV2_177 → PARV2_014 → PARV2_006,1.978,0.659,3_pares
PARV2_074,PARV2_202,PARV2_219,PARV2_074 → PARV2_202 → PARV2_219 → PARV2_074,1.978,0.659,3_pares
PARV2_110,PARV2_239,PARV2_193,PARV2_110 → PARV2_239 → PARV2_193 → PARV2_110,1.978,0.659,3_pares
PARV2_142,PARV2_159,PARV2_204,PARV2_142 → PARV2_159 → PARV2_204 → PARV2_142,1.977,0.659,3_pares
PARV2_133,PARV2_171,PARV2_218,PARV2_133 → PARV2_171 → PARV2_218 → PARV2_133,1.977,0.659,3_pares
PARV2_164,PARV2_193,PARV2_204,PARV2_164 → PARV2_193 → PARV2_204 → PARV2_164,1.977,0.659,3_pares
PARV2_006,PARV2_171,PARV2_051,PARV2_006 → PARV2_171 → PARV2_051 → PARV2_006,1.977,0.659,3_pares
PARV2_006,PARV2_246,PARV2_204,PARV2_006 → PARV2_246 → PARV2_204 → PARV2_006,1.977,0.659,3_pares
PARV2_108,PARV2_239,PARV2_174,PARV2_108 → PARV2_239 → PARV2_174 → PARV2_108,1.977,0.659,3_pares
PARV2_065,PARV2_239,PARV2_159,PARV2_065 → PARV2_239 → PARV2_159 → PARV2_065,1.977,0.659,3_pares
PARV2_065,PARV2_239,PARV2_135,PARV2_065 → PARV2_239 → PARV2_135 → PARV2_065,1.977,0.659,3_pares
PARV2_105,PARV2_200,PARV2_108,PARV2_105 → PARV2_200 → PARV2_108 → PARV2_105,1.977,0.659,3_pares
PARV2_166,PARV2_239,PARV2_244,PARV2_166 → PARV2_239 → PARV2_244 → PARV2_166,1.977,0.659,3_pares
PARV2_057,PARV2_187,PARV2_074,PARV2_057 → PARV2_187 → PARV2_074 → PARV2_057,1.977,0.659,3_pares
PARV2_006,PARV2_107,PARV2_146,PARV2_006 → PARV2_107 → PARV2_146 → PARV2_006,1.977,0.659,3_pares
PARV2_060,PARV2_198,PARV2_108,PARV2_060 → PARV2_198 → PARV2_108 → PARV2_060,1.976,0.659,3_pares
PARV2_032,PARV2_127,PARV2_200,PARV2_032 → PARV2_127 → PARV2_200 → PARV2_032,1.976,0.659,3_pares
PARV2_138,PARV2_221,PARV2_146,PARV2_138 → PARV2_221 → PARV2_146 → PARV2_138,1.976,0.659,3_pares
PARV2_146,PARV2_172,PARV2_166,PARV2_146 → PARV2_172 → PARV2_166 → PARV2_146,1.976,0.659,3_pares
PARV2_074,PARV2_164,PARV2_163,PARV2_074 → PARV2_164 → PARV2_163 → PARV2_074,1.976,0.659,3_pares
PARV2_049,PARV2_193,PARV2_218,PARV2_049 → PARV2_193 → PARV2_218 → PARV2_049,1.976,0.659,3_pares
PARV2_049,PARV2_239,PARV2_164,PARV2_049 → PARV2_239 → PARV2_164 → PARV2_049,1.976,0.659,3_pares
PARV2_108,PARV2_129,PARV2_243,PARV2_108 → PARV2_129 → PARV2_243 → PARV2_108,1.976,0.659,3_pares
PARV2_013,PARV2_014,PARV2_108,PARV2_013 → PARV2_014 → PARV2_108 → PARV2_013,1.976,0.659,3_pares
PARV2_006,PARV2_221,PARV2_074,PARV2_006 → PARV2_221 → PARV2_074 → PARV2_006,1.976,0.659,3_pares
PARV2_068,PARV2_244,PARV2_166,PARV2_068 → PARV2_244 → PARV2_166 → PARV2_068,1.976,0.659,3_pares
PARV2_074,PARV2_207,PARV2_163,PARV2_074 → PARV2_207 → PARV2_163 → PARV2_074,1.976,0.659,3_pares
PARV2_108,PARV2_194,PARV2_146,PARV2_108 → PARV2_194 → PARV2_146 → PARV2_108,1.976,0.659,3_pares
PARV2_108,PARV2_212,PARV2_239,PARV2_108 → PARV2_212 → PARV2_239 → PARV2_108,1.976,0.659,3_pares
PARV2_006,PARV2_142,PARV2_146,PARV2_006 → PARV2_142 → PARV2_146 → PARV2_006,1.976,0.659,3_pares
PARV2_006,PARV2_177,PARV2_146,PARV2_006 → PARV2_177 → PARV2_146 → PARV2_006,1.975,0.658,3_pares
PARV2_123,PARV2_159,PARV2_200,PARV2_123 → PARV2_159 → PARV2_200 → PARV2_123,1.975,0.658,3_pares
PARV2_032,PARV2_142,PARV2_074,PARV2_032 → PARV2_142 → PARV2_074 → PARV2_032,1.975,0.658,3_pares
PARV2_121,PARV2_239,PARV2_235,PARV2_121 → PARV2_239 → PARV2_235 → PARV2_121,1.975,0.658,3_pares
PARV2_108,PARV2_184,PARV2_239,PARV2_108 → PARV2_184 → PARV2_239 → PARV2_108,1.975,0.658,3_pares
PARV2_006,PARV2_209,PARV2_200,PARV2_006 → PARV2_209 → PARV2_200 → PARV2_006,1.975,0.658,3_pares
PARV2_072,PARV2_108,PARV2_074,PARV2_072 → PARV2_108 → PARV2_074 → PARV2_072,1.975,0.658,3_pares
PARV2_074,PARV2_171,PARV2_218,PARV2_074 → PARV2_171 → PARV2_218 → PARV2_074,1.975,0.658,3_pares
PARV2_108,PARV2_159,PARV2_200,PARV2_108 → PARV2_159 → PARV2_200 → PARV2_108,1.975,0.658,3_pares
PARV2_107,PARV2_202,PARV2_200,PARV2_107 → PARV2_202 → PARV2_200 → PARV2_107,1.975,0.658,3_pares
PARV2_193,PARV2_218,PARV2_240,PARV2_193 → PARV2_218 → PARV2_240 → PARV2_193,1.975,0.658,3_pares
PARV2_163,PARV2_204,PARV2_219,PARV2_163 → PARV2_204 → PARV2_219 → PARV2_163,1.975,0.658,3_pares
PARV2_074,PARV2_159,PARV2_141,PARV2_074 → PARV2_159 → PARV2_141 → PARV2_074,1.975,0.658,3_pares
PARV2_102,PARV2_198,PARV2_239,PARV2_102 → PARV2_198 → PARV2_239 → PARV2_102,1.975,0.658,3_pares
PARV2_063,PARV2_172,PARV2_166,PARV2_063 → PARV2_172 → PARV2_166 → PARV2_063,1.974,0.658,3_pares
PARV2_179,PARV2_200,PARV2_207,PARV2_179 → PARV2_200 → PARV2_207 → PARV2_179,1.974,0.658,3_pares
PARV2_121,PARV2_171,PARV2_204,PARV2_121 → PARV2_171 → PARV2_204 → PARV2_121,1.974,0.658,3_pares
PARV2_127,PARV2_142,PARV2_193,PARV2_127 → PARV2_142 → PARV2_193 → PARV2_127,1.974,0.658,3_pares
PARV2_056,PARV2_142,PARV2_074,PARV2_056 → PARV2_142 → PARV2_074 → PARV2_056,1.974,0.658,3_pares
PARV2_004,PARV2_074,PARV2_198,PARV2_004 → PARV2_074 → PARV2_198 → PARV2_004,1.974,0.658,3_pares
PARV2_098,PARV2_134,PARV2_204,PARV2_098 → PARV2_134 → PARV2_204 → PARV2_098,1.974,0.658,3_pares
PARV2_111,PARV2_204,PARV2_182,PARV2_111 → PARV2_204 → PARV2_182 → PARV2_111,1.974,0.658,3_pares
PARV2_174,PARV2_184,PARV2_239,PARV2_174 → PARV2_184 → PARV2_239 → PARV2_174,1.974,0.658,3_pares
PARV2_006,PARV2_021,PARV2_074,PARV2_006 → PARV2_021 → PARV2_074 → PARV2_006,1.974,0.658,3_pares
PARV2_074,PARV2_133,PARV2_142,PARV2_074 → PARV2_133 → PARV2_142 → PARV2_074,1.974,0.658,3_pares
PARV2_070,PARV2_171,PARV2_218,PARV2_070 → PARV2_171 → PARV2_218 → PARV2_070,1.974,0.658,3_pares
PARV2_182,PARV2_239,PARV2_244,PARV2_182 → PARV2_239 → PARV2_244 → PARV2_182,1.974,0.658,3_pares
PARV2_006,PARV2_159,PARV2_203,PARV2_006 → PARV2_159 → PARV2_203 → PARV2_006,1.974,0.658,3_pares
PARV2_098,PARV2_200,PARV2_187,PARV2_098 → PARV2_200 → PARV2_187 → PARV2_098,1.974,0.658,3_pares
PARV2_098,PARV2_159,PARV2_105,PARV2_098 → PARV2_159 → PARV2_105 → PARV2_098,1.973,0.658,3_pares
PARV2_032,PARV2_171,PARV2_159,PARV2_032 → PARV2_171 → PARV2_159 → PARV2_032,1.973,0.658,3_pares
PARV2_006,PARV2_021,PARV2_051,PARV2_006 → PARV2_021 → PARV2_051 → PARV2_006,1.973,0.658,3_pares
PARV2_013,PARV2_171,PARV2_238,PARV2_013 → PARV2_171 → PARV2_238 → PARV2_013,1.973,0.658,3_pares
PARV2_049,PARV2_203,PARV2_171,PARV2_049 → PARV2_203 → PARV2_171 → PARV2_049,1.973,0.658,3_pares
PARV2_108,PARV2_116,PARV2_200,PARV2_108 → PARV2_116 → PARV2_200 → PARV2_108,1.973,0.658,3_pares
PARV2_049,PARV2_238,PARV2_172,PARV2_049 → PARV2_238 → PARV2_172 → PARV2_049,1.973,0.658,3_pares
PARV2_070,PARV2_074,PARV2_235,PARV2_070 → PARV2_074 → PARV2_235 → PARV2_070,1.973,0.658,3_pares
PARV2_070,PARV2_074,PARV2_174,PARV2_070 → PARV2_074 → PARV2_174 → PARV2_070,1.973,0.658,3_pares
PARV2_074,PARV2_159,PARV2_127,PARV2_074 → PARV2_159 → PARV2_127 → PARV2_074,1.973,0.658,3_pares
PARV2_198,PARV2_239,PARV2_235,PARV2_198 → PARV2_239 → PARV2_235 → PARV2_198,1.973,0.658,3_pares
PARV2_159,PARV2_246,PARV2_193,PARV2_159 → PARV2_246 → PARV2_193 → PARV2_159,1.973,0.658,3_pares
PARV2_164,PARV2_179,PARV2_166,PARV2_164 → PARV2_179 → PARV2_166 → PARV2_164,1.973,0.658,3_pares
PARV2_107,PARV2_202,PARV2_166,PARV2_107 → PARV2_202 → PARV2_166 → PARV2_107,1.973,0.658,3_pares
PARV2_116,PARV2_171,PARV2_159,PARV2_116 → PARV2_171 → PARV2_159 → PARV2_116,1.973,0.658,3_pares
PARV2_006,PARV2_181,PARV2_239,PARV2_006 → PARV2_181 → PARV2_239 → PARV2_006,1.973,0.658,3_pares
PARV2_074,PARV2_164,PARV2_142,PARV2_074 → PARV2_164 → PARV2_142 → PARV2_074,1.973,0.658,3_pares
PARV2_074,PARV2_164,PARV2_198,PARV2_074 → PARV2_164 → PARV2_198 → PARV2_074,1.973,0.658,3_pares
PARV2_143,PARV2_171,PARV2_204,PARV2_143 → PARV2_171 → PARV2_204 → PARV2_143,1.973,0.658,3_pares
PARV2_074,PARV2_207,PARV2_142,PARV2_074 → PARV2_207 → PARV2_142 → PARV2_074,1.973,0.658,3_pares
PARV2_108,PARV2_200,PARV2_192,PARV2_108 → PARV2_200 → PARV2_192 → PARV2_108,1.973,0.658,3_pares
PARV2_134,PARV2_204,PARV2_235,PARV2_134 → PARV2_204 → PARV2_235 → PARV2_134,1.973,0.658,3_pares
PARV2_098,PARV2_159,PARV2_136,PARV2_098 → PARV2_159 → PARV2_136 → PARV2_098,1.973,0.658,3_pares
PARV2_006,PARV2_246,PARV2_159,PARV2_006 → PARV2_246 → PARV2_159 → PARV2_006,1.973,0.658,3_pares
PARV2_006,PARV2_193,PARV2_079,PARV2_006 → PARV2_193 → PARV2_079 → PARV2_006,1.973,0.658,3_pares
PARV2_063,PARV2_235,PARV2_204,PARV2_063 → PARV2_235 → PARV2_204 → PARV2_063,1.973,0.658,3_pares
PARV2_177,PARV2_193,PARV2_202,PARV2_177 → PARV2_193 → PARV2_202 → PARV2_177,1.973,0.658,3_pares
PARV2_087,PARV2_239,PARV2_108,PARV2_087 → PARV2_239 → PARV2_108 → PARV2_087,1.973,0.658,3_pares
PARV2_108,PARV2_239,PARV2_238,PARV2_108 → PARV2_239 → PARV2_238 → PARV2_108,1.973,0.658,3_pares
PARV2_111,PARV2_194,PARV2_182,PARV2_111 → PARV2_194 → PARV2_182 → PARV2_111,1.973,0.658,3_pares
PARV2_133,PARV2_174,PARV2_200,PARV2_133 → PARV2_174 → PARV2_200 → PARV2_133,1.972,0.657,3_pares
PARV2_013,PARV2_159,PARV2_238,PARV2_013 → PARV2_159 → PARV2_238 → PARV2_013,1.972,0.657,3_pares
PARV2_032,PARV2_204,PARV2_216,PARV2_032 → PARV2_204 → PARV2_216 → PARV2_032,1.972,0.657,3_pares
PARV2_049,PARV2_174,PARV2_159,PARV2_049 → PARV2_174 → PARV2_159 → PARV2_049,1.972,0.657,3_pares
PARV2_074,PARV2_159,PARV2_200,PARV2_074 → PARV2_159 → PARV2_200 → PARV2_074,1.972,0.657,3_pares
PARV2_193,PARV2_200,PARV2_194,PARV2_193 → PARV2_200 → PARV2_194 → PARV2_193,1.972,0.657,3_pares
PARV2_074,PARV2_193,PARV2_239,PARV2_074 → PARV2_193 → PARV2_239 → PARV2_074,1.972,0.657,3_pares
PARV2_065,PARV2_163,PARV2_159,PARV2_065 → PARV2_163 → PARV2_159 → PARV2_065,1.972,0.657,3_pares
PARV2_159,PARV2_200,PARV2_221,PARV2_159 → PARV2_200 → PARV2_221 → PARV2_159,1.972,0.657,3_pares
PARV2_006,PARV2_079,PARV2_239,PARV2_006 → PARV2_079 → PARV2_239 → PARV2_006,1.972,0.657,3_pares
PARV2_133,PARV2_174,PARV2_204,PARV2_133 → PARV2_174 → PARV2_204 → PARV2_133,1.972,0.657,3_pares
PARV2_159,PARV2_207,PARV2_171,PARV2_159 → PARV2_207 → PARV2_171 → PARV2_159,1.972,0.657,3_pares
PARV2_138,PARV2_210,PARV2_198,PARV2_138 → PARV2_210 → PARV2_198 → PARV2_138,1.972,0.657,3_pares
PARV2_006,PARV2_244,PARV2_200,PARV2_006 → PARV2_244 → PARV2_200 → PARV2_006,1.972,0.657,3_pares
PARV2_065,PARV2_179,PARV2_200,PARV2_065 → PARV2_179 → PARV2_200 → PARV2_065,1.972,0.657,3_pares
PARV2_006,PARV2_021,PARV2_146,PARV2_006 → PARV2_021 → PARV2_146 → PARV2_006,1.972,0.657,3_pares
PARV2_049,PARV2_174,PARV2_194,PARV2_049 → PARV2_174 → PARV2_194 → PARV2_049,1.971,0.657,3_pares
PARV2_068,PARV2_121,PARV2_166,PARV2_068 → PARV2_121 → PARV2_166 → PARV2_068,1.971,0.657,3_pares
PARV2_074,PARV2_202,PARV2_187,PARV2_074 → PARV2_202 → PARV2_187 → PARV2_074,1.971,0.657,3_pares
PARV2_074,PARV2_122,PARV2_239,PARV2_074 → PARV2_122 → PARV2_239 → PARV2_074,1.971,0.657,3_pares
PARV2_171,PARV2_193,PARV2_182,PARV2_171 → PARV2_193 → PARV2_182 → PARV2_171,1.971,0.657,3_pares
PARV2_022,PARV2_138,PARV2_032,PARV2_022 → PARV2_138 → PARV2_032 → PARV2_022,1.971,0.657,3_pares
PARV2_065,PARV2_239,PARV2_243,PARV2_065 → PARV2_239 → PARV2_243 → PARV2_065,1.971,0.657,3_pares
PARV2_098,PARV2_204,PARV2_209,PARV2_098 → PARV2_204 → PARV2_209 → PARV2_098,1.971,0.657,3_pares
PARV2_014,PARV2_108,PARV2_123,PARV2_014 → PARV2_108 → PARV2_123 → PARV2_014,1.971,0.657,3_pares
PARV2_108,PARV2_129,PARV2_238,PARV2_108 → PARV2_129 → PARV2_238 → PARV2_108,1.971,0.657,3_pares
PARV2_116,PARV2_193,PARV2_239,PARV2_116 → PARV2_193 → PARV2_239 → PARV2_116,1.971,0.657,3_pares
PARV2_032,PARV2_146,PARV2_138,PARV2_032 → PARV2_146 → PARV2_138 → PARV2_032,1.971,0.657,3_pares
PARV2_006,PARV2_122,PARV2_198,PARV2_006 → PARV2_122 → PARV2_198 → PARV2_006,1.971,0.657,3_pares
PARV2_006,PARV2_244,PARV2_079,PARV2_006 → PARV2_244 → PARV2_079 → PARV2_006,1.97,0.657,3_pares
PARV2_074,PARV2_159,PARV2_143,PARV2_074 → PARV2_159 → PARV2_143 → PARV2_074,1.97,0.657,3_pares
PARV2_125,PARV2_207,PARV2_166,PARV2_125 → PARV2_207 → PARV2_166 → PARV2_125,1.97,0.657,3_pares
PARV2_006,PARV2_138,PARV2_135,PARV2_006 → PARV2_138 → PARV2_135 → PARV2_006,1.97,0.657,3_pares
PARV2_028,PARV2_202,PARV2_166,PARV2_028 → PARV2_202 → PARV2_166 → PARV2_028,1.97,0.657,3_pares
PARV2_032,PARV2_179,PARV2_174,PARV2_032 → PARV2_179 → PARV2_174 → PARV2_032,1.97,0.657,3_pares
PARV2_017,PARV2_074,PARV2_179,PARV2_017 → PARV2_074 → PARV2_179 → PARV2_017,1.97,0.657,3_pares
PARV2_006,PARV2_194,PARV2_069,PARV2_006 → PARV2_194 → PARV2_069 → PARV2_006,1.97,0.657,3_pares
PARV2_079,PARV2_171,PARV2_159,PARV2_079 → PARV2_171 → PARV2_159 → PARV2_079,1.97,0.657,3_pares
PARV2_133,PARV2_146,PARV2_138,PARV2_133 → PARV2_146 → PARV2_138 → PARV2_133,1.97,0.657,3_pares
PARV2_065,PARV2_202,PARV2_072,PARV2_065 → PARV2_202 → PARV2_072 → PARV2_065,1.97,0.657,3_pares
PARV2_098,PARV2_159,PARV2_221,PARV2_098 → PARV2_159 → PARV2_221 → PARV2_098,1.97,0.657,3_pares
PARV2_014,PARV2_098,PARV2_171,PARV2_014 → PARV2_098 → PARV2_171 → PARV2_014,1.97,0.657,3_pares
PARV2_006,PARV2_116,PARV2_203,PARV2_006 → PARV2_116 → PARV2_203 → PARV2_006,1.97,0.657,3_pares
PARV2_070,PARV2_204,PARV2_235,PARV2_070 → PARV2_204 → PARV2_235 → PARV2_070,1.969,0.656,3_pares
PARV2_170,PARV2_239,PARV2_204,PARV2_170 → PARV2_239 → PARV2_204 → PARV2_170,1.969,0.656,3_pares
PARV2_001,PARV2_171,PARV2_218,PARV2_001 → PARV2_171 → PARV2_218 → PARV2_001,1.969,0.656,3_pares
PARV2_121,PARV2_174,PARV2_138,PARV2_121 → PARV2_174 → PARV2_138 → PARV2_121,1.969,0.656,3_pares
PARV2_159,PARV2_210,PARV2_239,PARV2_159 → PARV2_210 → PARV2_239 → PARV2_159,1.969,0.656,3_pares
PARV2_108,PARV2_177,PARV2_202,PARV2_108 → PARV2_177 → PARV2_202 → PARV2_108,1.969,0.656,3_pares
PARV2_014,PARV2_138,PARV2_159,PARV2_014 → PARV2_138 → PARV2_159 → PARV2_014,1.969,0.656,3_pares
PARV2_174,PARV2_207,PARV2_179,PARV2_174 → PARV2_207 → PARV2_179 → PARV2_174,1.969,0.656,3_pares
PARV2_069,PARV2_074,PARV2_246,PARV2_069 → PARV2_074 → PARV2_246 → PARV2_069,1.969,0.656,3_pares
PARV2_074,PARV2_133,PARV2_134,PARV2_074 → PARV2_133 → PARV2_134 → PARV2_074,1.969,0.656,3_pares
PARV2_022,PARV2_065,PARV2_202,PARV2_022 → PARV2_065 → PARV2_202 → PARV2_022,1.969,0.656,3_pares
PARV2_006,PARV2_065,PARV2_017,PARV2_006 → PARV2_065 → PARV2_017 → PARV2_006,1.969,0.656,3_pares
PARV2_074,PARV2_122,PARV2_198,PARV2_074 → PARV2_122 → PARV2_198 → PARV2_074,1.969,0.656,3_pares
PARV2_108,PARV2_133,PARV2_146,PARV2_108 → PARV2_133 → PARV2_146 → PARV2_108,1.969,0.656,3_pares
PARV2_014,PARV2_138,PARV2_194,PARV2_014 → PARV2_138 → PARV2_194 → PARV2_014,1.969,0.656,3_pares
PARV2_014,PARV2_239,PARV2_032,PARV2_014 → PARV2_239 → PARV2_032 → PARV2_014,1.969,0.656,3_pares
PARV2_105,PARV2_142,PARV2_159,PARV2_105 → PARV2_142 → PARV2_159 → PARV2_105,1.969,0.656,3_pares
PARV2_116,PARV2_171,PARV2_204,PARV2_116 → PARV2_171 → PARV2_204 → PARV2_116,1.969,0.656,3_pares
PARV2_134,PARV2_204,PARV2_164,PARV2_134 → PARV2_204 → PARV2_164 → PARV2_134,1.968,0.656,3_pares
PARV2_021,PARV2_200,PARV2_074,PARV2_021 → PARV2_200 → PARV2_074 → PARV2_021,1.968,0.656,3_pares
PARV2_200,PARV2_204,PARV2_209,PARV2_200 → PARV2_204 → PARV2_209 → PARV2_200,1.968,0.656,3_pares
PARV2_049,PARV2_174,PARV2_127,PARV2_049 → PARV2_174 → PARV2_127 → PARV2_049,1.968,0.656,3_pares
PARV2_171,PARV2_218,PARV2_200,PARV2_171 → PARV2_218 → PARV2_200 → PARV2_171,1.968,0.656,3_pares
PARV2_032,PARV2_125,PARV2_239,PARV2_032 → PARV2_125 → PARV2_239 → PARV2_032,1.968,0.656,3_pares
PARV2_032,PARV2_065,PARV2_202,PARV2_032 → PARV2_065 → PARV2_202 → PARV2_032,1.968,0.656,3_pares
PARV2_069,PARV2_239,PARV2_108,PARV2_069 → PARV2_239 → PARV2_108 → PARV2_069,1.968,0.656,3_pares
PARV2_074,PARV2_202,PARV2_184,PARV2_074 → PARV2_202 → PARV2_184 → PARV2_074,1.968,0.656,3_pares
PARV2_006,PARV2_065,PARV2_203,PARV2_006 → PARV2_065 → PARV2_203 → PARV2_006,1.967,0.656,3_pares
PARV2_166,PARV2_203,PARV2_171,PARV2_166 → PARV2_203 → PARV2_171 → PARV2_166,1.967,0.656,3_pares
PARV2_014,PARV2_108,PARV2_060,PARV2_014 → PARV2_108 → PARV2_060 → PARV2_014,1.967,0.656,3_pares
PARV2_138,PARV2_235,PARV2_198,PARV2_138 → PARV2_235 → PARV2_198 → PARV2_138,1.967,0.656,3_pares
PARV2_060,PARV2_135,PARV2_108,PARV2_060 → PARV2_135 → PARV2_108 → PARV2_060,1.967,0.656,3_pares
PARV2_013,PARV2_174,PARV2_108,PARV2_013 → PARV2_174 → PARV2_108 → PARV2_013,1.967,0.656,3_pares
PARV2_006,PARV2_138,PARV2_146,PARV2_006 → PARV2_138 → PARV2_146 → PARV2_006,1.967,0.656,3_pares
PARV2_006,PARV2_065,PARV2_239,PARV2_006 → PARV2_065 → PARV2_239 → PARV2_006,1.967,0.656,3_pares
PARV2_057,PARV2_198,PARV2_074,PARV2_057 → PARV2_198 → PARV2_074 → PARV2_057,1.967,0.656,3_pares
PARV2_142,PARV2_204,PARV2_164,PARV2_142 → PARV2_204 → PARV2_164 → PARV2_142,1.967,0.656,3_pares
PARV2_127,PARV2_200,PARV2_179,PARV2_127 → PARV2_200 → PARV2_179 → PARV2_127,1.967,0.656,3_pares
PARV2_121,PARV2_193,PARV2_239,PARV2_121 → PARV2_193 → PARV2_239 → PARV2_121,1.967,0.656,3_pares
PARV2_074,PARV2_163,PARV2_143,PARV2_074 → PARV2_163 → PARV2_143 → PARV2_074,1.967,0.656,3_pares
PARV2_102,PARV2_198,PARV2_108,PARV2_102 → PARV2_198 → PARV2_108 → PARV2_102,1.967,0.656,3_pares
PARV2_072,PARV2_159,PARV2_235,PARV2_072 → PARV2_159 → PARV2_235 → PARV2_072,1.967,0.656,3_pares
PARV2_006,PARV2_138,PARV2_022,PARV2_006 → PARV2_138 → PARV2_022 → PARV2_006,1.967,0.656,3_pares
PARV2_014,PARV2_239,PARV2_209,PARV2_014 → PARV2_239 → PARV2_209 → PARV2_014,1.967,0.656,3_pares
PARV2_141,PARV2_171,PARV2_159,PARV2_141 → PARV2_171 → PARV2_159 → PARV2_141,1.966,0.655,3_pares
PARV2_074,PARV2_174,PARV2_116,PARV2_074 → PARV2_174 → PARV2_116 → PARV2_074,1.966,0.655,3_pares
PARV2_129,PARV2_179,PARV2_174,PARV2_129 → PARV2_179 → PARV2_174 → PARV2_129,1.966,0.655,3_pares
PARV2_032,PARV2_111,PARV2_235,PARV2_032 → PARV2_111 → PARV2_235 → PARV2_032,1.966,0.655,3_pares
PARV2_013,PARV2_014,PARV2_138,PARV2_013 → PARV2_014 → PARV2_138 → PARV2_013,1.966,0.655,3_pares
PARV2_098,PARV2_204,PARV2_182,PARV2_098 → PARV2_204 → PARV2_182 → PARV2_098,1.966,0.655,3_pares
PARV2_111,PARV2_139,PARV2_182,PARV2_111 → PARV2_139 → PARV2_182 → PARV2_111,1.966,0.655,3_pares
PARV2_110,PARV2_239,PARV2_121,PARV2_110 → PARV2_239 → PARV2_121 → PARV2_110,1.966,0.655,3_pares
PARV2_181,PARV2_193,PARV2_200,PARV2_181 → PARV2_193 → PARV2_200 → PARV2_181,1.966,0.655,3_pares
PARV2_060,PARV2_070,PARV2_204,PARV2_060 → PARV2_070 → PARV2_204 → PARV2_060,1.966,0.655,3_pares
PARV2_051,PARV2_074,PARV2_057,PARV2_051 → PARV2_074 → PARV2_057 → PARV2_051,1.966,0.655,3_pares
PARV2_079,PARV2_239,PARV2_235,PARV2_079 → PARV2_239 → PARV2_235 → PARV2_079,1.966,0.655,3_pares
PARV2_049,PARV2_239,PARV2_244,PARV2_049 → PARV2_239 → PARV2_244 → PARV2_049,1.966,0.655,3_pares
PARV2_159,PARV2_182,PARV2_239,PARV2_159 → PARV2_182 → PARV2_239 → PARV2_159,1.965,0.655,3_pares
PARV2_022,PARV2_239,PARV2_032,PARV2_022 → PARV2_239 → PARV2_032 → PARV2_022,1.965,0.655,3_pares
PARV2_125,PARV2_129,PARV2_216,PARV2_125 → PARV2_129 → PARV2_216 → PARV2_125,1.965,0.655,3_pares
PARV2_108,PARV2_239,PARV2_202,PARV2_108 → PARV2_239 → PARV2_202 → PARV2_108,1.965,0.655,3_pares
PARV2_013,PARV2_239,PARV2_243,PARV2_013 → PARV2_239 → PARV2_243 → PARV2_013,1.965,0.655,3_pares
PARV2_074,PARV2_246,PARV2_198,PARV2_074 → PARV2_246 → PARV2_198 → PARV2_074,1.965,0.655,3_pares
PARV2_127,PARV2_142,PARV2_171,PARV2_127 → PARV2_142 → PARV2_171 → PARV2_127,1.965,0.655,3_pares
PARV2_108,PARV2_122,PARV2_198,PARV2_108 → PARV2_122 → PARV2_198 → PARV2_108,1.965,0.655,3_pares
PARV2_004,PARV2_171,PARV2_198,PARV2_004 → PARV2_171 → PARV2_198 → PARV2_004,1.965,0.655,3_pares
PARV2_121,PARV2_159,PARV2_200,PARV2_121 → PARV2_159 → PARV2_200 → PARV2_121,1.965,0.655,3_pares
PARV2_028,PARV2_171,PARV2_204,PARV2_028 → PARV2_171 → PARV2_204 → PARV2_028,1.965,0.655,3_pares
PARV2_102,PARV2_202,PARV2_239,PARV2_102 → PARV2_202 → PARV2_239 → PARV2_102,1.965,0.655,3_pares
PARV2_108,PARV2_207,PARV2_238,PARV2_108 → PARV2_207 → PARV2_238 → PARV2_108,1.965,0.655,3_pares
PARV2_035,PARV2_238,PARV2_108,PARV2_035 → PARV2_238 → PARV2_108 → PARV2_035,1.965,0.655,3_pares
PARV2_098,PARV2_134,PARV2_143,PARV2_098 → PARV2_134 → PARV2_143 → PARV2_098,1.965,0.655,3_pares
PARV2_116,PARV2_142,PARV2_159,PARV2_116 → PARV2_142 → PARV2_159 → PARV2_116,1.965,0.655,3_pares
PARV2_001,PARV2_111,PARV2_200,PARV2_001 → PARV2_111 → PARV2_200 → PARV2_001,1.964,0.655,3_pares
PARV2_057,PARV2_116,PARV2_074,PARV2_057 → PARV2_116 → PARV2_074 → PARV2_057,1.964,0.655,3_pares
PARV2_014,PARV2_171,PARV2_159,PARV2_014 → PARV2_171 → PARV2_159 → PARV2_014,1.964,0.655,3_pares
PARV2_004,PARV2_171,PARV2_051,PARV2_004 → PARV2_171 → PARV2_051 → PARV2_004,1.964,0.655,3_pares
PARV2_111,PARV2_125,PARV2_237,PARV2_111 → PARV2_125 → PARV2_237 → PARV2_111,1.964,0.655,3_pares
PARV2_171,PARV2_218,PARV2_207,PARV2_171 → PARV2_218 → PARV2_207 → PARV2_171,1.964,0.655,3_pares
PARV2_051,PARV2_074,PARV2_072,PARV2_051 → PARV2_074 → PARV2_072 → PARV2_051,1.964,0.655,3_pares
PARV2_108,PARV2_200,PARV2_188,PARV2_108 → PARV2_200 → PARV2_188 → PARV2_108,1.963,0.654,3_pares
PARV2_159,PARV2_164,PARV2_163,PARV2_159 → PARV2_164 → PARV2_163 → PARV2_159,1.963,0.654,3_pares
PARV2_032,PARV2_077,PARV2_239,PARV2_032 → PARV2_077 → PARV2_239 → PARV2_032,1.963,0.654,3_pares
PARV2_014,PARV2_138,PARV2_032,PARV2_014 → PARV2_138 → PARV2_032 → PARV2_014,1.963,0.654,3_pares
PARV2_107,PARV2_239,PARV2_159,PARV2_107 → PARV2_239 → PARV2_159 → PARV2_107,1.963,0.654,3_pares
PARV2_032,PARV2_148,PARV2_166,PARV2_032 → PARV2_148 → PARV2_166 → PARV2_032,1.963,0.654,3_pares
PARV2_129,PARV2_216,PARV2_200,PARV2_129 → PARV2_216 → PARV2_200 → PARV2_129,1.963,0.654,3_pares
PARV2_108,PARV2_133,PARV2_174,PARV2_108 → PARV2_133 → PARV2_174 → PARV2_108,1.963,0.654,3_pares
PARV2_108,PARV2_171,PARV2_198,PARV2_108 → PARV2_171 → PARV2_198 → PARV2_108,1.963,0.654,3_pares
PARV2_200,PARV2_204,PARV2_202,PARV2_200 → PARV2_204 → PARV2_202 → PARV2_200,1.963,0.654,3_pares
PARV2_072,PARV2_193,PARV2_218,PARV2_072 → PARV2_193 → PARV2_218 → PARV2_072,1.962,0.654,3_pares
PARV2_032,PARV2_210,PARV2_239,PARV2_032 → PARV2_210 → PARV2_239 → PARV2_032,1.962,0.654,3_pares
PARV2_006,PARV2_139,PARV2_069,PARV2_006 → PARV2_139 → PARV2_069 → PARV2_006,1.962,0.654,3_pares
PARV2_072,PARV2_116,PARV2_074,PARV2_072 → PARV2_116 → PARV2_074 → PARV2_072,1.962,0.654,3_pares
PARV2_108,PARV2_194,PARV2_198,PARV2_108 → PARV2_194 → PARV2_198 → PARV2_108,1.962,0.654,3_pares
PARV2_006,PARV2_193,PARV2_200,PARV2_006 → PARV2_193 → PARV2_200 → PARV2_006,1.962,0.654,3_pares
PARV2_139,PARV2_193,PARV2_200,PARV2_139 → PARV2_193 → PARV2_200 → PARV2_139,1.962,0.654,3_pares
PARV2_056,PARV2_134,PARV2_074,PARV2_056 → PARV2_134 → PARV2_074 → PARV2_056,1.962,0.654,3_pares
PARV2_098,PARV2_142,PARV2_159,PARV2_098 → PARV2_142 → PARV2_159 → PARV2_098,1.962,0.654,3_pares
PARV2_032,PARV2_111,PARV2_239,PARV2_032 → PARV2_111 → PARV2_239 → PARV2_032,1.962,0.654,3_pares
PARV2_135,PARV2_171,PARV2_204,PARV2_135 → PARV2_171 → PARV2_204 → PARV2_135,1.962,0.654,3_pares
PARV2_193,PARV2_216,PARV2_221,PARV2_193 → PARV2_216 → PARV2_221 → PARV2_193,1.962,0.654,3_pares
PARV2_074,PARV2_235,PARV2_194,PARV2_074 → PARV2_235 → PARV2_194 → PARV2_074,1.962,0.654,3_pares
PARV2_171,PARV2_204,PARV2_237,PARV2_171 → PARV2_204 → PARV2_237 → PARV2_171,1.962,0.654,3_pares
PARV2_013,PARV2_193,PARV2_216,PARV2_013 → PARV2_193 → PARV2_216 → PARV2_013,1.961,0.654,3_pares
PARV2_068,PARV2_133,PARV2_166,PARV2_068 → PARV2_133 → PARV2_166 → PARV2_068,1.961,0.654,3_pares
PARV2_072,PARV2_143,PARV2_074,PARV2_072 → PARV2_143 → PARV2_074 → PARV2_072,1.961,0.654,3_pares
PARV2_074,PARV2_193,PARV2_182,PARV2_074 → PARV2_193 → PARV2_182 → PARV2_074,1.961,0.654,3_pares
PARV2_006,PARV2_116,PARV2_079,PARV2_006 → PARV2_116 → PARV2_079 → PARV2_006,1.961,0.654,3_pares
PARV2_014,PARV2_239,PARV2_235,PARV2_014 → PARV2_239 → PARV2_235 → PARV2_014,1.961,0.654,3_pares
PARV2_074,PARV2_219,PARV2_163,PARV2_074 → PARV2_219 → PARV2_163 → PARV2_074,1.961,0.654,3_pares
PARV2_174,PARV2_200,PARV2_179,PARV2_174 → PARV2_200 → PARV2_179 → PARV2_174,1.961,0.654,3_pares
PARV2_074,PARV2_246,PARV2_142,PARV2_074 → PARV2_246 → PARV2_142 → PARV2_074,1.961,0.654,3_pares
PARV2_057,PARV2_108,PARV2_074,PARV2_057 → PARV2_108 → PARV2_074 → PARV2_057,1.961,0.654,3_pares
PARV2_060,PARV2_074,PARV2_204,PARV2_060 → PARV2_074 → PARV2_204 → PARV2_060,1.961,0.654,3_pares
PARV2_133,PARV2_142,PARV2_159,PARV2_133 → PARV2_142 → PARV2_159 → PARV2_133,1.961,0.654,3_pares
PARV2_032,PARV2_177,PARV2_054,PARV2_032 → PARV2_177 → PARV2_054 → PARV2_032,1.96,0.653,3_pares
PARV2_004,PARV2_074,PARV2_032,PARV2_004 → PARV2_074 → PARV2_032 → PARV2_004,1.96,0.653,3_pares
PARV2_021,PARV2_200,PARV2_108,PARV2_021 → PARV2_200 → PARV2_108 → PARV2_021,1.96,0.653,3_pares
PARV2_057,PARV2_121,PARV2_074,PARV2_057 → PARV2_121 → PARV2_074 → PARV2_057,1.96,0.653,3_pares
PARV2_006,PARV2_177,PARV2_198,PARV2_006 → PARV2_177 → PARV2_198 → PARV2_006,1.96,0.653,3_pares
PARV2_111,PARV2_193,PARV2_182,PARV2_111 → PARV2_193 → PARV2_182 → PARV2_111,1.96,0.653,3_pares
PARV2_159,PARV2_179,PARV2_171,PARV2_159 → PARV2_179 → PARV2_171 → PARV2_159,1.96,0.653,3_pares
PARV2_159,PARV2_198,PARV2_239,PARV2_159 → PARV2_198 → PARV2_239 → PARV2_159,1.96,0.653,3_pares
PARV2_074,PARV2_164,PARV2_136,PARV2_074 → PARV2_164 → PARV2_136 → PARV2_074,1.96,0.653,3_pares
PARV2_105,PARV2_163,PARV2_204,PARV2_105 → PARV2_163 → PARV2_204 → PARV2_105,1.96,0.653,3_pares
PARV2_108,PARV2_200,PARV2_146,PARV2_108 → PARV2_200 → PARV2_146 → PARV2_108,1.96,0.653,3_pares
PARV2_139,PARV2_179,PARV2_200,PARV2_139 → PARV2_179 → PARV2_200 → PARV2_139,1.96,0.653,3_pares
PARV2_006,PARV2_221,PARV2_079,PARV2_006 → PARV2_221 → PARV2_079 → PARV2_006,1.96,0.653,3_pares
PARV2_072,PARV2_219,PARV2_216,PARV2_072 → PARV2_219 → PARV2_216 → PARV2_072,1.96,0.653,3_pares
PARV2_069,PARV2_171,PARV2_193,PARV2_069 → PARV2_171 → PARV2_193 → PARV2_069,1.96,0.653,3_pares
PARV2_074,PARV2_202,PARV2_239,PARV2_074 → PARV2_202 → PARV2_239 → PARV2_074,1.96,0.653,3_pares
PARV2_006,PARV2_171,PARV2_079,PARV2_006 → PARV2_171 → PARV2_079 → PARV2_006,1.96,0.653,3_pares
PARV2_102,PARV2_204,PARV2_138,PARV2_102 → PARV2_204 → PARV2_138 → PARV2_102,1.96,0.653,3_pares
PARV2_148,PARV2_166,PARV2_239,PARV2_148 → PARV2_166 → PARV2_239 → PARV2_148,1.96,0.653,3_pares
PARV2_193,PARV2_218,PARV2_194,PARV2_193 → PARV2_218 → PARV2_194 → PARV2_193,1.96,0.653,3_pares
PARV2_159,PARV2_177,PARV2_239,PARV2_159 → PARV2_177 → PARV2_239 → PARV2_159,1.96,0.653,3_pares
PARV2_122,PARV2_171,PARV2_218,PARV2_122 → PARV2_171 → PARV2_218 → PARV2_122,1.96,0.653,3_pares
PARV2_065,PARV2_239,PARV2_103,PARV2_065 → PARV2_239 → PARV2_103 → PARV2_065,1.959,0.653,3_pares
PARV2_122,PARV2_239,PARV2_159,PARV2_122 → PARV2_239 → PARV2_159 → PARV2_122,1.959,0.653,3_pares
PARV2_057,PARV2_135,PARV2_074,PARV2_057 → PARV2_135 → PARV2_074 → PARV2_057,1.959,0.653,3_pares
PARV2_098,PARV2_159,PARV2_225,PARV2_098 → PARV2_159 → PARV2_225 → PARV2_098,1.959,0.653,3_pares
PARV2_069,PARV2_171,PARV2_218,PARV2_069 → PARV2_171 → PARV2_218 → PARV2_069,1.959,0.653,3_pares
PARV2_006,PARV2_200,PARV2_017,PARV2_006 → PARV2_200 → PARV2_017 → PARV2_006,1.959,0.653,3_pares
PARV2_079,PARV2_239,PARV2_108,PARV2_079 → PARV2_239 → PARV2_108 → PARV2_079,1.959,0.653,3_pares
PARV2_193,PARV2_239,PARV2_221,PARV2_193 → PARV2_239 → PARV2_221 → PARV2_193,1.959,0.653,3_pares
PARV2_004,PARV2_171,PARV2_079,PARV2_004 → PARV2_171 → PARV2_079 → PARV2_004,1.959,0.653,3_pares
PARV2_138,PARV2_194,PARV2_174,PARV2_138 → PARV2_194 → PARV2_174 → PARV2_138,1.958,0.653,3_pares
PARV2_193,PARV2_218,PARV2_221,PARV2_193 → PARV2_218 → PARV2_221 → PARV2_193,1.958,0.653,3_pares
PARV2_181,PARV2_239,PARV2_202,PARV2_181 → PARV2_239 → PARV2_202 → PARV2_181,1.958,0.653,3_pares
PARV2_108,PARV2_171,PARV2_238,PARV2_108 → PARV2_171 → PARV2_238 → PARV2_108,1.958,0.653,3_pares
PARV2_006,PARV2_108,PARV2_060,PARV2_006 → PARV2_108 → PARV2_060 → PARV2_006,1.958,0.653,3_pares
PARV2_212,PARV2_239,PARV2_235,PARV2_212 → PARV2_239 → PARV2_235 → PARV2_212,1.958,0.653,3_pares
PARV2_107,PARV2_163,PARV2_159,PARV2_107 → PARV2_163 → PARV2_159 → PARV2_107,1.958,0.653,3_pares
PARV2_166,PARV2_239,PARV2_240,PARV2_166 → PARV2_239 → PARV2_240 → PARV2_166,1.958,0.653,3_pares
PARV2_074,PARV2_179,PARV2_127,PARV2_074 → PARV2_179 → PARV2_127 → PARV2_074,1.958,0.653,3_pares
PARV2_074,PARV2_193,PARV2_200,PARV2_074 → PARV2_193 → PARV2_200 → PARV2_074,1.958,0.653,3_pares
PARV2_090,PARV2_127,PARV2_202,PARV2_090 → PARV2_127 → PARV2_202 → PARV2_090,1.958,0.653,3_pares
PARV2_142,PARV2_146,PARV2_171,PARV2_142 → PARV2_146 → PARV2_171 → PARV2_142,1.958,0.653,3_pares
PARV2_143,PARV2_171,PARV2_193,PARV2_143 → PARV2_171 → PARV2_193 → PARV2_143,1.958,0.653,3_pares
PARV2_125,PARV2_148,PARV2_166,PARV2_125 → PARV2_148 → PARV2_166 → PARV2_125,1.958,0.653,3_pares
PARV2_054,PARV2_063,PARV2_177,PARV2_054 → PARV2_063 → PARV2_177 → PARV2_054,1.958,0.653,3_pares
PARV2_021,PARV2_218,PARV2_108,PARV2_021 → PARV2_218 → PARV2_108 → PARV2_021,1.958,0.653,3_pares
PARV2_072,PARV2_237,PARV2_111,PARV2_072 → PARV2_237 → PARV2_111 → PARV2_072,1.958,0.653,3_pares
PARV2_014,PARV2_239,PARV2_021,PARV2_014 → PARV2_239 → PARV2_021 → PARV2_014,1.957,0.652,3_pares
PARV2_065,PARV2_202,PARV2_187,PARV2_065 → PARV2_202 → PARV2_187 → PARV2_065,1.957,0.652,3_pares
PARV2_021,PARV2_193,PARV2_216,PARV2_021 → PARV2_193 → PARV2_216 → PARV2_021,1.957,0.652,3_pares
PARV2_138,PARV2_246,PARV2_198,PARV2_138 → PARV2_246 → PARV2_198 → PARV2_138,1.957,0.652,3_pares
PARV2_068,PARV2_122,PARV2_166,PARV2_068 → PARV2_122 → PARV2_166 → PARV2_068,1.957,0.652,3_pares
PARV2_006,PARV2_193,PARV2_203,PARV2_006 → PARV2_193 → PARV2_203 → PARV2_006,1.957,0.652,3_pares
PARV2_077,PARV2_171,PARV2_159,PARV2_077 → PARV2_171 → PARV2_159 → PARV2_077,1.957,0.652,3_pares
PARV2_105,PARV2_159,PARV2_108,PARV2_105 → PARV2_159 → PARV2_108 → PARV2_105,1.957,0.652,3_pares
PARV2_013,PARV2_074,PARV2_237,PARV2_013 → PARV2_074 → PARV2_237 → PARV2_013,1.957,0.652,3_pares
PARV2_111,PARV2_240,PARV2_182,PARV2_111 → PARV2_240 → PARV2_182 → PARV2_111,1.957,0.652,3_pares
PARV2_074,PARV2_102,PARV2_127,PARV2_074 → PARV2_102 → PARV2_127 → PARV2_074,1.957,0.652,3_pares
PARV2_032,PARV2_127,PARV2_159,PARV2_032 → PARV2_127 → PARV2_159 → PARV2_032,1.956,0.652,3_pares
PARV2_051,PARV2_239,PARV2_221,PARV2_051 → PARV2_239 → PARV2_221 → PARV2_051,1.956,0.652,3_pares
PARV2_159,PARV2_164,PARV2_179,PARV2_159 → PARV2_164 → PARV2_179 → PARV2_159,1.956,0.652,3_pares
PARV2_032,PARV2_107,PARV2_239,PARV2_032 → PARV2_107 → PARV2_239 → PARV2_032,1.956,0.652,3_pares
PARV2_074,PARV2_174,PARV2_139,PARV2_074 → PARV2_174 → PARV2_139 → PARV2_074,1.956,0.652,3_pares
PARV2_108,PARV2_116,PARV2_238,PARV2_108 → PARV2_116 → PARV2_238 → PARV2_108,1.956,0.652,3_pares
PARV2_079,PARV2_239,PARV2_116,PARV2_079 → PARV2_239 → PARV2_116 → PARV2_079,1.956,0.652,3_pares
PARV2_013,PARV2_174,PARV2_135,PARV2_013 → PARV2_174 → PARV2_135 → PARV2_013,1.955,0.652,3_pares
PARV2_032,PARV2_172,PARV2_166,PARV2_032 → PARV2_172 → PARV2_166 → PARV2_032,1.955,0.652,3_pares
PARV2_074,PARV2_122,PARV2_136,PARV2_074 → PARV2_122 → PARV2_136 → PARV2_074,1.955,0.652,3_pares
PARV2_006,PARV2_235,PARV2_203,PARV2_006 → PARV2_235 → PARV2_203 → PARV2_006,1.955,0.652,3_pares
PARV2_108,PARV2_179,PARV2_174,PARV2_108 → PARV2_179 → PARV2_174 → PARV2_108,1.955,0.652,3_pares
PARV2_159,PARV2_207,PARV2_179,PARV2_159 → PARV2_207 → PARV2_179 → PARV2_159,1.955,0.652,3_pares
PARV2_074,PARV2_235,PARV2_133,PARV2_074 → PARV2_235 → PARV2_133 → PARV2_074,1.955,0.652,3_pares
PARV2_102,PARV2_179,PARV2_200,PARV2_102 → PARV2_179 → PARV2_200 → PARV2_102,1.955,0.652,3_pares
PARV2_035,PARV2_239,PARV2_108,PARV2_035 → PARV2_239 → PARV2_108 → PARV2_035,1.955,0.652,3_pares
PARV2_074,PARV2_174,PARV2_209,PARV2_074 → PARV2_174 → PARV2_209 → PARV2_074,1.955,0.652,3_pares
PARV2_127,PARV2_200,PARV2_244,PARV2_127 → PARV2_200 → PARV2_244 → PARV2_127,1.954,0.651,3_pares
PARV2_121,PARV2_174,PARV2_204,PARV2_121 → PARV2_174 → PARV2_204 → PARV2_121,1.954,0.651,3_pares
PARV2_074,PARV2_179,PARV2_143,PARV2_074 → PARV2_179 → PARV2_143 → PARV2_074,1.954,0.651,3_pares
PARV2_021,PARV2_127,PARV2_200,PARV2_021 → PARV2_127 → PARV2_200 → PARV2_021,1.954,0.651,3_pares
PARV2_098,PARV2_171,PARV2_166,PARV2_098 → PARV2_171 → PARV2_166 → PARV2_098,1.954,0.651,3_pares
PARV2_006,PARV2_221,PARV2_014,PARV2_006 → PARV2_221 → PARV2_014 → PARV2_006,1.954,0.651,3_pares
PARV2_138,PARV2_174,PARV2_204,PARV2_138 → PARV2_174 → PARV2_204 → PARV2_138,1.954,0.651,3_pares
PARV2_138,PARV2_159,PARV2_225,PARV2_138 → PARV2_159 → PARV2_225 → PARV2_138,1.954,0.651,3_pares
PARV2_125,PARV2_235,PARV2_166,PARV2_125 → PARV2_235 → PARV2_166 → PARV2_125,1.954,0.651,3_pares
PARV2_138,PARV2_235,PARV2_204,PARV2_138 → PARV2_235 → PARV2_204 → PARV2_138,1.954,0.651,3_pares
PARV2_098,PARV2_159,PARV2_203,PARV2_098 → PARV2_159 → PARV2_203 → PARV2_098,1.954,0.651,3_pares
PARV2_006,PARV2_122,PARV2_079,PARV2_006 → PARV2_122 → PARV2_079 → PARV2_006,1.954,0.651,3_pares
PARV2_013,PARV2_174,PARV2_138,PARV2_013 → PARV2_174 → PARV2_138 → PARV2_013,1.954,0.651,3_pares
PARV2_193,PARV2_218,PARV2_210,PARV2_193 → PARV2_218 → PARV2_210 → PARV2_193,1.954,0.651,3_pares
PARV2_060,PARV2_235,PARV2_204,PARV2_060 → PARV2_235 → PARV2_204 → PARV2_060,1.954,0.651,3_pares
PARV2_014,PARV2_138,PARV2_181,PARV2_014 → PARV2_138 → PARV2_181 → PARV2_014,1.953,0.651,3_pares
PARV2_006,PARV2_107,PARV2_239,PARV2_006 → PARV2_107 → PARV2_239 → PARV2_006,1.953,0.651,3_pares
PARV2_006,PARV2_171,PARV2_204,PARV2_006 → PARV2_171 → PARV2_204 → PARV2_006,1.953,0.651,3_pares
PARV2_127,PARV2_193,PARV2_218,PARV2_127 → PARV2_193 → PARV2_218 → PARV2_127,1.953,0.651,3_pares
PARV2_129,PARV2_193,PARV2_202,PARV2_129 → PARV2_193 → PARV2_202 → PARV2_129,1.953,0.651,3_pares
PARV2_006,PARV2_074,PARV2_174,PARV2_006 → PARV2_074 → PARV2_174 → PARV2_006,1.953,0.651,3_pares
PARV2_116,PARV2_171,PARV2_218,PARV2_116 → PARV2_171 → PARV2_218 → PARV2_116,1.953,0.651,3_pares
PARV2_049,PARV2_174,PARV2_123,PARV2_049 → PARV2_174 → PARV2_123 → PARV2_049,1.953,0.651,3_pares
PARV2_146,PARV2_171,PARV2_193,PARV2_146 → PARV2_171 → PARV2_193 → PARV2_146,1.953,0.651,3_pares
PARV2_035,PARV2_142,PARV2_159,PARV2_035 → PARV2_142 → PARV2_159 → PARV2_035,1.953,0.651,3_pares
PARV2_074,PARV2_102,PARV2_143,PARV2_074 → PARV2_102 → PARV2_143 → PARV2_074,1.953,0.651,3_pares
PARV2_032,PARV2_210,PARV2_159,PARV2_032 → PARV2_210 → PARV2_159 → PARV2_032,1.953,0.651,3_pares
PARV2_013,PARV2_074,PARV2_072,PARV2_013 → PARV2_074 → PARV2_072 → PARV2_013,1.953,0.651,3_pares
PARV2_123,PARV2_179,PARV2_200,PARV2_123 → PARV2_179 → PARV2_200 → PARV2_123,1.953,0.651,3_pares
PARV2_022,PARV2_239,PARV2_108,PARV2_022 → PARV2_239 → PARV2_108 → PARV2_022,1.953,0.651,3_pares
PARV2_049,PARV2_239,PARV2_172,PARV2_049 → PARV2_239 → PARV2_172 → PARV2_049,1.953,0.651,3_pares
PARV2_032,PARV2_194,PARV2_174,PARV2_032 → PARV2_194 → PARV2_174 → PARV2_032,1.952,0.651,3_pares
PARV2_133,PARV2_174,PARV2_159,PARV2_133 → PARV2_174 → PARV2_159 → PARV2_133,1.952,0.651,3_pares
PARV2_138,PARV2_200,PARV2_204,PARV2_138 → PARV2_200 → PARV2_204 → PARV2_138,1.952,0.651,3_pares
PARV2_057,PARV2_133,PARV2_074,PARV2_057 → PARV2_133 → PARV2_074 → PARV2_057,1.952,0.651,3_pares
PARV2_051,PARV2_172,PARV2_159,PARV2_051 → PARV2_172 → PARV2_159 → PARV2_051,1.952,0.651,3_pares
PARV2_072,PARV2_113,PARV2_074,PARV2_072 → PARV2_113 → PARV2_074 → PARV2_072,1.952,0.651,3_pares
PARV2_193,PARV2_239,PARV2_209,PARV2_193 → PARV2_239 → PARV2_209 → PARV2_193,1.952,0.651,3_pares
PARV2_108,PARV2_123,PARV2_200,PARV2_108 → PARV2_123 → PARV2_200 → PARV2_108,1.952,0.651,3_pares
PARV2_069,PARV2_239,PARV2_240,PARV2_069 → PARV2_239 → PARV2_240 → PARV2_069,1.952,0.651,3_pares
PARV2_006,PARV2_021,PARV2_014,PARV2_006 → PARV2_021 → PARV2_014 → PARV2_006,1.952,0.651,3_pares
PARV2_105,PARV2_193,PARV2_159,PARV2_105 → PARV2_193 → PARV2_159 → PARV2_105,1.952,0.651,3_pares
PARV2_006,PARV2_193,PARV2_239,PARV2_006 → PARV2_193 → PARV2_239 → PARV2_006,1.952,0.651,3_pares
PARV2_074,PARV2_102,PARV2_198,PARV2_074 → PARV2_102 → PARV2_198 → PARV2_074,1.952,0.651,3_pares
PARV2_108,PARV2_193,PARV2_146,PARV2_108 → PARV2_193 → PARV2_146 → PARV2_108,1.951,0.65,3_pares
PARV2_068,PARV2_177,PARV2_166,PARV2_068 → PARV2_177 → PARV2_166 → PARV2_068,1.951,0.65,3_pares
PARV2_006,PARV2_087,PARV2_239,PARV2_006 → PARV2_087 → PARV2_239 → PARV2_006,1.951,0.65,3_pares
PARV2_108,PARV2_127,PARV2_243,PARV2_108 → PARV2_127 → PARV2_243 → PARV2_108,1.951,0.65,3_pares
PARV2_070,PARV2_159,PARV2_154,PARV2_070 → PARV2_159 → PARV2_154 → PARV2_070,1.951,0.65,3_pares
PARV2_032,PARV2_174,PARV2_138,PARV2_032 → PARV2_174 → PARV2_138 → PARV2_032,1.951,0.65,3_pares
PARV2_049,PARV2_174,PARV2_246,PARV2_049 → PARV2_174 → PARV2_246 → PARV2_049,1.951,0.65,3_pares
PARV2_142,PARV2_166,PARV2_164,PARV2_142 → PARV2_166 → PARV2_164 → PARV2_142,1.951,0.65,3_pares
PARV2_193,PARV2_218,PARV2_209,PARV2_193 → PARV2_218 → PARV2_209 → PARV2_193,1.951,0.65,3_pares
PARV2_127,PARV2_142,PARV2_159,PARV2_127 → PARV2_142 → PARV2_159 → PARV2_127,1.951,0.65,3_pares
PARV2_032,PARV2_051,PARV2_239,PARV2_032 → PARV2_051 → PARV2_239 → PARV2_032,1.951,0.65,3_pares
PARV2_041,PARV2_171,PARV2_218,PARV2_041 → PARV2_171 → PARV2_218 → PARV2_041,1.951,0.65,3_pares
PARV2_142,PARV2_166,PARV2_207,PARV2_142 → PARV2_166 → PARV2_207 → PARV2_142,1.951,0.65,3_pares
PARV2_079,PARV2_171,PARV2_193,PARV2_079 → PARV2_171 → PARV2_193 → PARV2_079,1.951,0.65,3_pares
PARV2_028,PARV2_069,PARV2_074,PARV2_028 → PARV2_069 → PARV2_074 → PARV2_028,1.951,0.65,3_pares
PARV2_071,PARV2_171,PARV2_204,PARV2_071 → PARV2_171 → PARV2_204 → PARV2_071,1.951,0.65,3_pares
PARV2_133,PARV2_174,PARV2_138,PARV2_133 → PARV2_174 → PARV2_138 → PARV2_133,1.95,0.65,3_pares
PARV2_070,PARV2_074,PARV2_159,PARV2_070 → PARV2_074 → PARV2_159 → PARV2_070,1.95,0.65,3_pares
PARV2_141,PARV2_171,PARV2_204,PARV2_141 → PARV2_171 → PARV2_204 → PARV2_141,1.95,0.65,3_pares
PARV2_107,PARV2_179,PARV2_174,PARV2_107 → PARV2_179 → PARV2_174 → PARV2_107,1.95,0.65,3_pares
PARV2_102,PARV2_218,PARV2_239,PARV2_102 → PARV2_218 → PARV2_239 → PARV2_102,1.95,0.65,3_pares
PARV2_074,PARV2_193,PARV2_136,PARV2_074 → PARV2_193 → PARV2_136 → PARV2_074,1.95,0.65,3_pares
PARV2_028,PARV2_159,PARV2_154,PARV2_028 → PARV2_159 → PARV2_154 → PARV2_028,1.95,0.65,3_pares
PARV2_108,PARV2_212,PARV2_238,PARV2_108 → PARV2_212 → PARV2_238 → PARV2_108,1.95,0.65,3_pares
PARV2_006,PARV2_198,PARV2_239,PARV2_006 → PARV2_198 → PARV2_239 → PARV2_006,1.95,0.65,3_pares
PARV2_079,PARV2_171,PARV2_218,PARV2_079 → PARV2_171 → PARV2_218 → PARV2_079,1.95,0.65,3_pares
PARV2_179,PARV2_200,PARV2_194,PARV2_179 → PARV2_200 → PARV2_194 → PARV2_179,1.95,0.65,3_pares
PARV2_074,PARV2_235,PARV2_077,PARV2_074 → PARV2_235 → PARV2_077 → PARV2_074,1.95,0.65,3_pares
PARV2_193,PARV2_216,PARV2_200,PARV2_193 → PARV2_216 → PARV2_200 → PARV2_193,1.949,0.65,3_pares
PARV2_004,PARV2_074,PARV2_087,PARV2_004 → PARV2_074 → PARV2_087 → PARV2_004,1.949,0.65,3_pares
PARV2_006,PARV2_021,PARV2_200,PARV2_006 → PARV2_021 → PARV2_200 → PARV2_006,1.949,0.65,3_pares
PARV2_006,PARV2_194,PARV2_174,PARV2_006 → PARV2_194 → PARV2_174 → PARV2_006,1.949,0.65,3_pares
PARV2_006,PARV2_200,PARV2_146,PARV2_006 → PARV2_200 → PARV2_146 → PARV2_006,1.949,0.65,3_pares
PARV2_098,PARV2_159,PARV2_182,PARV2_098 → PARV2_159 → PARV2_182 → PARV2_098,1.949,0.65,3_pares
PARV2_074,PARV2_235,PARV2_136,PARV2_074 → PARV2_235 → PARV2_136 → PARV2_074,1.949,0.65,3_pares
PARV2_057,PARV2_139,PARV2_074,PARV2_057 → PARV2_139 → PARV2_074 → PARV2_057,1.949,0.65,3_pares
PARV2_028,PARV2_204,PARV2_202,PARV2_028 → PARV2_204 → PARV2_202 → PARV2_028,1.949,0.65,3_pares
PARV2_006,PARV2_221,PARV2_051,PARV2_006 → PARV2_221 → PARV2_051 → PARV2_006,1.949,0.65,3_pares
PARV2_074,PARV2_179,PARV2_200,PARV2_074 → PARV2_179 → PARV2_200 → PARV2_074,1.949,0.65,3_pares
PARV2_098,PARV2_134,PARV2_243,PARV2_098 → PARV2_134 → PARV2_243 → PARV2_098,1.949,0.65,3_pares
PARV2_111,PARV2_154,PARV2_237,PARV2_111 → PARV2_154 → PARV2_237 → PARV2_111,1.949,0.65,3_pares
PARV2_146,PARV2_239,PARV2_164,PARV2_146 → PARV2_239 → PARV2_164 → PARV2_146,1.949,0.65,3_pares
PARV2_102,PARV2_203,PARV2_138,PARV2_102 → PARV2_203 → PARV2_138 → PARV2_102,1.949,0.65,3_pares
PARV2_074,PARV2_159,PARV2_221,PARV2_074 → PARV2_159 → PARV2_221 → PARV2_074,1.949,0.65,3_pares
PARV2_204,PARV2_243,PARV2_239,PARV2_204 → PARV2_243 → PARV2_239 → PARV2_204,1.949,0.65,3_pares
PARV2_001,PARV2_074,PARV2_174,PARV2_001 → PARV2_074 → PARV2_174 → PARV2_001,1.948,0.649,3_pares
PARV2_098,PARV2_142,PARV2_193,PARV2_098 → PARV2_142 → PARV2_193 → PARV2_098,1.948,0.649,3_pares
PARV2_146,PARV2_239,PARV2_159,PARV2_146 → PARV2_239 → PARV2_159 → PARV2_146,1.948,0.649,3_pares
PARV2_032,PARV2_225,PARV2_138,PARV2_032 → PARV2_225 → PARV2_138 → PARV2_032,1.948,0.649,3_pares
PARV2_127,PARV2_146,PARV2_171,PARV2_127 → PARV2_146 → PARV2_171 → PARV2_127,1.948,0.649,3_pares
PARV2_072,PARV2_107,PARV2_202,PARV2_072 → PARV2_107 → PARV2_202 → PARV2_072,1.948,0.649,3_pares
PARV2_006,PARV2_212,PARV2_079,PARV2_006 → PARV2_212 → PARV2_079 → PARV2_006,1.948,0.649,3_pares
PARV2_074,PARV2_235,PARV2_225,PARV2_074 → PARV2_235 → PARV2_225 → PARV2_074,1.947,0.649,3_pares
PARV2_129,PARV2_200,PARV2_146,PARV2_129 → PARV2_200 → PARV2_146 → PARV2_129,1.947,0.649,3_pares
PARV2_171,PARV2_204,PARV2_216,PARV2_171 → PARV2_204 → PARV2_216 → PARV2_171,1.947,0.649,3_pares
PARV2_074,PARV2_174,PARV2_225,PARV2_074 → PARV2_174 → PARV2_225 → PARV2_074,1.947,0.649,3_pares
PARV2_129,PARV2_200,PARV2_238,PARV2_129 → PARV2_200 → PARV2_238 → PARV2_129,1.947,0.649,3_pares
PARV2_108,PARV2_159,PARV2_238,PARV2_108 → PARV2_159 → PARV2_238 → PARV2_108,1.947,0.649,3_pares
PARV2_006,PARV2_105,PARV2_174,PARV2_006 → PARV2_105 → PARV2_174 → PARV2_006,1.947,0.649,3_pares
PARV2_107,PARV2_239,PARV2_235,PARV2_107 → PARV2_239 → PARV2_235 → PARV2_107,1.947,0.649,3_pares
PARV2_054,PARV2_237,PARV2_065,PARV2_054 → PARV2_237 → PARV2_065 → PARV2_054,1.947,0.649,3_pares
PARV2_108,PARV2_113,PARV2_239,PARV2_108 → PARV2_113 → PARV2_239 → PARV2_108,1.947,0.649,3_pares
PARV2_125,PARV2_240,PARV2_166,PARV2_125 → PARV2_240 → PARV2_166 → PARV2_125,1.947,0.649,3_pares
PARV2_021,PARV2_074,PARV2_159,PARV2_021 → PARV2_074 → PARV2_159 → PARV2_021,1.947,0.649,3_pares
PARV2_146,PARV2_239,PARV2_221,PARV2_146 → PARV2_239 → PARV2_221 → PARV2_146,1.946,0.649,3_pares
PARV2_022,PARV2_065,PARV2_054,PARV2_022 → PARV2_065 → PARV2_054 → PARV2_022,1.946,0.649,3_pares
PARV2_006,PARV2_246,PARV2_243,PARV2_006 → PARV2_246 → PARV2_243 → PARV2_006,1.946,0.649,3_pares
PARV2_166,PARV2_239,PARV2_202,PARV2_166 → PARV2_239 → PARV2_202 → PARV2_166,1.946,0.649,3_pares
PARV2_074,PARV2_174,PARV2_200,PARV2_074 → PARV2_174 → PARV2_200 → PARV2_074,1.946,0.649,3_pares
PARV2_074,PARV2_141,PARV2_198,PARV2_074 → PARV2_141 → PARV2_198 → PARV2_074,1.946,0.649,3_pares
PARV2_036,PARV2_142,PARV2_074,PARV2_036 → PARV2_142 → PARV2_074 → PARV2_036,1.946,0.649,3_pares
PARV2_049,PARV2_174,PARV2_240,PARV2_049 → PARV2_174 → PARV2_240 → PARV2_049,1.946,0.649,3_pares
PARV2_028,PARV2_159,PARV2_032,PARV2_028 → PARV2_159 → PARV2_032 → PARV2_028,1.946,0.649,3_pares
PARV2_108,PARV2_139,PARV2_238,PARV2_108 → PARV2_139 → PARV2_238 → PARV2_108,1.946,0.649,3_pares
PARV2_032,PARV2_065,PARV2_054,PARV2_032 → PARV2_065 → PARV2_054 → PARV2_032,1.946,0.649,3_pares
PARV2_060,PARV2_122,PARV2_204,PARV2_060 → PARV2_122 → PARV2_204 → PARV2_060,1.946,0.649,3_pares
PARV2_057,PARV2_212,PARV2_074,PARV2_057 → PARV2_212 → PARV2_074 → PARV2_057,1.946,0.649,3_pares
PARV2_138,PARV2_200,PARV2_187,PARV2_138 → PARV2_200 → PARV2_187 → PARV2_138,1.946,0.649,3_pares
PARV2_159,PARV2_232,PARV2_172,PARV2_159 → PARV2_232 → PARV2_172 → PARV2_159,1.945,0.648,3_pares
PARV2_072,PARV2_129,PARV2_074,PARV2_072 → PARV2_129 → PARV2_074 → PARV2_072,1.945,0.648,3_pares
PARV2_072,PARV2_074,PARV2_202,PARV2_072 → PARV2_074 → PARV2_202 → PARV2_072,1.945,0.648,3_pares
PARV2_063,PARV2_166,PARV2_125,PARV2_063 → PARV2_166 → PARV2_125 → PARV2_063,1.945,0.648,3_pares
PARV2_006,PARV2_107,PARV2_202,PARV2_006 → PARV2_107 → PARV2_202 → PARV2_006,1.945,0.648,3_pares
PARV2_164,PARV2_193,PARV2_166,PARV2_164 → PARV2_193 → PARV2_166 → PARV2_164,1.945,0.648,3_pares
PARV2_098,PARV2_200,PARV2_219,PARV2_098 → PARV2_200 → PARV2_219 → PARV2_098,1.945,0.648,3_pares
PARV2_105,PARV2_174,PARV2_108,PARV2_105 → PARV2_174 → PARV2_108 → PARV2_105,1.945,0.648,3_pares
PARV2_022,PARV2_074,PARV2_057,PARV2_022 → PARV2_074 → PARV2_057 → PARV2_022,1.945,0.648,3_pares
PARV2_122,PARV2_198,PARV2_138,PARV2_122 → PARV2_198 → PARV2_138 → PARV2_122,1.945,0.648,3_pares
PARV2_079,PARV2_239,PARV2_159,PARV2_079 → PARV2_239 → PARV2_159 → PARV2_079,1.945,0.648,3_pares
PARV2_074,PARV2_105,PARV2_163,PARV2_074 → PARV2_105 → PARV2_163 → PARV2_074,1.945,0.648,3_pares
PARV2_074,PARV2_163,PARV2_198,PARV2_074 → PARV2_163 → PARV2_198 → PARV2_074,1.945,0.648,3_pares
PARV2_063,PARV2_210,PARV2_204,PARV2_063 → PARV2_210 → PARV2_204 → PARV2_063,1.945,0.648,3_pares
PARV2_006,PARV2_244,PARV2_203,PARV2_006 → PARV2_244 → PARV2_203 → PARV2_006,1.945,0.648,3_pares
PARV2_127,PARV2_200,PARV2_207,PARV2_127 → PARV2_200 → PARV2_207 → PARV2_127,1.945,0.648,3_pares
PARV2_006,PARV2_193,PARV2_069,PARV2_006 → PARV2_193 → PARV2_069 → PARV2_006,1.945,0.648,3_pares
PARV2_171,PARV2_218,PARV2_225,PARV2_171 → PARV2_218 → PARV2_225 → PARV2_171,1.944,0.648,3_pares
PARV2_072,PARV2_204,PARV2_216,PARV2_072 → PARV2_204 → PARV2_216 → PARV2_072,1.944,0.648,3_pares
PARV2_004,PARV2_074,PARV2_239,PARV2_004 → PARV2_074 → PARV2_239 → PARV2_004,1.944,0.648,3_pares
PARV2_148,PARV2_243,PARV2_239,PARV2_148 → PARV2_243 → PARV2_239 → PARV2_148,1.944,0.648,3_pares
PARV2_138,PARV2_174,PARV2_225,PARV2_138 → PARV2_174 → PARV2_225 → PARV2_138,1.944,0.648,3_pares
PARV2_159,PARV2_163,PARV2_171,PARV2_159 → PARV2_163 → PARV2_171 → PARV2_159,1.944,0.648,3_pares
PARV2_074,PARV2_163,PARV2_142,PARV2_074 → PARV2_163 → PARV2_142 → PARV2_074,1.944,0.648,3_pares
PARV2_021,PARV2_134,PARV2_074,PARV2_021 → PARV2_134 → PARV2_074 → PARV2_021,1.944,0.648,3_pares
PARV2_110,PARV2_239,PARV2_235,PARV2_110 → PARV2_239 → PARV2_235 → PARV2_110,1.944,0.648,3_pares
PARV2_021,PARV2_163,PARV2_159,PARV2_021 → PARV2_163 → PARV2_159 → PARV2_021,1.944,0.648,3_pares
PARV2_171,PARV2_218,PARV2_246,PARV2_171 → PARV2_218 → PARV2_246 → PARV2_171,1.944,0.648,3_pares
PARV2_171,PARV2_204,PARV2_179,PARV2_171 → PARV2_204 → PARV2_179 → PARV2_171,1.944,0.648,3_pares
PARV2_071,PARV2_159,PARV2_204,PARV2_071 → PARV2_159 → PARV2_204 → PARV2_071,1.944,0.648,3_pares
PARV2_014,PARV2_171,PARV2_218,PARV2_014 → PARV2_171 → PARV2_218 → PARV2_014,1.944,0.648,3_pares
PARV2_111,PARV2_171,PARV2_182,PARV2_111 → PARV2_171 → PARV2_182 → PARV2_111,1.944,0.648,3_pares
PARV2_138,PARV2_139,PARV2_198,PARV2_138 → PARV2_139 → PARV2_198 → PARV2_138,1.943,0.648,3_pares
PARV2_098,PARV2_200,PARV2_225,PARV2_098 → PARV2_200 → PARV2_225 → PARV2_098,1.943,0.648,3_pares
PARV2_148,PARV2_193,PARV2_218,PARV2_148 → PARV2_193 → PARV2_218 → PARV2_148,1.943,0.648,3_pares
PARV2_129,PARV2_216,PARV2_135,PARV2_129 → PARV2_216 → PARV2_135 → PARV2_129,1.943,0.648,3_pares
PARV2_006,PARV2_074,PARV2_202,PARV2_006 → PARV2_074 → PARV2_202 → PARV2_006,1.943,0.648,3_pares
PARV2_142,PARV2_193,PARV2_166,PARV2_142 → PARV2_193 → PARV2_166 → PARV2_142,1.943,0.648,3_pares
PARV2_072,PARV2_141,PARV2_074,PARV2_072 → PARV2_141 → PARV2_074 → PARV2_072,1.943,0.648,3_pares
PARV2_138,PARV2_193,PARV2_203,PARV2_138 → PARV2_193 → PARV2_203 → PARV2_138,1.943,0.648,3_pares
PARV2_098,PARV2_200,PARV2_209,PARV2_098 → PARV2_200 → PARV2_209 → PARV2_098,1.943,0.648,3_pares
PARV2_174,PARV2_200,PARV2_194,PARV2_174 → PARV2_200 → PARV2_194 → PARV2_174,1.943,0.648,3_pares
PARV2_072,PARV2_074,PARV2_235,PARV2_072 → PARV2_074 → PARV2_235 → PARV2_072,1.943,0.648,3_pares
PARV2_001,PARV2_074,PARV2_072,PARV2_001 → PARV2_074 → PARV2_072 → PARV2_001,1.942,0.647,3_pares
PARV2_193,PARV2_216,PARV2_240,PARV2_193 → PARV2_216 → PARV2_240 → PARV2_193,1.942,0.647,3_pares
PARV2_013,PARV2_238,PARV2_108,PARV2_013 → PARV2_238 → PARV2_108 → PARV2_013,1.942,0.647,3_pares
PARV2_127,PARV2_200,PARV2_139,PARV2_127 → PARV2_200 → PARV2_139 → PARV2_127,1.942,0.647,3_pares
PARV2_021,PARV2_163,PARV2_074,PARV2_021 → PARV2_163 → PARV2_074 → PARV2_021,1.942,0.647,3_pares
PARV2_014,PARV2_108,PARV2_194,PARV2_014 → PARV2_108 → PARV2_194 → PARV2_014,1.942,0.647,3_pares
PARV2_028,PARV2_127,PARV2_074,PARV2_028 → PARV2_127 → PARV2_074 → PARV2_028,1.942,0.647,3_pares
PARV2_198,PARV2_239,PARV2_209,PARV2_198 → PARV2_239 → PARV2_209 → PARV2_198,1.942,0.647,3_pares
PARV2_184,PARV2_239,PARV2_202,PARV2_184 → PARV2_239 → PARV2_202 → PARV2_184,1.942,0.647,3_pares
PARV2_193,PARV2_216,PARV2_246,PARV2_193 → PARV2_216 → PARV2_246 → PARV2_193,1.941,0.647,3_pares
PARV2_127,PARV2_202,PARV2_159,PARV2_127 → PARV2_202 → PARV2_159 → PARV2_127,1.941,0.647,3_pares
PARV2_102,PARV2_159,PARV2_200,PARV2_102 → PARV2_159 → PARV2_200 → PARV2_102,1.941,0.647,3_pares
PARV2_006,PARV2_171,PARV2_198,PARV2_006 → PARV2_171 → PARV2_198 → PARV2_006,1.941,0.647,3_pares
PARV2_074,PARV2_202,PARV2_129,PARV2_074 → PARV2_202 → PARV2_129 → PARV2_074,1.941,0.647,3_pares
PARV2_074,PARV2_159,PARV2_188,PARV2_074 → PARV2_159 → PARV2_188 → PARV2_074,1.941,0.647,3_pares
PARV2_074,PARV2_159,PARV2_134,PARV2_074 → PARV2_159 → PARV2_134 → PARV2_074,1.941,0.647,3_pares
PARV2_032,PARV2_146,PARV2_239,PARV2_032 → PARV2_146 → PARV2_239 → PARV2_032,1.941,0.647,3_pares
PARV2_070,PARV2_171,PARV2_159,PARV2_070 → PARV2_171 → PARV2_159 → PARV2_070,1.941,0.647,3_pares
PARV2_032,PARV2_060,PARV2_235,PARV2_032 → PARV2_060 → PARV2_235 → PARV2_032,1.941,0.647,3_pares
PARV2_006,PARV2_139,PARV2_198,PARV2_006 → PARV2_139 → PARV2_198 → PARV2_006,1.941,0.647,3_pares
PARV2_072,PARV2_087,PARV2_074,PARV2_072 → PARV2_087 → PARV2_074 → PARV2_072,1.94,0.647,3_pares
PARV2_134,PARV2_179,PARV2_159,PARV2_134 → PARV2_179 → PARV2_159 → PARV2_134,1.94,0.647,3_pares
PARV2_110,PARV2_239,PARV2_244,PARV2_110 → PARV2_239 → PARV2_244 → PARV2_110,1.94,0.647,3_pares
PARV2_068,PARV2_072,PARV2_166,PARV2_068 → PARV2_072 → PARV2_166 → PARV2_068,1.94,0.647,3_pares
PARV2_006,PARV2_090,PARV2_202,PARV2_006 → PARV2_090 → PARV2_202 → PARV2_006,1.939,0.646,3_pares
PARV2_065,PARV2_127,PARV2_200,PARV2_065 → PARV2_127 → PARV2_200 → PARV2_065,1.939,0.646,3_pares
PARV2_193,PARV2_239,PARV2_240,PARV2_193 → PARV2_239 → PARV2_240 → PARV2_193,1.939,0.646,3_pares
PARV2_006,PARV2_193,PARV2_146,PARV2_006 → PARV2_193 → PARV2_146 → PARV2_006,1.939,0.646,3_pares
PARV2_138,PARV2_200,PARV2_225,PARV2_138 → PARV2_200 → PARV2_225 → PARV2_138,1.939,0.646,3_pares
PARV2_129,PARV2_216,PARV2_192,PARV2_129 → PARV2_216 → PARV2_192 → PARV2_129,1.939,0.646,3_pares
PARV2_138,PARV2_174,PARV2_187,PARV2_138 → PARV2_174 → PARV2_187 → PARV2_138,1.939,0.646,3_pares
PARV2_006,PARV2_164,PARV2_198,PARV2_006 → PARV2_164 → PARV2_198 → PARV2_006,1.939,0.646,3_pares
PARV2_069,PARV2_239,PARV2_164,PARV2_069 → PARV2_239 → PARV2_164 → PARV2_069,1.939,0.646,3_pares
PARV2_102,PARV2_243,PARV2_239,PARV2_102 → PARV2_243 → PARV2_239 → PARV2_102,1.939,0.646,3_pares
PARV2_014,PARV2_138,PARV2_207,PARV2_014 → PARV2_138 → PARV2_207 → PARV2_014,1.939,0.646,3_pares
PARV2_138,PARV2_235,PARV2_187,PARV2_138 → PARV2_235 → PARV2_187 → PARV2_138,1.939,0.646,3_pares
PARV2_014,PARV2_239,PARV2_159,PARV2_014 → PARV2_239 → PARV2_159 → PARV2_014,1.939,0.646,3_pares
PARV2_014,PARV2_108,PARV2_021,PARV2_014 → PARV2_108 → PARV2_021 → PARV2_014,1.939,0.646,3_pares
PARV2_035,PARV2_239,PARV2_174,PARV2_035 → PARV2_239 → PARV2_174 → PARV2_035,1.938,0.646,3_pares
PARV2_179,PARV2_193,PARV2_218,PARV2_179 → PARV2_193 → PARV2_218 → PARV2_179,1.938,0.646,3_pares
PARV2_146,PARV2_239,PARV2_209,PARV2_146 → PARV2_239 → PARV2_209 → PARV2_146,1.938,0.646,3_pares
PARV2_079,PARV2_239,PARV2_163,PARV2_079 → PARV2_239 → PARV2_163 → PARV2_079,1.938,0.646,3_pares
PARV2_102,PARV2_146,PARV2_239,PARV2_102 → PARV2_146 → PARV2_239 → PARV2_102,1.938,0.646,3_pares
PARV2_138,PARV2_174,PARV2_203,PARV2_138 → PARV2_174 → PARV2_203 → PARV2_138,1.938,0.646,3_pares
PARV2_174,PARV2_232,PARV2_239,PARV2_174 → PARV2_232 → PARV2_239 → PARV2_174,1.938,0.646,3_pares
PARV2_105,PARV2_193,PARV2_239,PARV2_105 → PARV2_193 → PARV2_239 → PARV2_105,1.937,0.646,3_pares
PARV2_108,PARV2_193,PARV2_200,PARV2_108 → PARV2_193 → PARV2_200 → PARV2_108,1.937,0.646,3_pares
PARV2_159,PARV2_219,PARV2_163,PARV2_159 → PARV2_219 → PARV2_163 → PARV2_159,1.937,0.646,3_pares
PARV2_125,PARV2_138,PARV2_166,PARV2_125 → PARV2_138 → PARV2_166 → PARV2_125,1.937,0.646,3_pares
PARV2_108,PARV2_193,PARV2_238,PARV2_108 → PARV2_193 → PARV2_238 → PARV2_108,1.937,0.646,3_pares
PARV2_014,PARV2_239,PARV2_221,PARV2_014 → PARV2_239 → PARV2_221 → PARV2_014,1.937,0.646,3_pares
PARV2_074,PARV2_179,PARV2_198,PARV2_074 → PARV2_179 → PARV2_198 → PARV2_074,1.937,0.646,3_pares
PARV2_032,PARV2_105,PARV2_202,PARV2_032 → PARV2_105 → PARV2_202 → PARV2_032,1.937,0.646,3_pares
PARV2_077,PARV2_171,PARV2_218,PARV2_077 → PARV2_171 → PARV2_218 → PARV2_077,1.937,0.646,3_pares
PARV2_098,PARV2_171,PARV2_159,PARV2_098 → PARV2_171 → PARV2_159 → PARV2_098,1.937,0.646,3_pares
PARV2_006,PARV2_171,PARV2_218,PARV2_006 → PARV2_171 → PARV2_218 → PARV2_006,1.937,0.646,3_pares
PARV2_006,PARV2_212,PARV2_200,PARV2_006 → PARV2_212 → PARV2_200 → PARV2_006,1.937,0.646,3_pares
PARV2_193,PARV2_218,PARV2_246,PARV2_193 → PARV2_218 → PARV2_246 → PARV2_193,1.937,0.646,3_pares
PARV2_098,PARV2_200,PARV2_110,PARV2_098 → PARV2_200 → PARV2_110 → PARV2_098,1.936,0.645,3_pares
PARV2_032,PARV2_204,PARV2_202,PARV2_032 → PARV2_204 → PARV2_202 → PARV2_032,1.936,0.645,3_pares
PARV2_032,PARV2_129,PARV2_216,PARV2_032 → PARV2_129 → PARV2_216 → PARV2_032,1.936,0.645,3_pares
PARV2_079,PARV2_171,PARV2_142,PARV2_079 → PARV2_171 → PARV2_142 → PARV2_079,1.936,0.645,3_pares
PARV2_032,PARV2_204,PARV2_235,PARV2_032 → PARV2_204 → PARV2_235 → PARV2_032,1.936,0.645,3_pares
PARV2_006,PARV2_139,PARV2_203,PARV2_006 → PARV2_139 → PARV2_203 → PARV2_006,1.935,0.645,3_pares
PARV2_006,PARV2_164,PARV2_203,PARV2_006 → PARV2_164 → PARV2_203 → PARV2_006,1.935,0.645,3_pares
PARV2_142,PARV2_159,PARV2_246,PARV2_142 → PARV2_159 → PARV2_246 → PARV2_142,1.935,0.645,3_pares
PARV2_108,PARV2_159,PARV2_154,PARV2_108 → PARV2_159 → PARV2_154 → PARV2_108,1.935,0.645,3_pares
PARV2_072,PARV2_204,PARV2_235,PARV2_072 → PARV2_204 → PARV2_235 → PARV2_072,1.935,0.645,3_pares
PARV2_074,PARV2_202,PARV2_108,PARV2_074 → PARV2_202 → PARV2_108 → PARV2_074,1.935,0.645,3_pares
PARV2_054,PARV2_187,PARV2_065,PARV2_054 → PARV2_187 → PARV2_065 → PARV2_054,1.935,0.645,3_pares
PARV2_116,PARV2_179,PARV2_174,PARV2_116 → PARV2_179 → PARV2_174 → PARV2_116,1.935,0.645,3_pares
PARV2_060,PARV2_246,PARV2_204,PARV2_060 → PARV2_246 → PARV2_204 → PARV2_060,1.935,0.645,3_pares
PARV2_006,PARV2_219,PARV2_216,PARV2_006 → PARV2_219 → PARV2_216 → PARV2_006,1.934,0.645,3_pares
PARV2_108,PARV2_194,PARV2_174,PARV2_108 → PARV2_194 → PARV2_174 → PARV2_108,1.934,0.645,3_pares
PARV2_006,PARV2_207,PARV2_203,PARV2_006 → PARV2_207 → PARV2_203 → PARV2_006,1.934,0.645,3_pares
PARV2_074,PARV2_193,PARV2_218,PARV2_074 → PARV2_193 → PARV2_218 → PARV2_074,1.934,0.645,3_pares
PARV2_142,PARV2_159,PARV2_164,PARV2_142 → PARV2_159 → PARV2_164 → PARV2_142,1.934,0.645,3_pares
PARV2_072,PARV2_193,PARV2_202,PARV2_072 → PARV2_193 → PARV2_202 → PARV2_072,1.933,0.644,3_pares
PARV2_036,PARV2_136,PARV2_074,PARV2_036 → PARV2_136 → PARV2_074 → PARV2_036,1.933,0.644,3_pares
PARV2_193,PARV2_200,PARV2_221,PARV2_193 → PARV2_200 → PARV2_221 → PARV2_193,1.933,0.644,3_pares
PARV2_006,PARV2_212,PARV2_203,PARV2_006 → PARV2_212 → PARV2_203 → PARV2_006,1.933,0.644,3_pares
PARV2_028,PARV2_200,PARV2_074,PARV2_028 → PARV2_200 → PARV2_074 → PARV2_028,1.933,0.644,3_pares
PARV2_098,PARV2_198,PARV2_239,PARV2_098 → PARV2_198 → PARV2_239 → PARV2_098,1.933,0.644,3_pares
PARV2_133,PARV2_179,PARV2_174,PARV2_133 → PARV2_179 → PARV2_174 → PARV2_133,1.933,0.644,3_pares
PARV2_108,PARV2_110,PARV2_239,PARV2_108 → PARV2_110 → PARV2_239 → PARV2_108,1.933,0.644,3_pares
PARV2_142,PARV2_171,PARV2_218,PARV2_142 → PARV2_171 → PARV2_218 → PARV2_142,1.933,0.644,3_pares
PARV2_142,PARV2_159,PARV2_171,PARV2_142 → PARV2_159 → PARV2_171 → PARV2_142,1.933,0.644,3_pares
PARV2_006,PARV2_159,PARV2_188,PARV2_006 → PARV2_159 → PARV2_188 → PARV2_006,1.932,0.644,3_pares
PARV2_174,PARV2_209,PARV2_179,PARV2_174 → PARV2_209 → PARV2_179 → PARV2_174,1.932,0.644,3_pares
PARV2_111,PARV2_127,PARV2_182,PARV2_111 → PARV2_127 → PARV2_182 → PARV2_111,1.932,0.644,3_pares
PARV2_102,PARV2_198,PARV2_138,PARV2_102 → PARV2_198 → PARV2_138 → PARV2_102,1.932,0.644,3_pares
PARV2_041,PARV2_239,PARV2_202,PARV2_041 → PARV2_239 → PARV2_202 → PARV2_041,1.932,0.644,3_pares
PARV2_079,PARV2_239,PARV2_202,PARV2_079 → PARV2_239 → PARV2_202 → PARV2_079,1.932,0.644,3_pares
PARV2_021,PARV2_054,PARV2_159,PARV2_021 → PARV2_054 → PARV2_159 → PARV2_021,1.932,0.644,3_pares
PARV2_006,PARV2_221,PARV2_069,PARV2_006 → PARV2_221 → PARV2_069 → PARV2_006,1.932,0.644,3_pares
PARV2_146,PARV2_239,PARV2_235,PARV2_146 → PARV2_239 → PARV2_235 → PARV2_146,1.932,0.644,3_pares
PARV2_074,PARV2_148,PARV2_142,PARV2_074 → PARV2_148 → PARV2_142 → PARV2_074,1.932,0.644,3_pares
PARV2_090,PARV2_202,PARV2_108,PARV2_090 → PARV2_202 → PARV2_108 → PARV2_090,1.932,0.644,3_pares
PARV2_014,PARV2_129,PARV2_216,PARV2_014 → PARV2_129 → PARV2_216 → PARV2_014,1.931,0.644,3_pares
PARV2_074,PARV2_235,PARV2_142,PARV2_074 → PARV2_235 → PARV2_142 → PARV2_074,1.931,0.644,3_pares
PARV2_105,PARV2_174,PARV2_138,PARV2_105 → PARV2_174 → PARV2_138 → PARV2_105,1.931,0.644,3_pares
PARV2_074,PARV2_122,PARV2_142,PARV2_074 → PARV2_122 → PARV2_142 → PARV2_074,1.931,0.644,3_pares
PARV2_166,PARV2_238,PARV2_172,PARV2_166 → PARV2_238 → PARV2_172 → PARV2_166,1.931,0.644,3_pares
PARV2_014,PARV2_138,PARV2_221,PARV2_014 → PARV2_138 → PARV2_221 → PARV2_014,1.931,0.644,3_pares
PARV2_006,PARV2_139,PARV2_239,PARV2_006 → PARV2_139 → PARV2_239 → PARV2_006,1.931,0.644,3_pares
PARV2_006,PARV2_164,PARV2_069,PARV2_006 → PARV2_164 → PARV2_069 → PARV2_006,1.931,0.644,3_pares
PARV2_154,PARV2_210,PARV2_159,PARV2_154 → PARV2_210 → PARV2_159 → PARV2_154,1.931,0.644,3_pares
PARV2_074,PARV2_141,PARV2_142,PARV2_074 → PARV2_141 → PARV2_142 → PARV2_074,1.931,0.644,3_pares
PARV2_004,PARV2_074,PARV2_146,PARV2_004 → PARV2_074 → PARV2_146 → PARV2_004,1.931,0.644,3_pares
PARV2_069,PARV2_074,PARV2_072,PARV2_069 → PARV2_074 → PARV2_072 → PARV2_069,1.931,0.644,3_pares
PARV2_006,PARV2_021,PARV2_069,PARV2_006 → PARV2_021 → PARV2_069 → PARV2_006,1.93,0.643,3_pares
PARV2_063,PARV2_219,PARV2_216,PARV2_063 → PARV2_219 → PARV2_216 → PARV2_063,1.93,0.643,3_pares
PARV2_065,PARV2_193,PARV2_202,PARV2_065 → PARV2_193 → PARV2_202 → PARV2_065,1.93,0.643,3_pares
PARV2_072,PARV2_193,PARV2_216,PARV2_072 → PARV2_193 → PARV2_216 → PARV2_072,1.93,0.643,3_pares
PARV2_108,PARV2_200,PARV2_238,PARV2_108 → PARV2_200 → PARV2_238 → PARV2_108,1.93,0.643,3_pares
PARV2_074,PARV2_159,PARV2_077,PARV2_074 → PARV2_159 → PARV2_077 → PARV2_074,1.93,0.643,3_pares
PARV2_125,PARV2_219,PARV2_216,PARV2_125 → PARV2_219 → PARV2_216 → PARV2_125,1.93,0.643,3_pares
PARV2_054,PARV2_159,PARV2_177,PARV2_054 → PARV2_159 → PARV2_177 → PARV2_054,1.93,0.643,3_pares
PARV2_056,PARV2_127,PARV2_074,PARV2_056 → PARV2_127 → PARV2_074 → PARV2_056,1.93,0.643,3_pares
PARV2_159,PARV2_200,PARV2_246,PARV2_159 → PARV2_200 → PARV2_246 → PARV2_159,1.93,0.643,3_pares
PARV2_154,PARV2_179,PARV2_159,PARV2_154 → PARV2_179 → PARV2_159 → PARV2_154,1.929,0.643,3_pares
PARV2_074,PARV2_148,PARV2_143,PARV2_074 → PARV2_148 → PARV2_143 → PARV2_074,1.929,0.643,3_pares
PARV2_079,PARV2_171,PARV2_127,PARV2_079 → PARV2_171 → PARV2_127 → PARV2_079,1.929,0.643,3_pares
PARV2_070,PARV2_142,PARV2_159,PARV2_070 → PARV2_142 → PARV2_159 → PARV2_070,1.929,0.643,3_pares
PARV2_142,PARV2_193,PARV2_218,PARV2_142 → PARV2_193 → PARV2_218 → PARV2_142,1.929,0.643,3_pares
PARV2_122,PARV2_166,PARV2_125,PARV2_122 → PARV2_166 → PARV2_125 → PARV2_122,1.929,0.643,3_pares
PARV2_014,PARV2_138,PARV2_210,PARV2_014 → PARV2_138 → PARV2_210 → PARV2_014,1.929,0.643,3_pares
PARV2_110,PARV2_171,PARV2_193,PARV2_110 → PARV2_171 → PARV2_193 → PARV2_110,1.929,0.643,3_pares
PARV2_111,PARV2_133,PARV2_182,PARV2_111 → PARV2_133 → PARV2_182 → PARV2_111,1.929,0.643,3_pares
PARV2_127,PARV2_202,PARV2_129,PARV2_127 → PARV2_202 → PARV2_129 → PARV2_127,1.929,0.643,3_pares
PARV2_006,PARV2_134,PARV2_243,PARV2_006 → PARV2_134 → PARV2_243 → PARV2_006,1.929,0.643,3_pares
PARV2_122,PARV2_142,PARV2_159,PARV2_122 → PARV2_142 → PARV2_159 → PARV2_122,1.928,0.643,3_pares
PARV2_006,PARV2_065,PARV2_202,PARV2_006 → PARV2_065 → PARV2_202 → PARV2_006,1.928,0.643,3_pares
PARV2_060,PARV2_194,PARV2_204,PARV2_060 → PARV2_194 → PARV2_204 → PARV2_060,1.928,0.643,3_pares
PARV2_072,PARV2_127,PARV2_074,PARV2_072 → PARV2_127 → PARV2_074 → PARV2_072,1.928,0.643,3_pares
PARV2_049,PARV2_127,PARV2_202,PARV2_049 → PARV2_127 → PARV2_202 → PARV2_049,1.928,0.643,3_pares
PARV2_072,PARV2_121,PARV2_074,PARV2_072 → PARV2_121 → PARV2_074 → PARV2_072,1.928,0.643,3_pares
PARV2_021,PARV2_074,PARV2_057,PARV2_021 → PARV2_074 → PARV2_057 → PARV2_021,1.928,0.643,3_pares
PARV2_074,PARV2_159,PARV2_136,PARV2_074 → PARV2_159 → PARV2_136 → PARV2_074,1.927,0.642,3_pares
PARV2_074,PARV2_141,PARV2_134,PARV2_074 → PARV2_141 → PARV2_134 → PARV2_074,1.927,0.642,3_pares
PARV2_108,PARV2_193,PARV2_239,PARV2_108 → PARV2_193 → PARV2_239 → PARV2_108,1.927,0.642,3_pares
PARV2_006,PARV2_221,PARV2_146,PARV2_006 → PARV2_221 → PARV2_146 → PARV2_006,1.927,0.642,3_pares
PARV2_138,PARV2_210,PARV2_204,PARV2_138 → PARV2_210 → PARV2_204 → PARV2_138,1.927,0.642,3_pares
PARV2_006,PARV2_212,PARV2_239,PARV2_006 → PARV2_212 → PARV2_239 → PARV2_006,1.927,0.642,3_pares
PARV2_013,PARV2_174,PARV2_237,PARV2_013 → PARV2_174 → PARV2_237 → PARV2_013,1.927,0.642,3_pares
PARV2_063,PARV2_163,PARV2_204,PARV2_063 → PARV2_163 → PARV2_204 → PARV2_063,1.927,0.642,3_pares
PARV2_138,PARV2_235,PARV2_146,PARV2_138 → PARV2_235 → PARV2_146 → PARV2_138,1.926,0.642,3_pares
PARV2_006,PARV2_065,PARV2_243,PARV2_006 → PARV2_065 → PARV2_243 → PARV2_006,1.926,0.642,3_pares
PARV2_107,PARV2_127,PARV2_202,PARV2_107 → PARV2_127 → PARV2_202 → PARV2_107,1.926,0.642,3_pares
PARV2_060,PARV2_221,PARV2_204,PARV2_060 → PARV2_221 → PARV2_204 → PARV2_060,1.926,0.642,3_pares
PARV2_017,PARV2_098,PARV2_200,PARV2_017 → PARV2_098 → PARV2_200 → PARV2_017,1.926,0.642,3_pares
PARV2_142,PARV2_143,PARV2_171,PARV2_142 → PARV2_143 → PARV2_171 → PARV2_142,1.926,0.642,3_pares
PARV2_138,PARV2_193,PARV2_146,PARV2_138 → PARV2_193 → PARV2_146 → PARV2_138,1.926,0.642,3_pares
PARV2_108,PARV2_193,PARV2_218,PARV2_108 → PARV2_193 → PARV2_218 → PARV2_108,1.926,0.642,3_pares
PARV2_013,PARV2_193,PARV2_238,PARV2_013 → PARV2_193 → PARV2_238 → PARV2_013,1.925,0.642,3_pares
PARV2_074,PARV2_174,PARV2_135,PARV2_074 → PARV2_174 → PARV2_135 → PARV2_074,1.925,0.642,3_pares
PARV2_121,PARV2_174,PARV2_159,PARV2_121 → PARV2_174 → PARV2_159 → PARV2_121,1.925,0.642,3_pares
PARV2_022,PARV2_138,PARV2_200,PARV2_022 → PARV2_138 → PARV2_200 → PARV2_022,1.925,0.642,3_pares
PARV2_006,PARV2_142,PARV2_069,PARV2_006 → PARV2_142 → PARV2_069 → PARV2_006,1.925,0.642,3_pares
PARV2_006,PARV2_134,PARV2_069,PARV2_006 → PARV2_134 → PARV2_069 → PARV2_006,1.925,0.642,3_pares
PARV2_074,PARV2_174,PARV2_194,PARV2_074 → PARV2_174 → PARV2_194 → PARV2_074,1.925,0.642,3_pares
PARV2_174,PARV2_204,PARV2_179,PARV2_174 → PARV2_204 → PARV2_179 → PARV2_174,1.925,0.642,3_pares
PARV2_032,PARV2_060,PARV2_138,PARV2_032 → PARV2_060 → PARV2_138 → PARV2_032,1.925,0.642,3_pares
PARV2_098,PARV2_200,PARV2_204,PARV2_098 → PARV2_200 → PARV2_204 → PARV2_098,1.924,0.641,3_pares
PARV2_143,PARV2_171,PARV2_159,PARV2_143 → PARV2_171 → PARV2_159 → PARV2_143,1.924,0.641,3_pares
PARV2_074,PARV2_159,PARV2_225,PARV2_074 → PARV2_159 → PARV2_225 → PARV2_074,1.924,0.641,3_pares
PARV2_074,PARV2_202,PARV2_121,PARV2_074 → PARV2_202 → PARV2_121 → PARV2_074,1.924,0.641,3_pares
PARV2_070,PARV2_179,PARV2_159,PARV2_070 → PARV2_179 → PARV2_159 → PARV2_070,1.924,0.641,3_pares
PARV2_013,PARV2_239,PARV2_238,PARV2_013 → PARV2_239 → PARV2_238 → PARV2_013,1.924,0.641,3_pares
PARV2_174,PARV2_204,PARV2_239,PARV2_174 → PARV2_204 → PARV2_239 → PARV2_174,1.924,0.641,3_pares
PARV2_032,PARV2_072,PARV2_235,PARV2_032 → PARV2_072 → PARV2_235 → PARV2_032,1.923,0.641,3_pares
PARV2_108,PARV2_171,PARV2_218,PARV2_108 → PARV2_171 → PARV2_218 → PARV2_108,1.923,0.641,3_pares
PARV2_074,PARV2_174,PARV2_127,PARV2_074 → PARV2_174 → PARV2_127 → PARV2_074,1.923,0.641,3_pares
PARV2_036,PARV2_200,PARV2_074,PARV2_036 → PARV2_200 → PARV2_074 → PARV2_036,1.922,0.641,3_pares
PARV2_065,PARV2_202,PARV2_200,PARV2_065 → PARV2_202 → PARV2_200 → PARV2_065,1.922,0.641,3_pares
PARV2_057,PARV2_194,PARV2_074,PARV2_057 → PARV2_194 → PARV2_074 → PARV2_057,1.922,0.641,3_pares
PARV2_181,PARV2_193,PARV2_202,PARV2_181 → PARV2_193 → PARV2_202 → PARV2_181,1.922,0.641,3_pares
PARV2_102,PARV2_159,PARV2_108,PARV2_102 → PARV2_159 → PARV2_108 → PARV2_102,1.922,0.641,3_pares
PARV2_074,PARV2_202,PARV2_143,PARV2_074 → PARV2_202 → PARV2_143 → PARV2_074,1.921,0.64,3_pares
PARV2_133,PARV2_193,PARV2_216,PARV2_133 → PARV2_193 → PARV2_216 → PARV2_133,1.921,0.64,3_pares
PARV2_028,PARV2_134,PARV2_074,PARV2_028 → PARV2_134 → PARV2_074 → PARV2_028,1.921,0.64,3_pares
PARV2_028,PARV2_198,PARV2_074,PARV2_028 → PARV2_198 → PARV2_074 → PARV2_028,1.921,0.64,3_pares
PARV2_022,PARV2_138,PARV2_068,PARV2_022 → PARV2_138 → PARV2_068 → PARV2_022,1.921,0.64,3_pares
PARV2_171,PARV2_204,PARV2_243,PARV2_171 → PARV2_204 → PARV2_243 → PARV2_171,1.92,0.64,3_pares
PARV2_193,PARV2_200,PARV2_246,PARV2_193 → PARV2_200 → PARV2_246 → PARV2_193,1.92,0.64,3_pares
PARV2_032,PARV2_235,PARV2_218,PARV2_032 → PARV2_235 → PARV2_218 → PARV2_032,1.92,0.64,3_pares
PARV2_060,PARV2_188,PARV2_108,PARV2_060 → PARV2_188 → PARV2_108 → PARV2_060,1.92,0.64,3_pares
PARV2_098,PARV2_200,PARV2_181,PARV2_098 → PARV2_200 → PARV2_181 → PARV2_098,1.92,0.64,3_pares
PARV2_164,PARV2_179,PARV2_204,PARV2_164 → PARV2_179 → PARV2_204 → PARV2_164,1.92,0.64,3_pares
PARV2_006,PARV2_177,PARV2_069,PARV2_006 → PARV2_177 → PARV2_069 → PARV2_006,1.919,0.64,3_pares
PARV2_138,PARV2_207,PARV2_203,PARV2_138 → PARV2_207 → PARV2_203 → PARV2_138,1.919,0.64,3_pares
PARV2_074,PARV2_235,PARV2_134,PARV2_074 → PARV2_235 → PARV2_134 → PARV2_074,1.919,0.64,3_pares
PARV2_102,PARV2_146,PARV2_108,PARV2_102 → PARV2_146 → PARV2_108 → PARV2_102,1.919,0.64,3_pares
PARV2_072,PARV2_235,PARV2_218,PARV2_072 → PARV2_235 → PARV2_218 → PARV2_072,1.919,0.64,3_pares
PARV2_014,PARV2_138,PARV2_235,PARV2_014 → PARV2_138 → PARV2_235 → PARV2_014,1.919,0.64,3_pares
PARV2_127,PARV2_202,PARV2_177,PARV2_127 → PARV2_202 → PARV2_177 → PARV2_127,1.919,0.64,3_pares
PARV2_074,PARV2_235,PARV2_218,PARV2_074 → PARV2_235 → PARV2_218 → PARV2_074,1.918,0.639,3_pares
PARV2_141,PARV2_142,PARV2_159,PARV2_141 → PARV2_142 → PARV2_159 → PARV2_141,1.918,0.639,3_pares
PARV2_068,PARV2_159,PARV2_154,PARV2_068 → PARV2_159 → PARV2_154 → PARV2_068,1.918,0.639,3_pares
PARV2_108,PARV2_139,PARV2_198,PARV2_108 → PARV2_139 → PARV2_198 → PARV2_108,1.918,0.639,3_pares
PARV2_072,PARV2_139,PARV2_074,PARV2_072 → PARV2_139 → PARV2_074 → PARV2_072,1.918,0.639,3_pares
PARV2_077,PARV2_239,PARV2_235,PARV2_077 → PARV2_239 → PARV2_235 → PARV2_077,1.918,0.639,3_pares
PARV2_051,PARV2_171,PARV2_218,PARV2_051 → PARV2_171 → PARV2_218 → PARV2_051,1.918,0.639,3_pares
PARV2_057,PARV2_136,PARV2_074,PARV2_057 → PARV2_136 → PARV2_074 → PARV2_057,1.917,0.639,3_pares
PARV2_139,PARV2_179,PARV2_174,PARV2_139 → PARV2_179 → PARV2_174 → PARV2_139,1.917,0.639,3_pares
PARV2_108,PARV2_127,PARV2_200,PARV2_108 → PARV2_127 → PARV2_200 → PARV2_108,1.917,0.639,3_pares
PARV2_102,PARV2_216,PARV2_200,PARV2_102 → PARV2_216 → PARV2_200 → PARV2_102,1.917,0.639,3_pares
PARV2_127,PARV2_146,PARV2_138,PARV2_127 → PARV2_146 → PARV2_138 → PARV2_127,1.917,0.639,3_pares
PARV2_072,PARV2_225,PARV2_074,PARV2_072 → PARV2_225 → PARV2_074 → PARV2_072,1.917,0.639,3_pares
PARV2_006,PARV2_138,PARV2_200,PARV2_006 → PARV2_138 → PARV2_200 → PARV2_006,1.917,0.639,3_pares
PARV2_079,PARV2_239,PARV2_244,PARV2_079 → PARV2_239 → PARV2_244 → PARV2_079,1.916,0.639,3_pares
PARV2_102,PARV2_218,PARV2_216,PARV2_102 → PARV2_218 → PARV2_216 → PARV2_102,1.916,0.639,3_pares
PARV2_098,PARV2_200,PARV2_139,PARV2_098 → PARV2_200 → PARV2_139 → PARV2_098,1.916,0.639,3_pares
PARV2_032,PARV2_174,PARV2_159,PARV2_032 → PARV2_174 → PARV2_159 → PARV2_032,1.916,0.639,3_pares
PARV2_054,PARV2_135,PARV2_065,PARV2_054 → PARV2_135 → PARV2_065 → PARV2_054,1.916,0.639,3_pares
PARV2_054,PARV2_159,PARV2_065,PARV2_054 → PARV2_159 → PARV2_065 → PARV2_054,1.916,0.639,3_pares
PARV2_142,PARV2_238,PARV2_172,PARV2_142 → PARV2_238 → PARV2_172 → PARV2_142,1.915,0.638,3_pares
PARV2_163,PARV2_204,PARV2_164,PARV2_163 → PARV2_204 → PARV2_164 → PARV2_163,1.915,0.638,3_pares
PARV2_166,PARV2_239,PARV2_172,PARV2_166 → PARV2_239 → PARV2_172 → PARV2_166,1.915,0.638,3_pares
PARV2_074,PARV2_202,PARV2_194,PARV2_074 → PARV2_202 → PARV2_194 → PARV2_074,1.915,0.638,3_pares
PARV2_035,PARV2_239,PARV2_202,PARV2_035 → PARV2_239 → PARV2_202 → PARV2_035,1.915,0.638,3_pares
PARV2_017,PARV2_239,PARV2_221,PARV2_017 → PARV2_239 → PARV2_221 → PARV2_017,1.915,0.638,3_pares
PARV2_110,PARV2_239,PARV2_163,PARV2_110 → PARV2_239 → PARV2_163 → PARV2_110,1.915,0.638,3_pares
PARV2_142,PARV2_159,PARV2_179,PARV2_142 → PARV2_159 → PARV2_179 → PARV2_142,1.914,0.638,3_pares
PARV2_172,PARV2_204,PARV2_239,PARV2_172 → PARV2_204 → PARV2_239 → PARV2_172,1.914,0.638,3_pares
PARV2_006,PARV2_177,PARV2_239,PARV2_006 → PARV2_177 → PARV2_239 → PARV2_006,1.914,0.638,3_pares
PARV2_087,PARV2_239,PARV2_174,PARV2_087 → PARV2_239 → PARV2_174 → PARV2_087,1.914,0.638,3_pares
PARV2_172,PARV2_204,PARV2_243,PARV2_172 → PARV2_204 → PARV2_243 → PARV2_172,1.914,0.638,3_pares
PARV2_071,PARV2_159,PARV2_200,PARV2_071 → PARV2_159 → PARV2_200 → PARV2_071,1.913,0.638,3_pares
PARV2_006,PARV2_074,PARV2_057,PARV2_006 → PARV2_074 → PARV2_057 → PARV2_006,1.913,0.638,3_pares
PARV2_098,PARV2_171,PARV2_204,PARV2_098 → PARV2_171 → PARV2_204 → PARV2_098,1.913,0.638,3_pares
PARV2_159,PARV2_237,PARV2_171,PARV2_159 → PARV2_237 → PARV2_171 → PARV2_159,1.913,0.638,3_pares
PARV2_072,PARV2_133,PARV2_074,PARV2_072 → PARV2_133 → PARV2_074 → PARV2_072,1.913,0.638,3_pares
PARV2_032,PARV2_125,PARV2_138,PARV2_032 → PARV2_125 → PARV2_138 → PARV2_032,1.913,0.638,3_pares
PARV2_159,PARV2_203,PARV2_171,PARV2_159 → PARV2_203 → PARV2_171 → PARV2_159,1.913,0.638,3_pares
PARV2_063,PARV2_172,PARV2_204,PARV2_063 → PARV2_172 → PARV2_204 → PARV2_063,1.913,0.638,3_pares
PARV2_006,PARV2_122,PARV2_239,PARV2_006 → PARV2_122 → PARV2_239 → PARV2_006,1.912,0.637,3_pares
PARV2_127,PARV2_243,PARV2_171,PARV2_127 → PARV2_243 → PARV2_171 → PARV2_127,1.912,0.637,3_pares
PARV2_198,PARV2_239,PARV2_240,PARV2_198 → PARV2_239 → PARV2_240 → PARV2_198,1.912,0.637,3_pares
PARV2_098,PARV2_134,PARV2_110,PARV2_098 → PARV2_134 → PARV2_110 → PARV2_098,1.912,0.637,3_pares
PARV2_074,PARV2_235,PARV2_141,PARV2_074 → PARV2_235 → PARV2_141 → PARV2_074,1.912,0.637,3_pares
PARV2_051,PARV2_138,PARV2_221,PARV2_051 → PARV2_138 → PARV2_221 → PARV2_051,1.912,0.637,3_pares
PARV2_049,PARV2_193,PARV2_202,PARV2_049 → PARV2_193 → PARV2_202 → PARV2_049,1.912,0.637,3_pares
PARV2_072,PARV2_209,PARV2_074,PARV2_072 → PARV2_209 → PARV2_074 → PARV2_072,1.912,0.637,3_pares
PARV2_074,PARV2_174,PARV2_141,PARV2_074 → PARV2_174 → PARV2_141 → PARV2_074,1.912,0.637,3_pares
PARV2_127,PARV2_202,PARV2_244,PARV2_127 → PARV2_202 → PARV2_244 → PARV2_127,1.912,0.637,3_pares
PARV2_071,PARV2_193,PARV2_200,PARV2_071 → PARV2_193 → PARV2_200 → PARV2_071,1.912,0.637,3_pares
PARV2_139,PARV2_198,PARV2_239,PARV2_139 → PARV2_198 → PARV2_239 → PARV2_139,1.912,0.637,3_pares
PARV2_123,PARV2_193,PARV2_200,PARV2_123 → PARV2_193 → PARV2_200 → PARV2_123,1.912,0.637,3_pares
PARV2_006,PARV2_138,PARV2_174,PARV2_006 → PARV2_138 → PARV2_174 → PARV2_006,1.911,0.637,3_pares
PARV2_006,PARV2_138,PARV2_235,PARV2_006 → PARV2_138 → PARV2_235 → PARV2_006,1.911,0.637,3_pares
PARV2_036,PARV2_218,PARV2_074,PARV2_036 → PARV2_218 → PARV2_074 → PARV2_036,1.911,0.637,3_pares
PARV2_057,PARV2_134,PARV2_074,PARV2_057 → PARV2_134 → PARV2_074 → PARV2_057,1.911,0.637,3_pares
PARV2_022,PARV2_239,PARV2_202,PARV2_022 → PARV2_239 → PARV2_202 → PARV2_022,1.911,0.637,3_pares
PARV2_032,PARV2_107,PARV2_202,PARV2_032 → PARV2_107 → PARV2_202 → PARV2_032,1.911,0.637,3_pares
PARV2_014,PARV2_239,PARV2_244,PARV2_014 → PARV2_239 → PARV2_244 → PARV2_014,1.911,0.637,3_pares
PARV2_004,PARV2_074,PARV2_187,PARV2_004 → PARV2_074 → PARV2_187 → PARV2_004,1.911,0.637,3_pares
PARV2_166,PARV2_193,PARV2_202,PARV2_166 → PARV2_193 → PARV2_202 → PARV2_166,1.91,0.637,3_pares
PARV2_159,PARV2_221,PARV2_163,PARV2_159 → PARV2_221 → PARV2_163 → PARV2_159,1.91,0.637,3_pares
PARV2_072,PARV2_127,PARV2_202,PARV2_072 → PARV2_127 → PARV2_202 → PARV2_072,1.91,0.637,3_pares
PARV2_071,PARV2_218,PARV2_200,PARV2_071 → PARV2_218 → PARV2_200 → PARV2_071,1.91,0.637,3_pares
PARV2_070,PARV2_182,PARV2_111,PARV2_070 → PARV2_182 → PARV2_111 → PARV2_070,1.91,0.637,3_pares
PARV2_127,PARV2_200,PARV2_181,PARV2_127 → PARV2_200 → PARV2_181 → PARV2_127,1.91,0.637,3_pares
PARV2_065,PARV2_127,PARV2_202,PARV2_065 → PARV2_127 → PARV2_202 → PARV2_065,1.91,0.637,3_pares
PARV2_098,PARV2_200,PARV2_193,PARV2_098 → PARV2_200 → PARV2_193 → PARV2_098,1.91,0.637,3_pares
PARV2_121,PARV2_174,PARV2_200,PARV2_121 → PARV2_174 → PARV2_200 → PARV2_121,1.909,0.636,3_pares
PARV2_017,PARV2_138,PARV2_221,PARV2_017 → PARV2_138 → PARV2_221 → PARV2_017,1.909,0.636,3_pares
PARV2_174,PARV2_187,PARV2_239,PARV2_174 → PARV2_187 → PARV2_239 → PARV2_174,1.909,0.636,3_pares
PARV2_057,PARV2_141,PARV2_074,PARV2_057 → PARV2_141 → PARV2_074 → PARV2_057,1.909,0.636,3_pares
PARV2_070,PARV2_179,PARV2_174,PARV2_070 → PARV2_179 → PARV2_174 → PARV2_070,1.909,0.636,3_pares
PARV2_032,PARV2_148,PARV2_159,PARV2_032 → PARV2_148 → PARV2_159 → PARV2_032,1.909,0.636,3_pares
PARV2_187,PARV2_239,PARV2_202,PARV2_187 → PARV2_239 → PARV2_202 → PARV2_187,1.909,0.636,3_pares
PARV2_193,PARV2_218,PARV2_200,PARV2_193 → PARV2_218 → PARV2_200 → PARV2_193,1.908,0.636,3_pares
PARV2_057,PARV2_209,PARV2_074,PARV2_057 → PARV2_209 → PARV2_074 → PARV2_057,1.908,0.636,3_pares
PARV2_127,PARV2_200,PARV2_194,PARV2_127 → PARV2_200 → PARV2_194 → PARV2_127,1.908,0.636,3_pares
PARV2_148,PARV2_193,PARV2_239,PARV2_148 → PARV2_193 → PARV2_239 → PARV2_148,1.908,0.636,3_pares
PARV2_105,PARV2_202,PARV2_159,PARV2_105 → PARV2_202 → PARV2_159 → PARV2_105,1.908,0.636,3_pares
PARV2_108,PARV2_139,PARV2_239,PARV2_108 → PARV2_139 → PARV2_239 → PARV2_108,1.908,0.636,3_pares
PARV2_069,PARV2_171,PARV2_142,PARV2_069 → PARV2_171 → PARV2_142 → PARV2_069,1.908,0.636,3_pares
PARV2_051,PARV2_098,PARV2_171,PARV2_051 → PARV2_098 → PARV2_171 → PARV2_051,1.908,0.636,3_pares
PARV2_074,PARV2_174,PARV2_123,PARV2_074 → PARV2_174 → PARV2_123 → PARV2_074,1.908,0.636,3_pares
PARV2_218,PARV2_239,PARV2_235,PARV2_218 → PARV2_239 → PARV2_235 → PARV2_218,1.907,0.636,3_pares
PARV2_138,PARV2_235,PARV2_225,PARV2_138 → PARV2_235 → PARV2_225 → PARV2_138,1.907,0.636,3_pares
PARV2_108,PARV2_159,PARV2_188,PARV2_108 → PARV2_159 → PARV2_188 → PARV2_108,1.907,0.636,3_pares
PARV2_032,PARV2_051,PARV2_138,PARV2_032 → PARV2_051 → PARV2_138 → PARV2_032,1.907,0.636,3_pares
PARV2_127,PARV2_200,PARV2_221,PARV2_127 → PARV2_200 → PARV2_221 → PARV2_127,1.907,0.636,3_pares
PARV2_163,PARV2_198,PARV2_239,PARV2_163 → PARV2_198 → PARV2_239 → PARV2_163,1.907,0.636,3_pares
PARV2_057,PARV2_200,PARV2_074,PARV2_057 → PARV2_200 → PARV2_074 → PARV2_057,1.906,0.635,3_pares
PARV2_014,PARV2_138,PARV2_070,PARV2_014 → PARV2_138 → PARV2_070 → PARV2_014,1.906,0.635,3_pares
PARV2_006,PARV2_177,PARV2_202,PARV2_006 → PARV2_177 → PARV2_202 → PARV2_006,1.906,0.635,3_pares
PARV2_032,PARV2_072,PARV2_159,PARV2_032 → PARV2_072 → PARV2_159 → PARV2_032,1.906,0.635,3_pares
PARV2_108,PARV2_122,PARV2_239,PARV2_108 → PARV2_122 → PARV2_239 → PARV2_108,1.906,0.635,3_pares
PARV2_127,PARV2_202,PARV2_181,PARV2_127 → PARV2_202 → PARV2_181 → PARV2_127,1.905,0.635,3_pares
PARV2_098,PARV2_110,PARV2_239,PARV2_098 → PARV2_110 → PARV2_239 → PARV2_098,1.905,0.635,3_pares
PARV2_108,PARV2_212,PARV2_202,PARV2_108 → PARV2_212 → PARV2_202 → PARV2_108,1.905,0.635,3_pares
PARV2_102,PARV2_127,PARV2_200,PARV2_102 → PARV2_127 → PARV2_200 → PARV2_102,1.904,0.635,3_pares
PARV2_105,PARV2_193,PARV2_216,PARV2_105 → PARV2_193 → PARV2_216 → PARV2_105,1.904,0.635,3_pares
PARV2_032,PARV2_171,PARV2_218,PARV2_032 → PARV2_171 → PARV2_218 → PARV2_032,1.904,0.635,3_pares
PARV2_072,PARV2_212,PARV2_074,PARV2_072 → PARV2_212 → PARV2_074 → PARV2_072,1.904,0.635,3_pares
PARV2_060,PARV2_071,PARV2_204,PARV2_060 → PARV2_071 → PARV2_204 → PARV2_060,1.904,0.635,3_pares
PARV2_159,PARV2_179,PARV2_174,PARV2_159 → PARV2_179 → PARV2_174 → PARV2_159,1.904,0.635,3_pares
PARV2_098,PARV2_243,PARV2_172,PARV2_098 → PARV2_243 → PARV2_172 → PARV2_098,1.904,0.635,3_pares
PARV2_021,PARV2_218,PARV2_200,PARV2_021 → PARV2_218 → PARV2_200 → PARV2_021,1.904,0.635,3_pares
PARV2_159,PARV2_188,PARV2_239,PARV2_159 → PARV2_188 → PARV2_239 → PARV2_159,1.903,0.634,3_pares
PARV2_032,PARV2_246,PARV2_159,PARV2_032 → PARV2_246 → PARV2_159 → PARV2_032,1.903,0.634,3_pares
PARV2_074,PARV2_102,PARV2_218,PARV2_074 → PARV2_102 → PARV2_218 → PARV2_074,1.903,0.634,3_pares
PARV2_129,PARV2_216,PARV2_146,PARV2_129 → PARV2_216 → PARV2_146 → PARV2_129,1.903,0.634,3_pares
PARV2_063,PARV2_193,PARV2_216,PARV2_063 → PARV2_193 → PARV2_216 → PARV2_063,1.903,0.634,3_pares
PARV2_171,PARV2_193,PARV2_203,PARV2_171 → PARV2_193 → PARV2_203 → PARV2_171,1.903,0.634,3_pares
PARV2_121,PARV2_239,PARV2_202,PARV2_121 → PARV2_239 → PARV2_202 → PARV2_121,1.902,0.634,3_pares
PARV2_006,PARV2_246,PARV2_069,PARV2_006 → PARV2_246 → PARV2_069 → PARV2_006,1.902,0.634,3_pares
PARV2_105,PARV2_202,PARV2_239,PARV2_105 → PARV2_202 → PARV2_239 → PARV2_105,1.902,0.634,3_pares
PARV2_017,PARV2_138,PARV2_174,PARV2_017 → PARV2_138 → PARV2_174 → PARV2_017,1.901,0.634,3_pares
PARV2_171,PARV2_193,PARV2_202,PARV2_171 → PARV2_193 → PARV2_202 → PARV2_171,1.901,0.634,3_pares
PARV2_032,PARV2_172,PARV2_159,PARV2_032 → PARV2_172 → PARV2_159 → PARV2_032,1.901,0.634,3_pares
PARV2_065,PARV2_179,PARV2_174,PARV2_065 → PARV2_179 → PARV2_174 → PARV2_065,1.901,0.634,3_pares
PARV2_060,PARV2_171,PARV2_204,PARV2_060 → PARV2_171 → PARV2_204 → PARV2_060,1.901,0.634,3_pares
PARV2_138,PARV2_235,PARV2_203,PARV2_138 → PARV2_235 → PARV2_203 → PARV2_138,1.901,0.634,3_pares
PARV2_127,PARV2_193,PARV2_179,PARV2_127 → PARV2_193 → PARV2_179 → PARV2_127,1.901,0.634,3_pares
PARV2_006,PARV2_138,PARV2_017,PARV2_006 → PARV2_138 → PARV2_017 → PARV2_006,1.901,0.634,3_pares
PARV2_068,PARV2_125,PARV2_138,PARV2_068 → PARV2_125 → PARV2_138 → PARV2_068,1.901,0.634,3_pares
PARV2_074,PARV2_159,PARV2_163,PARV2_074 → PARV2_159 → PARV2_163 → PARV2_074,1.9,0.633,3_pares
PARV2_074,PARV2_202,PARV2_200,PARV2_074 → PARV2_202 → PARV2_200 → PARV2_074,1.9,0.633,3_pares
PARV2_193,PARV2_216,PARV2_244,PARV2_193 → PARV2_216 → PARV2_244 → PARV2_193,1.9,0.633,3_pares
PARV2_193,PARV2_202,PARV2_244,PARV2_193 → PARV2_202 → PARV2_244 → PARV2_193,1.9,0.633,3_pares
PARV2_079,PARV2_129,PARV2_216,PARV2_079 → PARV2_129 → PARV2_216 → PARV2_079,1.9,0.633,3_pares
PARV2_063,PARV2_107,PARV2_202,PARV2_063 → PARV2_107 → PARV2_202 → PARV2_063,1.9,0.633,3_pares
PARV2_154,PARV2_163,PARV2_159,PARV2_154 → PARV2_163 → PARV2_159 → PARV2_154,1.9,0.633,3_pares
PARV2_177,PARV2_202,PARV2_200,PARV2_177 → PARV2_202 → PARV2_200 → PARV2_177,1.9,0.633,3_pares
PARV2_127,PARV2_198,PARV2_138,PARV2_127 → PARV2_198 → PARV2_138 → PARV2_127,1.9,0.633,3_pares
PARV2_006,PARV2_221,PARV2_017,PARV2_006 → PARV2_221 → PARV2_017 → PARV2_006,1.9,0.633,3_pares
PARV2_057,PARV2_071,PARV2_074,PARV2_057 → PARV2_071 → PARV2_074 → PARV2_057,1.9,0.633,3_pares
PARV2_127,PARV2_193,PARV2_200,PARV2_127 → PARV2_193 → PARV2_200 → PARV2_127,1.899,0.633,3_pares
PARV2_138,PARV2_210,PARV2_146,PARV2_138 → PARV2_210 → PARV2_146 → PARV2_138,1.899,0.633,3_pares
PARV2_006,PARV2_105,PARV2_202,PARV2_006 → PARV2_105 → PARV2_202 → PARV2_006,1.898,0.633,3_pares
PARV2_098,PARV2_171,PARV2_193,PARV2_098 → PARV2_171 → PARV2_193 → PARV2_098,1.898,0.633,3_pares
PARV2_098,PARV2_134,PARV2_136,PARV2_098 → PARV2_134 → PARV2_136 → PARV2_098,1.898,0.633,3_pares
PARV2_032,PARV2_072,PARV2_054,PARV2_032 → PARV2_072 → PARV2_054 → PARV2_032,1.898,0.633,3_pares
PARV2_021,PARV2_074,PARV2_174,PARV2_021 → PARV2_074 → PARV2_174 → PARV2_021,1.897,0.632,3_pares
PARV2_121,PARV2_193,PARV2_200,PARV2_121 → PARV2_193 → PARV2_200 → PARV2_121,1.897,0.632,3_pares
PARV2_021,PARV2_074,PARV2_235,PARV2_021 → PARV2_074 → PARV2_235 → PARV2_021,1.897,0.632,3_pares
PARV2_142,PARV2_193,PARV2_216,PARV2_142 → PARV2_193 → PARV2_216 → PARV2_142,1.897,0.632,3_pares
PARV2_141,PARV2_171,PARV2_218,PARV2_141 → PARV2_171 → PARV2_218 → PARV2_141,1.897,0.632,3_pares
PARV2_072,PARV2_142,PARV2_074,PARV2_072 → PARV2_142 → PARV2_074 → PARV2_072,1.897,0.632,3_pares
PARV2_057,PARV2_070,PARV2_074,PARV2_057 → PARV2_070 → PARV2_074 → PARV2_057,1.897,0.632,3_pares
PARV2_193,PARV2_239,PARV2_244,PARV2_193 → PARV2_239 → PARV2_244 → PARV2_193,1.897,0.632,3_pares
PARV2_121,PARV2_193,PARV2_216,PARV2_121 → PARV2_193 → PARV2_216 → PARV2_121,1.897,0.632,3_pares
PARV2_174,PARV2_181,PARV2_239,PARV2_174 → PARV2_181 → PARV2_239 → PARV2_174,1.897,0.632,3_pares
PARV2_193,PARV2_218,PARV2_244,PARV2_193 → PARV2_218 → PARV2_244 → PARV2_193,1.896,0.632,3_pares
PARV2_077,PARV2_239,PARV2_159,PARV2_077 → PARV2_239 → PARV2_159 → PARV2_077,1.896,0.632,3_pares
PARV2_006,PARV2_129,PARV2_216,PARV2_006 → PARV2_129 → PARV2_216 → PARV2_006,1.896,0.632,3_pares
PARV2_057,PARV2_239,PARV2_074,PARV2_057 → PARV2_239 → PARV2_074 → PARV2_057,1.896,0.632,3_pares
PARV2_074,PARV2_102,PARV2_134,PARV2_074 → PARV2_102 → PARV2_134 → PARV2_074,1.896,0.632,3_pares
PARV2_171,PARV2_193,PARV2_216,PARV2_171 → PARV2_193 → PARV2_216 → PARV2_171,1.896,0.632,3_pares
PARV2_090,PARV2_202,PARV2_200,PARV2_090 → PARV2_202 → PARV2_200 → PARV2_090,1.896,0.632,3_pares
PARV2_102,PARV2_146,PARV2_138,PARV2_102 → PARV2_146 → PARV2_138 → PARV2_102,1.895,0.632,3_pares
PARV2_098,PARV2_200,PARV2_123,PARV2_098 → PARV2_200 → PARV2_123 → PARV2_098,1.895,0.632,3_pares
PARV2_072,PARV2_136,PARV2_074,PARV2_072 → PARV2_136 → PARV2_074 → PARV2_072,1.895,0.632,3_pares
PARV2_041,PARV2_239,PARV2_174,PARV2_041 → PARV2_239 → PARV2_174 → PARV2_041,1.895,0.632,3_pares
PARV2_079,PARV2_239,PARV2_174,PARV2_079 → PARV2_239 → PARV2_174 → PARV2_079,1.894,0.631,3_pares
PARV2_054,PARV2_146,PARV2_065,PARV2_054 → PARV2_146 → PARV2_065 → PARV2_054,1.894,0.631,3_pares
PARV2_102,PARV2_218,PARV2_108,PARV2_102 → PARV2_218 → PARV2_108 → PARV2_102,1.894,0.631,3_pares
PARV2_065,PARV2_239,PARV2_174,PARV2_065 → PARV2_239 → PARV2_174 → PARV2_065,1.893,0.631,3_pares
PARV2_171,PARV2_193,PARV2_179,PARV2_171 → PARV2_193 → PARV2_179 → PARV2_171,1.893,0.631,3_pares
PARV2_127,PARV2_202,PARV2_240,PARV2_127 → PARV2_202 → PARV2_240 → PARV2_127,1.891,0.63,3_pares
PARV2_074,PARV2_179,PARV2_142,PARV2_074 → PARV2_179 → PARV2_142 → PARV2_074,1.891,0.63,3_pares
PARV2_159,PARV2_210,PARV2_163,PARV2_159 → PARV2_210 → PARV2_163 → PARV2_159,1.891,0.63,3_pares
PARV2_193,PARV2_202,PARV2_194,PARV2_193 → PARV2_202 → PARV2_194 → PARV2_193,1.891,0.63,3_pares
PARV2_134,PARV2_142,PARV2_159,PARV2_134 → PARV2_142 → PARV2_159 → PARV2_134,1.89,0.63,3_pares
PARV2_098,PARV2_243,PARV2_239,PARV2_098 → PARV2_243 → PARV2_239 → PARV2_098,1.89,0.63,3_pares
PARV2_141,PARV2_179,PARV2_174,PARV2_141 → PARV2_179 → PARV2_174 → PARV2_141,1.89,0.63,3_pares
PARV2_159,PARV2_207,PARV2_163,PARV2_159 → PARV2_207 → PARV2_163 → PARV2_159,1.889,0.63,3_pares
PARV2_164,PARV2_193,PARV2_239,PARV2_164 → PARV2_193 → PARV2_239 → PARV2_164,1.889,0.63,3_pares
PARV2_063,PARV2_193,PARV2_202,PARV2_063 → PARV2_193 → PARV2_202 → PARV2_063,1.889,0.63,3_pares
PARV2_032,PARV2_142,PARV2_159,PARV2_032 → PARV2_142 → PARV2_159 → PARV2_032,1.888,0.629,3_pares
PARV2_014,PARV2_239,PARV2_098,PARV2_014 → PARV2_239 → PARV2_098 → PARV2_014,1.888,0.629,3_pares
PARV2_074,PARV2_202,PARV2_198,PARV2_074 → PARV2_202 → PARV2_198 → PARV2_074,1.888,0.629,3_pares
PARV2_127,PARV2_200,PARV2_177,PARV2_127 → PARV2_200 → PARV2_177 → PARV2_127,1.888,0.629,3_pares
PARV2_063,PARV2_239,PARV2_202,PARV2_063 → PARV2_239 → PARV2_202 → PARV2_063,1.888,0.629,3_pares
PARV2_138,PARV2_200,PARV2_146,PARV2_138 → PARV2_200 → PARV2_146 → PARV2_138,1.888,0.629,3_pares
PARV2_164,PARV2_193,PARV2_218,PARV2_164 → PARV2_193 → PARV2_218 → PARV2_164,1.887,0.629,3_pares
PARV2_105,PARV2_238,PARV2_108,PARV2_105 → PARV2_238 → PARV2_108 → PARV2_105,1.887,0.629,3_pares
PARV2_108,PARV2_122,PARV2_238,PARV2_108 → PARV2_122 → PARV2_238 → PARV2_108,1.887,0.629,3_pares
PARV2_022,PARV2_074,PARV2_072,PARV2_022 → PARV2_074 → PARV2_072 → PARV2_022,1.886,0.629,3_pares
PARV2_072,PARV2_129,PARV2_216,PARV2_072 → PARV2_129 → PARV2_216 → PARV2_072,1.886,0.629,3_pares
PARV2_146,PARV2_172,PARV2_159,PARV2_146 → PARV2_172 → PARV2_159 → PARV2_146,1.885,0.628,3_pares
PARV2_139,PARV2_239,PARV2_174,PARV2_139 → PARV2_239 → PARV2_174 → PARV2_139,1.885,0.628,3_pares
PARV2_032,PARV2_204,PARV2_060,PARV2_032 → PARV2_204 → PARV2_060 → PARV2_032,1.885,0.628,3_pares
PARV2_054,PARV2_159,PARV2_221,PARV2_054 → PARV2_159 → PARV2_221 → PARV2_054,1.884,0.628,3_pares
PARV2_105,PARV2_174,PARV2_159,PARV2_105 → PARV2_174 → PARV2_159 → PARV2_105,1.883,0.628,3_pares
PARV2_143,PARV2_171,PARV2_218,PARV2_143 → PARV2_171 → PARV2_218 → PARV2_143,1.883,0.628,3_pares
PARV2_135,PARV2_138,PARV2_174,PARV2_135 → PARV2_138 → PARV2_174 → PARV2_135,1.883,0.628,3_pares
PARV2_057,PARV2_221,PARV2_074,PARV2_057 → PARV2_221 → PARV2_074 → PARV2_057,1.883,0.628,3_pares
PARV2_072,PARV2_135,PARV2_074,PARV2_072 → PARV2_135 → PARV2_074 → PARV2_072,1.883,0.628,3_pares
PARV2_014,PARV2_138,PARV2_174,PARV2_014 → PARV2_138 → PARV2_174 → PARV2_014,1.882,0.627,3_pares
PARV2_022,PARV2_074,PARV2_202,PARV2_022 → PARV2_074 → PARV2_202 → PARV2_022,1.882,0.627,3_pares
PARV2_006,PARV2_193,PARV2_202,PARV2_006 → PARV2_193 → PARV2_202 → PARV2_006,1.882,0.627,3_pares
PARV2_006,PARV2_193,PARV2_216,PARV2_006 → PARV2_193 → PARV2_216 → PARV2_006,1.882,0.627,3_pares
PARV2_028,PARV2_127,PARV2_202,PARV2_028 → PARV2_127 → PARV2_202 → PARV2_028,1.881,0.627,3_pares
PARV2_004,PARV2_074,PARV2_202,PARV2_004 → PARV2_074 → PARV2_202 → PARV2_004,1.881,0.627,3_pares
PARV2_127,PARV2_202,PARV2_171,PARV2_127 → PARV2_202 → PARV2_171 → PARV2_127,1.881,0.627,3_pares
PARV2_021,PARV2_218,PARV2_216,PARV2_021 → PARV2_218 → PARV2_216 → PARV2_021,1.881,0.627,3_pares
PARV2_102,PARV2_202,PARV2_200,PARV2_102 → PARV2_202 → PARV2_200 → PARV2_102,1.881,0.627,3_pares
PARV2_072,PARV2_221,PARV2_074,PARV2_072 → PARV2_221 → PARV2_074 → PARV2_072,1.88,0.627,3_pares
PARV2_098,PARV2_200,PARV2_221,PARV2_098 → PARV2_200 → PARV2_221 → PARV2_098,1.88,0.627,3_pares
PARV2_098,PARV2_171,PARV2_110,PARV2_098 → PARV2_171 → PARV2_110 → PARV2_098,1.88,0.627,3_pares
PARV2_063,PARV2_074,PARV2_202,PARV2_063 → PARV2_074 → PARV2_202 → PARV2_063,1.878,0.626,3_pares
PARV2_021,PARV2_054,PARV2_063,PARV2_021 → PARV2_054 → PARV2_063 → PARV2_021,1.878,0.626,3_pares
PARV2_123,PARV2_179,PARV2_174,PARV2_123 → PARV2_179 → PARV2_174 → PARV2_123,1.878,0.626,3_pares
PARV2_159,PARV2_238,PARV2_172,PARV2_159 → PARV2_238 → PARV2_172 → PARV2_159,1.877,0.626,3_pares
PARV2_074,PARV2_202,PARV2_221,PARV2_074 → PARV2_202 → PARV2_221 → PARV2_074,1.877,0.626,3_pares
PARV2_102,PARV2_218,PARV2_200,PARV2_102 → PARV2_218 → PARV2_200 → PARV2_102,1.876,0.625,3_pares
PARV2_193,PARV2_202,PARV2_200,PARV2_193 → PARV2_202 → PARV2_200 → PARV2_193,1.876,0.625,3_pares
PARV2_028,PARV2_142,PARV2_074,PARV2_028 → PARV2_142 → PARV2_074 → PARV2_028,1.875,0.625,3_pares
PARV2_108,PARV2_127,PARV2_202,PARV2_108 → PARV2_127 → PARV2_202 → PARV2_108,1.875,0.625,3_pares
PARV2_107,PARV2_239,PARV2_174,PARV2_107 → PARV2_239 → PARV2_174 → PARV2_107,1.875,0.625,3_pares
PARV2_148,PARV2_193,PARV2_216,PARV2_148 → PARV2_193 → PARV2_216 → PARV2_148,1.874,0.625,3_pares
PARV2_174,PARV2_177,PARV2_239,PARV2_174 → PARV2_177 → PARV2_239 → PARV2_174,1.874,0.625,3_pares
PARV2_105,PARV2_163,PARV2_159,PARV2_105 → PARV2_163 → PARV2_159 → PARV2_105,1.874,0.625,3_pares
PARV2_057,PARV2_077,PARV2_074,PARV2_057 → PARV2_077 → PARV2_074 → PARV2_057,1.874,0.625,3_pares
PARV2_021,PARV2_218,PARV2_174,PARV2_021 → PARV2_218 → PARV2_174 → PARV2_021,1.873,0.624,3_pares
PARV2_102,PARV2_243,PARV2_108,PARV2_102 → PARV2_243 → PARV2_108 → PARV2_102,1.873,0.624,3_pares
PARV2_072,PARV2_212,PARV2_202,PARV2_072 → PARV2_212 → PARV2_202 → PARV2_072,1.872,0.624,3_pares
PARV2_142,PARV2_193,PARV2_179,PARV2_142 → PARV2_193 → PARV2_179 → PARV2_142,1.872,0.624,3_pares
PARV2_122,PARV2_239,PARV2_202,PARV2_122 → PARV2_239 → PARV2_202 → PARV2_122,1.872,0.624,3_pares
PARV2_028,PARV2_202,PARV2_032,PARV2_028 → PARV2_202 → PARV2_032 → PARV2_028,1.871,0.624,3_pares
PARV2_110,PARV2_239,PARV2_202,PARV2_110 → PARV2_239 → PARV2_202 → PARV2_110,1.871,0.624,3_pares
PARV2_142,PARV2_159,PARV2_154,PARV2_142 → PARV2_159 → PARV2_154 → PARV2_142,1.871,0.624,3_pares
PARV2_142,PARV2_146,PARV2_172,PARV2_142 → PARV2_146 → PARV2_172 → PARV2_142,1.87,0.623,3_pares
PARV2_017,PARV2_239,PARV2_174,PARV2_017 → PARV2_239 → PARV2_174 → PARV2_017,1.87,0.623,3_pares
PARV2_102,PARV2_238,PARV2_108,PARV2_102 → PARV2_238 → PARV2_108 → PARV2_102,1.869,0.623,3_pares
PARV2_148,PARV2_193,PARV2_202,PARV2_148 → PARV2_193 → PARV2_202 → PARV2_148,1.869,0.623,3_pares
PARV2_022,PARV2_138,PARV2_202,PARV2_022 → PARV2_138 → PARV2_202 → PARV2_022,1.869,0.623,3_pares
PARV2_057,PARV2_225,PARV2_074,PARV2_057 → PARV2_225 → PARV2_074 → PARV2_057,1.868,0.623,3_pares
PARV2_032,PARV2_125,PARV2_054,PARV2_032 → PARV2_125 → PARV2_054 → PARV2_032,1.868,0.623,3_pares
PARV2_142,PARV2_159,PARV2_163,PARV2_142 → PARV2_159 → PARV2_163 → PARV2_142,1.868,0.623,3_pares
PARV2_122,PARV2_239,PARV2_174,PARV2_122 → PARV2_239 → PARV2_174 → PARV2_122,1.868,0.623,3_pares
PARV2_127,PARV2_202,PARV2_194,PARV2_127 → PARV2_202 → PARV2_194 → PARV2_127,1.866,0.622,3_pares
PARV2_127,PARV2_202,PARV2_221,PARV2_127 → PARV2_202 → PARV2_221 → PARV2_127,1.866,0.622,3_pares
PARV2_174,PARV2_194,PARV2_179,PARV2_174 → PARV2_194 → PARV2_179 → PARV2_174,1.866,0.622,3_pares
PARV2_171,PARV2_218,PARV2_203,PARV2_171 → PARV2_218 → PARV2_203 → PARV2_171,1.866,0.622,3_pares
PARV2_072,PARV2_171,PARV2_218,PARV2_072 → PARV2_171 → PARV2_218 → PARV2_072,1.866,0.622,3_pares
PARV2_079,PARV2_239,PARV2_172,PARV2_079 → PARV2_239 → PARV2_172 → PARV2_079,1.866,0.622,3_pares
PARV2_063,PARV2_212,PARV2_202,PARV2_063 → PARV2_212 → PARV2_202 → PARV2_063,1.865,0.622,3_pares
PARV2_198,PARV2_239,PARV2_202,PARV2_198 → PARV2_239 → PARV2_202 → PARV2_198,1.863,0.621,3_pares
PARV2_164,PARV2_198,PARV2_239,PARV2_164 → PARV2_198 → PARV2_239 → PARV2_164,1.862,0.621,3_pares
PARV2_006,PARV2_138,PARV2_202,PARV2_006 → PARV2_138 → PARV2_202 → PARV2_006,1.862,0.621,3_pares
PARV2_028,PARV2_193,PARV2_202,PARV2_028 → PARV2_193 → PARV2_202 → PARV2_028,1.862,0.621,3_pares
PARV2_060,PARV2_172,PARV2_204,PARV2_060 → PARV2_172 → PARV2_204 → PARV2_060,1.861,0.62,3_pares
PARV2_102,PARV2_202,PARV2_108,PARV2_102 → PARV2_202 → PARV2_108 → PARV2_102,1.861,0.62,3_pares
PARV2_057,PARV2_163,PARV2_074,PARV2_057 → PARV2_163 → PARV2_074 → PARV2_057,1.86,0.62,3_pares
PARV2_142,PARV2_159,PARV2_207,PARV2_142 → PARV2_159 → PARV2_207 → PARV2_142,1.86,0.62,3_pares
PARV2_127,PARV2_170,PARV2_138,PARV2_127 → PARV2_170 → PARV2_138 → PARV2_127,1.859,0.62,3_pares
PARV2_171,PARV2_218,PARV2_216,PARV2_171 → PARV2_218 → PARV2_216 → PARV2_171,1.858,0.619,3_pares
PARV2_072,PARV2_125,PARV2_235,PARV2_072 → PARV2_125 → PARV2_235 → PARV2_072,1.858,0.619,3_pares
PARV2_017,PARV2_138,PARV2_200,PARV2_017 → PARV2_138 → PARV2_200 → PARV2_017,1.858,0.619,3_pares
PARV2_006,PARV2_212,PARV2_202,PARV2_006 → PARV2_212 → PARV2_202 → PARV2_006,1.857,0.619,3_pares
PARV2_032,PARV2_125,PARV2_235,PARV2_032 → PARV2_125 → PARV2_235 → PARV2_032,1.856,0.619,3_pares
PARV2_108,PARV2_193,PARV2_202,PARV2_108 → PARV2_193 → PARV2_202 → PARV2_108,1.856,0.619,3_pares
PARV2_063,PARV2_129,PARV2_216,PARV2_063 → PARV2_129 → PARV2_216 → PARV2_063,1.856,0.619,3_pares
PARV2_193,PARV2_202,PARV2_240,PARV2_193 → PARV2_202 → PARV2_240 → PARV2_193,1.855,0.618,3_pares
PARV2_171,PARV2_218,PARV2_179,PARV2_171 → PARV2_218 → PARV2_179 → PARV2_171,1.855,0.618,3_pares
PARV2_071,PARV2_127,PARV2_200,PARV2_071 → PARV2_127 → PARV2_200 → PARV2_071,1.855,0.618,3_pares
PARV2_138,PARV2_202,PARV2_187,PARV2_138 → PARV2_202 → PARV2_187 → PARV2_138,1.854,0.618,3_pares
PARV2_148,PARV2_159,PARV2_154,PARV2_148 → PARV2_159 → PARV2_154 → PARV2_148,1.854,0.618,3_pares
PARV2_193,PARV2_202,PARV2_221,PARV2_193 → PARV2_202 → PARV2_221 → PARV2_193,1.853,0.618,3_pares
PARV2_127,PARV2_202,PARV2_200,PARV2_127 → PARV2_202 → PARV2_200 → PARV2_127,1.851,0.617,3_pares
PARV2_014,PARV2_239,PARV2_174,PARV2_014 → PARV2_239 → PARV2_174 → PARV2_014,1.851,0.617,3_pares
PARV2_098,PARV2_171,PARV2_182,PARV2_098 → PARV2_171 → PARV2_182 → PARV2_098,1.849,0.616,3_pares
PARV2_105,PARV2_202,PARV2_108,PARV2_105 → PARV2_202 → PARV2_108 → PARV2_105,1.848,0.616,3_pares
PARV2_004,PARV2_074,PARV2_072,PARV2_004 → PARV2_074 → PARV2_072 → PARV2_004,1.848,0.616,3_pares
PARV2_170,PARV2_239,PARV2_172,PARV2_170 → PARV2_239 → PARV2_172 → PARV2_170,1.846,0.615,3_pares
PARV2_138,PARV2_202,PARV2_198,PARV2_138 → PARV2_202 → PARV2_198 → PARV2_138,1.845,0.615,3_pares
PARV2_110,PARV2_239,PARV2_172,PARV2_110 → PARV2_239 → PARV2_172 → PARV2_110,1.841,0.614,3_pares
PARV2_072,PARV2_163,PARV2_074,PARV2_072 → PARV2_163 → PARV2_074 → PARV2_072,1.841,0.614,3_pares
PARV2_004,PARV2_074,PARV2_057,PARV2_004 → PARV2_074 → PARV2_057 → PARV2_004,1.839,0.613,3_pares
PARV2_172,PARV2_198,PARV2_239,PARV2_172 → PARV2_198 → PARV2_239 → PARV2_172,1.832,0.611,3_pares
PARV2_121,PARV2_193,PARV2_202,PARV2_121 → PARV2_193 → PARV2_202 → PARV2_121,1.829,0.61,3_pares
PARV2_032,PARV2_127,PARV2_202,PARV2_032 → PARV2_127 → PARV2_202 → PARV2_032,1.824,0.608,3_pares
